Timestamp,Session_Name,Position,LEFT_EYE_X,LEFT_EYE_Y,LEFT_EYE_Z,LEFT_EYE_Visibility,RIGHT_EYE_X,RIGHT_EYE_Y,RIGHT_EYE_Z,RIGHT_EYE_Visibility,LEFT_EAR_X,LEFT_EAR_Y,LEFT_EAR_Z,LEFT_EAR_Visibility,RIGHT_EAR_X,RIGHT_EAR_Y,RIGHT_EAR_Z,RIGHT_EAR_Visibility,LEFT_SHOULDER_X,LEFT_SHOULDER_Y,LEFT_SHOULDER_Z,LEFT_SHOULDER_Visibility,RIGHT_SHOULDER_X,RIGHT_SHOULDER_Y,RIGHT_SHOULDER_Z,RIGHT_SHOULDER_Visibility,LEFT_HIP_X,LEFT_HIP_Y,LEFT_HIP_Z,LEFT_HIP_Visibility,RIGHT_HIP_X,RIGHT_HIP_Y,RIGHT_HIP_Z,RIGHT_HIP_Visibility
2026-08-21 22:28:32,Night_001,Right Side,0.539186,0.443666,0.035079,0.996347,0.513007,0.43769,0.030108,0.99538,0.548663,0.450644,0.149675,0.996658,0.500018,0.441196,0.13033,0.995481,0.57488,0.516627,0.15744,0.998178,0.454097,0.499323,0.158479,0.992746,0.519505,0.655896,-0.010052,0.995237,0.444983,0.648642,0.00997,0.991513
2026-08-21 22:28:36,Night_001,No Person Detected,,,,,,,,,,,,,,,,,,,,,,,,,,,,,,,,
2026-08-21 22:28:36,Night_001,Right Side,0.528614,0.434647,0.218029,0.999842,0.505768,0.43825,0.211326,0.999787,0.540056,0.444233,0.354381,0.999861,0.494571,0.456875,0.324926,0.99981,0.576663,0.512956,0.344322,0.999897,0.464463,0.525698,0.280107,0.998877,0.573012,0.70887,0.04903,0.998778,0.491917,0.7019,-0.049433,0.99674
2026-08-21 22:28:36,Night_001,No Person Detected,,,,,,,,,,,,,,,,,,,,,,,,,,,,,,,,
2026-08-21 22:28:38,Night_001,Right Side,0.515598,0.439796,0.165339,0.999654,0.495278,0.440757,0.167019,0.999557,0.529266,0.449909,0.266726,0.999697,0.49053,0.456062,0.276992,0.999662,0.564347,0.50074,0.245763,0.999826,0.469247,0.512699,0.263273,0.998329,0.541004,0.647981,-0.01114,0.998521,0.479555,0.647771,0.011128,0.996246
2026-08-21 22:28:39,Night_001,No Person Detected,,,,,,,,,,,,,,,,,,,,,,,,,,,,,,,,
2026-08-21 22:28:39,Night_001,Right Side,0.512849,0.437829,0.21731,0.999348,0.493633,0.440238,0.221323,0.999163,0.529891,0.447569,0.30936,0.999527,0.49174,0.456069,0.329446,0.999388,0.568037,0.498122,0.260932,0.999841,0.472437,0.520002,0.323346,0.997628,0.557207,0.645141,-0.033222,0.999046,0.488556,0.637459,0.033039,0.998013
2026-08-21 22:28:40,Night_001,No Person Detected,,,,,,,,,,,,,,,,,,,,,,,,,,,,,,,,
2026-08-21 22:28:41,Night_001,Right Side,0.514158,0.437423,0.180774,0.999476,0.491875,0.444167,0.188182,0.999308,0.532097,0.440897,0.271949,0.99963,0.489447,0.453245,0.309779,0.999493,0.574052,0.493529,0.235645,0.999881,0.470279,0.524798,0.315092,0.998,0.559709,0.648982,-0.039493,0.999277,0.500072,0.655582,0.03948,0.998483
2026-08-21 22:28:45,Night_001,No Person Detected,,,,,,,,,,,,,,,,,,,,,,,,,,,,,,,,
2026-08-21 22:28:45,Night_001,Right Side,0.50876,0.438893,0.223047,0.999747,0.486237,0.441664,0.234151,0.99942,0.52348,0.442541,0.313901,0.999842,0.481342,0.448348,0.370998,0.999653,0.562934,0.497599,0.257071,0.999965,0.450189,0.510813,0.373907,0.995946,0.48731,0.638741,-0.078322,0.998232,0.43501,0.644849,0.078447,0.996573
2026-08-21 22:28:45,Night_001,No Person Detected,,,,,,,,,,,,,,,,,,,,,,,,,,,,,,,,
2026-08-21 22:28:48,Night_001,Right Side,0.510151,0.449787,0.188624,0.999707,0.489612,0.455132,0.196078,0.999415,0.526477,0.45478,0.276193,0.999791,0.486337,0.468416,0.312457,0.999638,0.566995,0.507364,0.221681,0.999944,0.467539,0.535191,0.313164,0.995799,0.551833,0.649363,-0.042385,0.998268,0.490815,0.654745,0.04218,0.996612
2026-08-21 22:28:49,Night_001,No Person Detected,,,,,,,,,,,,,,,,,,,,,,,,,,,,,,,,
2026-08-21 22:28:49,Night_001,Right Side,0.531661,0.448443,0.119165,0.999672,0.506307,0.446472,0.124169,0.999434,0.544171,0.459664,0.229436,0.999775,0.498683,0.4565,0.253635,0.999636,0.570025,0.523794,0.190277,0.99991,0.4666,0.518891,0.288133,0.995349,0.520881,0.643268,-0.066197,0.998615,0.45881,0.641314,0.06619,0.997336
2026-08-21 22:28:50,Night_001,No Person Detected,,,,,,,,,,,,,,,,,,,,,,,,,,,,,,,,
2026-08-21 22:28:50,Night_001,Right Side,0.529843,0.454557,0.163376,0.999005,0.515334,0.444311,0.172819,0.997062,0.53457,0.460632,0.216483,0.999293,0.507904,0.446306,0.265632,0.998769,0.540879,0.511061,0.203296,0.999907,0.470464,0.479672,0.251328,0.994262,0.426935,0.587734,-0.007738,0.998759,0.399159,0.56704,0.007743,0.997523
2026-08-21 22:28:50,Night_001,No Person Detected,,,,,,,,,,,,,,,,,,,,,,,,,,,,,,,,
2026-08-21 22:28:50,Night_001,Right Side,0.530251,0.456105,0.177012,0.99903,0.510443,0.450655,0.19163,0.997198,0.542009,0.461015,0.257239,0.999309,0.502791,0.451945,0.329998,0.998808,0.571006,0.526962,0.218519,0.999897,0.461935,0.510503,0.335568,0.993068,0.478282,0.655999,-0.067455,0.998829,0.423056,0.632558,0.067577,0.99762
2026-08-21 22:28:53,Night_001,No Person Detected,,,,,,,,,,,,,,,,,,,,,,,,,,,,,,,,
2026-08-21 22:28:56,Night_001,Right Side,0.504748,0.463726,-0.092054,0.99734,0.50044,0.453688,-0.110127,0.996317,0.501841,0.458539,-0.014038,0.997535,0.486388,0.43167,-0.096294,0.996925,0.464209,0.48324,0.043555,0.999737,0.451316,0.436531,-0.12773,0.994267,0.345762,0.51259,0.034537,0.999622,0.336495,0.474657,-0.034617,0.998875
2026-08-21 22:28:56,Night_001,No Person Detected,,,,,,,,,,,,,,,,,,,,,,,,,,,,,,,,
2026-08-21 22:28:58,Night_001,Right Side,0.498543,0.454241,-0.033982,0.997056,0.493306,0.444345,-0.026565,0.995853,0.500729,0.460659,0.001573,0.997453,0.49176,0.442725,0.03532,0.9963,0.469525,0.493833,-0.021014,0.999717,0.446554,0.446335,0.064558,0.993937,0.339273,0.540587,-0.052096,0.999605,0.330333,0.504631,0.052128,0.998843
2026-08-21 22:28:58,Night_001,No Person Detected,,,,,,,,,,,,,,,,,,,,,,,,,,,,,,,,
2026-08-21 22:29:03,Night_001,Right Side,0.500457,0.453852,-0.057455,0.996338,0.493222,0.446655,-0.047897,0.994766,0.502157,0.461582,-0.03319,0.996987,0.480512,0.435744,0.01157,0.994913,0.466315,0.497798,-0.053185,0.99969,0.446429,0.456641,0.055524,0.99356,0.338772,0.538531,-0.054776,0.999582,0.329799,0.508758,0.054699,0.998796
2026-08-21 22:29:04,Night_001,No Person Detected,,,,,,,,,,,,,,,,,,,,,,,,,,,,,,,,
2026-08-21 22:29:34,Night_001,Right Side,0.501115,0.451645,-0.067372,0.995071,0.496397,0.444214,-0.053409,0.992931,0.502092,0.460364,-0.061061,0.996116,0.485097,0.438924,0.004291,0.993113,0.472828,0.497882,-0.082121,0.999607,0.449221,0.462405,0.054732,0.992591,0.33933,0.542666,-0.056423,0.999492,0.331278,0.516052,0.056463,0.998588
2026-08-21 22:29:34,Night_001,No Person Detected,,,,,,,,,,,,,,,,,,,,,,,,,,,,,,,,
2026-08-21 22:29:49,Night_001,Right Side,0.517983,0.438537,0.115334,0.995546,0.495473,0.44034,0.116782,0.993609,0.532283,0.448793,0.223243,0.99649,0.489802,0.455173,0.227324,0.993784,0.56917,0.508859,0.207227,0.999615,0.462648,0.522561,0.241588,0.992988,0.558423,0.634635,-0.008593,0.999354,0.482023,0.637499,0.00871,0.998303
2026-08-21 22:29:53,Night_001,No Person Detected,,,,,,,,,,,,,,,,,,,,,,,,,,,,,,,,
2026-08-21 22:29:56,Night_001,Right Side,0.51737,0.441794,0.059648,0.999669,0.493087,0.440556,0.062738,0.999431,0.533247,0.448202,0.164689,0.999747,0.488388,0.448611,0.177821,0.999483,0.568809,0.504838,0.182005,0.999927,0.454325,0.503734,0.215798,0.995372,0.540957,0.641899,-0.011055,0.998751,0.467366,0.636591,0.011273,0.997326
2026-08-21 22:29:58,Night_001,No Person Detected,,,,,,,,,,,,,,,,,,,,,,,,,,,,,,,,
2026-08-21 22:29:58,Night_001,Right Side,0.537943,0.431415,0.104842,0.99983,0.511139,0.427665,0.099184,0.999778,0.549542,0.443339,0.243342,0.999841,0.495274,0.433401,0.215602,0.999859,0.574758,0.51594,0.261508,0.999855,0.445912,0.48892,0.253145,0.998454,0.531743,0.63716,-0.00777,0.998722,0.45292,0.614031,0.00804,0.997872
2026-08-21 22:29:58,Night_001,No Person Detected,,,,,,,,,,,,,,,,,,,,,,,,,,,,,,,,
2026-08-21 22:29:59,Night_001,Right Side,0.51901,0.447485,0.189919,0.998789,0.497429,0.445228,0.189261,0.998641,0.532952,0.458947,0.296469,0.998838,0.49346,0.457027,0.293306,0.998985,0.560233,0.515658,0.279618,0.999329,0.450453,0.516531,0.296614,0.995593,0.529881,0.652672,-0.008288,0.997628,0.463175,0.64819,0.008388,0.996841
2026-08-21 22:30:00,Night_001,No Person Detected,,,,,,,,,,,,,,,,,,,,,,,,,,,,,,,,
2026-08-21 22:30:01,Night_001,Right Side,0.517294,0.450522,0.153309,0.998879,0.49444,0.448923,0.158993,0.998741,0.53251,0.462583,0.241906,0.998916,0.489845,0.461267,0.266963,0.999065,0.566097,0.525346,0.202956,0.999353,0.461154,0.526529,0.27804,0.994903,0.520224,0.648275,-0.047222,0.997643,0.460216,0.648535,0.047148,0.99674
2026-08-21 22:30:03,Night_001,No Person Detected,,,,,,,,,,,,,,,,,,,,,,,,,,,,,,,,
2026-08-21 22:30:03,Night_001,Right Side,0.511241,0.449411,0.240899,0.999632,0.491931,0.448336,0.25318,0.999413,0.529676,0.460427,0.323221,0.999686,0.49171,0.458146,0.380774,0.999527,0.567933,0.517679,0.273797,0.999722,0.465259,0.529107,0.414222,0.990415,0.527217,0.651689,-0.074304,0.998147,0.469631,0.650929,0.074604,0.996911
2026-08-21 22:30:07,Night_001,No Person Detected,,,,,,,,,,,,,,,,,,,,,,,,,,,,,,,,
2026-08-21 22:30:07,Night_001,Right Side,0.510253,0.447956,0.134461,0.999789,0.489711,0.44664,0.14436,0.999437,0.525689,0.453022,0.234706,0.999858,0.487197,0.451287,0.282938,0.999635,0.562969,0.516768,0.213608,0.9998,0.459988,0.511036,0.351242,0.987976,0.497099,0.648888,-0.079156,0.998176,0.444493,0.642279,0.079528,0.996205
2026-08-21 22:30:07,Night_001,No Person Detected,,,,,,,,,,,,,,,,,,,,,,,,,,,,,,,,
2026-08-21 22:30:10,Night_001,Right Side,0.511088,0.476957,0.000202,0.999644,0.507819,0.473025,-0.027494,0.99936,0.506758,0.469642,0.068185,0.999682,0.498838,0.461796,-0.058093,0.999539,0.473505,0.4849,0.126237,0.999683,0.45799,0.465894,-0.109264,0.988725,0.359628,0.535666,0.062586,0.998303,0.349454,0.512015,-0.062725,0.996496
2026-08-21 22:30:10,Night_001,No Person Detected,,,,,,,,,,,,,,,,,,,,,,,,,,,,,,,,
2026-08-21 22:30:15,Night_001,Right Side,0.517808,0.435663,0.034519,0.99959,0.493746,0.439735,0.03706,0.999255,0.534108,0.442912,0.139145,0.99964,0.488913,0.451566,0.15043,0.999445,0.575535,0.509767,0.145143,0.999638,0.461273,0.517885,0.177123,0.989201,0.559359,0.654965,-0.00957,0.998138,0.483977,0.659705,0.009646,0.996298
2026-08-21 22:30:15,Night_001,No Person Detected,,,,,,,,,,,,,,,,,,,,,,,,,,,,,,,,
2026-08-21 22:30:15,Night_001,Right Side,0.538193,0.440455,0.157667,0.999453,0.517172,0.434031,0.152097,0.999268,0.547568,0.457652,0.278698,0.999525,0.505693,0.44636,0.249713,0.999503,0.569469,0.518962,0.262242,0.999469,0.452054,0.497615,0.256454,0.992141,0.534539,0.648024,0.002574,0.99763,0.460018,0.632346,-0.002447,0.996558
2026-08-21 22:30:16,Night_001,No Person Detected,,,,,,,,,,,,,,,,,,,,,,,,,,,,,,,,
2026-08-21 22:30:17,Night_001,Right Side,0.532996,0.440254,0.108399,0.993259,0.511583,0.436145,0.106021,0.991685,0.543023,0.457541,0.214505,0.991572,0.500482,0.45099,0.205384,0.988013,0.56592,0.506577,0.197964,0.998594,0.459972,0.493968,0.190532,0.986454,0.534366,0.633194,0.001418,0.997371,0.463522,0.624715,-0.001496,0.995968
2026-08-21 22:30:17,Night_001,No Person Detected,,,,,,,,,,,,,,,,,,,,,,,,,,,,,,,,
2026-08-21 22:30:22,Night_001,Right Side,0.516801,0.4427,-0.132625,0.993932,0.499966,0.446551,-0.135045,0.992514,0.531432,0.454979,0.006869,0.992414,0.493938,0.463788,-0.003939,0.989208,0.559261,0.516209,0.049556,0.998699,0.473854,0.522906,0.05855,0.987551,0.545031,0.622559,-0.009734,0.997374,0.480501,0.620751,0.009992,0.996132
2026-08-21 22:30:22,Night_001,No Person Detected,,,,,,,,,,,,,,,,,,,,,,,,,,,,,,,,
2026-08-21 22:30:24,Night_001,Right Side,0.517403,0.444945,0.123961,0.99554,0.494702,0.446534,0.126608,0.994485,0.533481,0.454837,0.22496,0.994436,0.490657,0.461796,0.235787,0.992034,0.570295,0.515201,0.196026,0.999,0.459542,0.532581,0.239583,0.989565,0.550183,0.652573,-0.015645,0.99769,0.481296,0.652209,0.015542,0.996277
2026-08-21 22:32:59,Night_001,No Person Detected,,,,,,,,,,,,,,,,,,,,,,,,,,,,,,,,
2026-08-21 22:32:59,Night_001,Right Side,0.520913,0.442333,-0.039431,0.999271,0.510685,0.443507,-0.012368,0.997836,0.516425,0.457711,-0.07754,0.999348,0.51476,0.455731,0.044448,0.99741,0.515531,0.509195,-0.127595,0.999871,0.498377,0.497331,0.122863,0.998493,0.388982,0.589236,-0.081447,0.999819,0.381302,0.57294,0.0815,0.999787
2026-08-21 22:33:05,Night_001,No Person Detected,,,,,,,,,,,,,,,,,,,,,,,,,,,,,,,,
2026-08-21 22:33:05,Night_001,Right Side,0.523365,0.451099,0.086067,0.998848,0.50152,0.455637,0.085796,0.996088,0.535445,0.457992,0.193254,0.999073,0.49282,0.466455,0.186017,0.995758,0.568847,0.516448,0.159385,0.999865,0.459116,0.530165,0.220177,0.998058,0.563336,0.649673,-0.018033,0.999795,0.491412,0.662701,0.017927,0.999599
2026-08-21 22:33:05,Night_001,No Person Detected,,,,,,,,,,,,,,,,,,,,,,,,,,,,,,,,
2026-08-21 22:33:05,Night_001,Right Side,0.521457,0.443832,0.112155,0.999212,0.498651,0.4445,0.116027,0.997382,0.535751,0.456038,0.205304,0.999368,0.49134,0.460634,0.223071,0.997183,0.565446,0.517555,0.166581,0.999888,0.46259,0.52219,0.261234,0.997771,0.527029,0.642693,-0.048668,0.999619,0.471016,0.639973,0.048711,0.999189
2026-08-21 22:33:14,Night_001,No Person Detected,,,,,,,,,,,,,,,,,,,,,,,,,,,,,,,,
2026-08-21 22:33:15,Night_001,Right Side,0.500451,0.452953,0.139949,0.999469,0.481635,0.455706,0.149129,0.998454,0.510304,0.459604,0.213237,0.999662,0.477173,0.463298,0.258925,0.999126,0.544971,0.516416,0.164377,0.999975,0.439861,0.518262,0.278351,0.990642,0.468504,0.64169,-0.074311,0.99924,0.416438,0.639436,0.074309,0.997963
2026-08-21 22:33:15,Night_001,No Person Detected,,,,,,,,,,,,,,,,,,,,,,,,,,,,,,,,
2026-08-21 22:33:15,Night_001,Right Side,0.493746,0.452044,0.208113,0.999519,0.47754,0.45992,0.219158,0.998605,0.511006,0.456525,0.276444,0.999693,0.478967,0.472661,0.328598,0.99921,0.562516,0.519855,0.199928,0.999976,0.45998,0.546958,0.350692,0.99149,0.531889,0.660688,-0.075221,0.999295,0.479374,0.671807,0.075319,0.998116
2026-08-21 22:33:18,Night_001,No Person Detected,,,,,,,,,,,,,,,,,,,,,,,,,,,,,,,,
2026-08-21 22:33:18,Night_001,Right Side,0.495814,0.451225,0.161393,0.999892,0.480943,0.458716,0.177083,0.999703,0.512744,0.454448,0.22087,0.999939,0.483306,0.467048,0.294303,0.999811,0.556979,0.517456,0.189826,0.999971,0.466921,0.528027,0.37053,0.994905,0.510404,0.641351,-0.083187,0.999425,0.467405,0.644369,0.083639,0.998776
2026-08-21 22:33:48,Night_001,No Person Detected,,,,,,,,,,,,,,,,,,,,,,,,,,,,,,,,
2026-08-21 22:33:48,Night_001,Right Side,0.500863,0.45913,0.108293,0.999908,0.485308,0.457503,0.121075,0.999795,0.512328,0.463403,0.162118,0.999954,0.484146,0.457763,0.222225,0.999879,0.534973,0.511629,0.123772,0.999965,0.451966,0.502445,0.233531,0.997774,0.435015,0.639154,-0.054072,0.999021,0.398282,0.626061,0.054073,0.997609
2026-08-21 22:33:49,Night_001,No Person Detected,,,,,,,,,,,,,,,,,,,,,,,,,,,,,,,,
2026-08-21 22:33:49,Night_001,Right Side,0.499346,0.461631,0.030569,0.999676,0.488424,0.457094,0.048458,0.999268,0.512255,0.464864,0.048514,0.999813,0.488572,0.455379,0.132314,0.999699,0.524664,0.516065,0.013617,0.999973,0.466613,0.497275,0.18717,0.997861,0.420277,0.621554,-0.069685,0.999438,0.397473,0.600295,0.069567,0.998559
2026-08-21 22:33:49,Night_001,No Person Detected,,,,,,,,,,,,,,,,,,,,,,,,,,,,,,,,
2026-08-21 22:33:50,Night_001,Right Side,0.501426,0.464732,0.078616,0.999621,0.491287,0.463504,0.096059,0.999199,0.51239,0.466728,0.102934,0.99973,0.49231,0.462607,0.185474,0.999633,0.530262,0.525063,0.074825,0.999973,0.465257,0.510194,0.214136,0.998261,0.422201,0.625847,-0.05772,0.999535,0.397816,0.609977,0.057591,0.998775
2026-08-21 22:33:50,Night_001,No Person Detected,,,,,,,,,,,,,,,,,,,,,,,,,,,,,,,,
2026-08-21 22:33:50,Night_001,Right Side,0.4977,0.457648,0.08413,0.999617,0.482673,0.458001,0.095961,0.999172,0.513506,0.461725,0.135047,0.999732,0.481642,0.461011,0.192071,0.999632,0.539422,0.51959,0.106346,0.999972,0.450201,0.505239,0.226322,0.996782,0.446592,0.63572,-0.066475,0.999547,0.410629,0.622367,0.066475,0.998717
2026-08-21 22:33:51,Night_001,No Person Detected,,,,,,,,,,,,,,,,,,,,,,,,,,,,,,,,
2026-08-21 22:33:52,Night_001,Right Side,0.498807,0.461186,0.096313,0.999204,0.484897,0.458837,0.11103,0.998157,0.508796,0.463422,0.125608,0.999554,0.487258,0.460356,0.194219,0.999388,0.524451,0.509869,0.088044,0.999972,0.458391,0.503329,0.223929,0.99632,0.429256,0.623276,-0.059275,0.999744,0.400477,0.61372,0.059197,0.999217
2026-08-21 22:33:52,Night_001,No Person Detected,,,,,,,,,,,,,,,,,,,,,,,,,,,,,,,,
2026-08-21 22:33:52,Night_001,Right Side,0.500633,0.4649,0.083522,0.999104,0.487976,0.461415,0.099894,0.997844,0.51026,0.465958,0.112809,0.999455,0.485799,0.459927,0.191301,0.999257,0.538825,0.528325,0.095746,0.999971,0.461498,0.514686,0.206986,0.996371,0.428463,0.633606,-0.049175,0.999758,0.397222,0.615036,0.049012,0.999212
2026-08-21 22:33:52,Night_001,No Person Detected,,,,,,,,,,,,,,,,,,,,,,,,,,,,,,,,
2026-08-21 22:33:53,Night_001,Right Side,0.503523,0.464764,0.068738,0.998877,0.492086,0.464708,0.084752,0.997435,0.513061,0.466135,0.091226,0.999146,0.492327,0.46388,0.16858,0.999045,0.541128,0.529973,0.065948,0.999965,0.470531,0.513384,0.19702,0.996503,0.434768,0.626525,-0.061527,0.9997,0.409151,0.609408,0.061374,0.999005
2026-08-21 22:33:53,Night_001,No Person Detected,,,,,,,,,,,,,,,,,,,,,,,,,,,,,,,,
2026-08-21 22:33:54,Night_001,Right Side,0.498795,0.46453,-0.013327,0.998657,0.491319,0.462081,0.008553,0.997073,0.507123,0.46704,-0.013382,0.998983,0.492977,0.459921,0.089556,0.998679,0.521873,0.539306,-0.033402,0.999953,0.465716,0.501496,0.133937,0.996583,0.39374,0.623824,-0.061655,0.999709,0.375022,0.59145,0.061462,0.999031
2026-08-21 22:33:54,Night_001,No Person Detected,,,,,,,,,,,,,,,,,,,,,,,,,,,,,,,,
2026-08-21 22:33:54,Night_001,Right Side,0.498463,0.460632,0.087364,0.998746,0.483941,0.458916,0.097621,0.997261,0.51019,0.464331,0.139492,0.999056,0.482266,0.460077,0.187814,0.998773,0.523744,0.509906,0.110213,0.999956,0.447171,0.496018,0.212199,0.996633,0.427325,0.625274,-0.052677,0.999732,0.394576,0.612846,0.052652,0.999081
2026-08-21 22:33:56,Night_001,No Person Detected,,,,,,,,,,,,,,,,,,,,,,,,,,,,,,,,
2026-08-21 22:33:57,Night_001,Right Side,0.498242,0.464014,-0.036503,0.995477,0.492208,0.459332,-0.016786,0.990175,0.508571,0.466787,-0.043677,0.997234,0.497804,0.462463,0.04594,0.995908,0.511682,0.525776,-0.083211,0.999924,0.479644,0.502832,0.106011,0.994118,0.405739,0.604761,-0.061467,0.999416,0.393395,0.586031,0.061323,0.998458
2026-08-21 22:33:58,Night_001,No Person Detected,,,,,,,,,,,,,,,,,,,,,,,,,,,,,,,,
2026-08-21 22:33:58,Night_001,Right Side,0.499119,0.461772,0.101407,0.997292,0.487355,0.459214,0.120286,0.994477,0.511014,0.467955,0.127006,0.998108,0.488445,0.457189,0.216556,0.99748,0.535927,0.539757,0.10681,0.999941,0.457677,0.510221,0.22825,0.997073,0.411504,0.638494,-0.060287,0.999671,0.381698,0.614116,0.06013,0.999101
2026-08-21 22:33:58,Night_001,No Person Detected,,,,,,,,,,,,,,,,,,,,,,,,,,,,,,,,
2026-08-21 22:33:59,Night_001,Right Side,0.498633,0.463305,0.090246,0.997723,0.487799,0.461295,0.105665,0.995277,0.51075,0.467064,0.12105,0.99829,0.489343,0.463845,0.195513,0.99783,0.534207,0.527161,0.104901,0.999941,0.458172,0.512123,0.210285,0.997186,0.427063,0.623104,-0.045711,0.999733,0.39658,0.602616,0.04558,0.999205
2026-08-21 22:33:59,Night_001,No Person Detected,,,,,,,,,,,,,,,,,,,,,,,,,,,,,,,,
2026-08-21 22:33:59,Night_001,Right Side,0.497621,0.462812,0.037856,0.997838,0.48511,0.46057,0.058181,0.995547,0.511535,0.468584,0.04256,0.998315,0.490261,0.46576,0.13912,0.997941,0.539921,0.542957,0.026577,0.999942,0.462086,0.511807,0.154264,0.99728,0.412541,0.647111,-0.063573,0.999744,0.384659,0.617539,0.063377,0.999187
2026-08-21 22:33:59,Night_001,No Person Detected,,,,,,,,,,,,,,,,,,,,,,,,,,,,,,,,
2026-08-21 22:33:59,Night_001,Right Side,0.499177,0.458975,0.118313,0.998084,0.487494,0.457499,0.130225,0.996062,0.512247,0.462124,0.16226,0.998483,0.486225,0.459661,0.21837,0.998191,0.535747,0.514285,0.124299,0.999935,0.450553,0.500754,0.236935,0.996847,0.451975,0.629322,-0.056656,0.999713,0.410795,0.616486,0.056616,0.999136
2026-08-21 22:33:59,Night_001,No Person Detected,,,,,,,,,,,,,,,,,,,,,,,,,,,,,,,,
2026-08-21 22:34:00,Night_001,Right Side,0.504105,0.454356,0.107393,0.997963,0.48448,0.457126,0.117484,0.995326,0.514656,0.458911,0.180342,0.99845,0.479166,0.461645,0.230422,0.997797,0.548833,0.513431,0.139764,0.99994,0.447517,0.518391,0.262491,0.98848,0.467015,0.641491,-0.073053,0.999719,0.420569,0.638109,0.073071,0.998874
2026-08-21 22:34:00,Night_001,No Person Detected,,,,,,,,,,,,,,,,,,,,,,,,,,,,,,,,
2026-08-21 22:34:00,Night_001,Right Side,0.499863,0.457577,0.099857,0.997295,0.484055,0.458798,0.111303,0.993893,0.511653,0.461357,0.149282,0.998242,0.481208,0.458844,0.204271,0.997471,0.53003,0.510361,0.109766,0.999938,0.451041,0.504204,0.251763,0.986143,0.441625,0.630663,-0.074766,0.999698,0.408362,0.624377,0.07475,0.998819
2026-08-21 22:34:01,Night_001,No Person Detected,,,,,,,,,,,,,,,,,,,,,,,,,,,,,,,,
2026-08-21 22:34:01,Night_001,Right Side,0.498551,0.461754,0.028098,0.997529,0.486738,0.461753,0.041594,0.994399,0.511332,0.464074,0.066745,0.998387,0.487292,0.460231,0.131491,0.99768,0.531294,0.525033,0.067768,0.999938,0.460238,0.503697,0.169357,0.987123,0.427292,0.619619,-0.050073,0.999696,0.400103,0.597389,0.050018,0.998774
2026-08-21 22:34:01,Night_001,No Person Detected,,,,,,,,,,,,,,,,,,,,,,,,,,,,,,,,
2026-08-21 22:34:01,Night_001,Right Side,0.497254,0.465153,0.110543,0.998174,0.487743,0.46272,0.130177,0.995977,0.509555,0.46949,0.122645,0.998722,0.491917,0.465224,0.214503,0.998317,0.531886,0.526553,0.079416,0.999943,0.467234,0.522636,0.236127,0.991217,0.424935,0.625432,-0.05738,0.999743,0.397739,0.61238,0.057293,0.99902
2026-08-21 22:34:02,Night_001,No Person Detected,,,,,,,,,,,,,,,,,,,,,,,,,,,,,,,,
2026-08-21 22:34:02,Night_001,Right Side,0.502543,0.460486,0.175366,0.998339,0.486135,0.461883,0.189248,0.996462,0.513673,0.461915,0.233585,0.99877,0.485054,0.463755,0.300003,0.99849,0.543882,0.51427,0.17542,0.999947,0.450027,0.516454,0.307875,0.992808,0.446361,0.638435,-0.065469,0.999762,0.404895,0.633954,0.065541,0.999106
2026-08-21 22:34:02,Night_001,No Person Detected,,,,,,,,,,,,,,,,,,,,,,,,,,,,,,,,
2026-08-21 22:34:03,Night_001,Right Side,0.498659,0.463187,0.127989,0.998754,0.48757,0.460367,0.145203,0.997315,0.507435,0.468209,0.158867,0.999096,0.482478,0.460641,0.241373,0.998877,0.526286,0.534345,0.123039,0.999957,0.455421,0.518842,0.253376,0.993701,0.411544,0.639979,-0.0561,0.999814,0.383102,0.622463,0.055926,0.999266
2026-08-21 22:34:03,Night_001,No Person Detected,,,,,,,,,,,,,,,,,,,,,,,,,,,,,,,,
2026-08-21 22:34:03,Night_001,Right Side,0.49897,0.457656,0.098747,0.998825,0.485581,0.45955,0.109835,0.997443,0.511415,0.462154,0.148915,0.999156,0.481785,0.460318,0.20138,0.99894,0.529656,0.50921,0.116207,0.999959,0.45035,0.499206,0.216072,0.993949,0.436743,0.622418,-0.053631,0.999827,0.401126,0.610763,0.053615,0.999303
2026-08-21 22:34:03,Night_001,No Person Detected,,,,,,,,,,,,,,,,,,,,,,,,,,,,,,,,
2026-08-21 22:34:03,Night_001,Right Side,0.500905,0.455839,0.092076,0.998941,0.482956,0.457017,0.103041,0.997639,0.513994,0.459697,0.149549,0.999256,0.482046,0.45977,0.203276,0.999037,0.537609,0.514921,0.117488,0.99996,0.453981,0.499799,0.256074,0.991888,0.46075,0.640509,-0.068752,0.999781,0.419154,0.626153,0.068849,0.999091
2026-08-21 22:34:03,Night_001,No Person Detected,,,,,,,,,,,,,,,,,,,,,,,,,,,,,,,,
2026-08-21 22:34:04,Night_001,Right Side,0.498216,0.463224,0.092699,0.998781,0.487996,0.460117,0.106933,0.997167,0.506583,0.469548,0.127293,0.999157,0.486832,0.461903,0.19502,0.998811,0.523873,0.531832,0.104576,0.999961,0.448416,0.511127,0.205597,0.989258,0.410682,0.632718,-0.048731,0.999802,0.379187,0.610185,0.048643,0.99913
2026-08-21 22:34:04,Night_001,No Person Detected,,,,,,,,,,,,,,,,,,,,,,,,,,,,,,,,
2026-08-21 22:34:04,Night_001,Right Side,0.499049,0.460726,0.128552,0.99914,0.486977,0.461039,0.145957,0.998071,0.511812,0.463244,0.158599,0.999366,0.489529,0.462413,0.239078,0.999165,0.539029,0.51529,0.108481,0.999967,0.466497,0.515189,0.266169,0.993364,0.431873,0.636453,-0.066613,0.99984,0.40154,0.625467,0.066438,0.999344
2026-08-21 22:34:05,Night_001,No Person Detected,,,,,,,,,,,,,,,,,,,,,,,,,,,,,,,,
2026-08-21 22:34:05,Night_001,Right Side,0.49686,0.45757,0.110736,0.999278,0.483307,0.458401,0.12406,0.998386,0.512776,0.462257,0.162203,0.999468,0.48388,0.462275,0.226299,0.999303,0.541501,0.518326,0.126729,0.999972,0.454541,0.511115,0.250841,0.994367,0.454853,0.637263,-0.068419,0.999851,0.417587,0.623891,0.068316,0.999398
2026-08-21 22:34:05,Night_001,No Person Detected,,,,,,,,,,,,,,,,,,,,,,,,,,,,,,,,
2026-08-21 22:34:05,Night_001,Right Side,0.501831,0.453898,0.157393,0.999004,0.484845,0.455783,0.170006,0.99746,0.514643,0.458768,0.221729,0.99933,0.484298,0.461311,0.283097,0.998855,0.547009,0.516935,0.174754,0.999972,0.450621,0.514069,0.300239,0.98747,0.469052,0.637414,-0.071776,0.999848,0.420558,0.632194,0.071764,0.999151
2026-08-21 22:34:05,Night_001,No Person Detected,,,,,,,,,,,,,,,,,,,,,,,,,,,,,,,,
2026-08-21 22:34:06,Night_001,Right Side,0.497938,0.45523,0.133712,0.999079,0.482434,0.456417,0.149087,0.997649,0.514696,0.459395,0.187352,0.999383,0.482936,0.459822,0.261511,0.998945,0.550704,0.514375,0.151136,0.999973,0.456153,0.514817,0.272008,0.988042,0.45975,0.645325,-0.061035,0.999857,0.420059,0.635104,0.060994,0.999194
2026-08-21 22:34:06,Night_001,No Person Detected,,,,,,,,,,,,,,,,,,,,,,,,,,,,,,,,
2026-08-21 22:34:07,Night_001,Right Side,0.496211,0.462468,0.114583,0.999016,0.486497,0.460774,0.131337,0.997591,0.508361,0.467248,0.142436,0.99935,0.481411,0.460142,0.223048,0.999003,0.526805,0.527952,0.115434,0.999969,0.457034,0.514995,0.231677,0.991268,0.419922,0.630693,-0.046212,0.99985,0.392715,0.615988,0.046088,0.999272
2026-08-21 22:34:07,Night_001,No Person Detected,,,,,,,,,,,,,,,,,,,,,,,,,,,,,,,,
2026-08-21 22:34:07,Night_001,Right Side,0.496245,0.463963,0.083362,0.999075,0.485763,0.462847,0.101404,0.997735,0.510075,0.467693,0.105772,0.999383,0.489967,0.465746,0.191685,0.999058,0.529462,0.525823,0.07684,0.99997,0.462676,0.516085,0.216989,0.992041,0.418172,0.630102,-0.055869,0.999856,0.392472,0.613892,0.055667,0.999303
2026-08-21 22:34:07,Night_001,No Person Detected,,,,,,,,,,,,,,,,,,,,,,,,,,,,,,,,
2026-08-21 22:34:07,Night_001,Right Side,0.501842,0.460819,0.096758,0.999118,0.490673,0.459338,0.113302,0.997853,0.507419,0.466942,0.123564,0.999405,0.487868,0.461114,0.202112,0.999079,0.517311,0.530615,0.085972,0.99997,0.454125,0.508509,0.228032,0.992752,0.399891,0.630429,-0.055377,0.999864,0.374043,0.607779,0.055173,0.99934
2026-08-21 22:34:07,Night_001,No Person Detected,,,,,,,,,,,,,,,,,,,,,,,,,,,,,,,,
2026-08-21 22:34:08,Night_001,Right Side,0.500294,0.458162,0.107513,0.999086,0.488243,0.458901,0.124381,0.997839,0.509923,0.464965,0.135344,0.999319,0.492616,0.46211,0.214763,0.999085,0.533907,0.520343,0.104603,0.999967,0.463784,0.510519,0.23045,0.993906,0.428791,0.625119,-0.056623,0.999873,0.400912,0.612209,0.056533,0.999393
2026-08-21 22:34:08,Night_001,No Person Detected,,,,,,,,,,,,,,,,,,,,,,,,,,,,,,,,
2026-08-21 22:34:08,Night_001,Right Side,0.500127,0.465679,0.063998,0.998643,0.491168,0.462721,0.072258,0.996645,0.506877,0.471704,0.112927,0.99868,0.479656,0.464122,0.154127,0.998338,0.517368,0.533485,0.119174,0.999959,0.446463,0.506064,0.174939,0.994362,0.412399,0.626429,-0.025379,0.999859,0.381944,0.599872,0.025426,0.999364
2026-08-21 22:34:08,Night_001,No Person Detected,,,,,,,,,,,,,,,,,,,,,,,,,,,,,,,,
2026-08-21 22:34:08,Night_001,Right Side,0.499106,0.458723,0.106846,0.998769,0.483391,0.459158,0.119519,0.996953,0.510955,0.46174,0.156106,0.998805,0.481669,0.461,0.21576,0.998496,0.535422,0.519197,0.120598,0.999962,0.447212,0.510216,0.223443,0.994677,0.441437,0.643406,-0.052884,0.99987,0.400858,0.627889,0.052829,0.99941
2026-08-21 22:34:09,Night_001,No Person Detected,,,,,,,,,,,,,,,,,,,,,,,,,,,,,,,,
2026-08-21 22:34:10,Night_001,Right Side,0.502054,0.461371,0.063899,0.998874,0.492298,0.457987,0.07734,0.997522,0.510441,0.463171,0.089573,0.99908,0.488774,0.458548,0.153245,0.998807,0.52042,0.514919,0.056695,0.999972,0.462342,0.500859,0.181638,0.996367,0.410976,0.618803,-0.046557,0.999885,0.387967,0.603577,0.046314,0.999507
2026-08-21 22:34:10,Night_001,No Person Detected,,,,,,,,,,,,,,,,,,,,,,,,,,,,,,,,
2026-08-21 22:34:10,Night_001,Right Side,0.499522,0.460764,0.083927,0.99866,0.487124,0.460828,0.095591,0.997193,0.510394,0.464337,0.119069,0.999001,0.486121,0.461,0.174309,0.998658,0.524367,0.508995,0.085679,0.999972,0.458567,0.498837,0.209633,0.996322,0.429545,0.623019,-0.052311,0.999886,0.399358,0.610995,0.052169,0.999487
2026-08-21 22:34:10,Night_001,No Person Detected,,,,,,,,,,,,,,,,,,,,,,,,,,,,,,,,
2026-08-21 22:34:10,Night_001,Right Side,0.500094,0.455491,0.158245,0.998713,0.485341,0.456382,0.17019,0.997244,0.513638,0.460424,0.219549,0.999058,0.482115,0.458113,0.276963,0.998711,0.541988,0.511866,0.170651,0.999972,0.443476,0.507482,0.274747,0.995574,0.448319,0.640996,-0.055886,0.99989,0.403489,0.629461,0.055976,0.999494
2026-08-21 22:34:10,Night_001,No Person Detected,,,,,,,,,,,,,,,,,,,,,,,,,,,,,,,,
2026-08-21 22:34:11,Night_001,Right Side,0.493756,0.465259,0.099117,0.998792,0.485215,0.461749,0.118641,0.99741,0.503532,0.467351,0.112563,0.999109,0.476988,0.457498,0.203696,0.998759,0.507495,0.522872,0.060814,0.999972,0.456677,0.512132,0.240987,0.99597,0.399398,0.622541,-0.068305,0.99989,0.379886,0.609511,0.068116,0.999511
2026-08-21 22:34:11,Night_001,No Person Detected,,,,,,,,,,,,,,,,,,,,,,,,,,,,,,,,
2026-08-21 22:34:11,Night_001,Right Side,0.498868,0.464512,0.109028,0.998777,0.488128,0.462846,0.121694,0.997336,0.509844,0.467398,0.150535,0.999094,0.488217,0.461828,0.211638,0.998746,0.526647,0.519394,0.128709,0.999971,0.456835,0.506815,0.215855,0.996173,0.419475,0.618248,-0.037286,0.999891,0.394347,0.604369,0.037147,0.999497
2026-08-21 22:34:11,Night_001,No Person Detected,,,,,,,,,,,,,,,,,,,,,,,,,,,,,,,,
2026-08-21 22:34:11,Night_001,Right Side,0.495551,0.463755,0.072264,0.99889,0.485672,0.461884,0.093047,0.997582,0.506832,0.470243,0.088773,0.999176,0.484718,0.461061,0.186908,0.998863,0.524742,0.53597,0.06475,0.999971,0.455473,0.51424,0.212213,0.996516,0.403695,0.632374,-0.059627,0.999889,0.380018,0.612647,0.059519,0.999506
2026-08-21 22:34:11,Night_001,No Person Detected,,,,,,,,,,,,,,,,,,,,,,,,,,,,,,,,
2026-08-21 22:34:12,Night_001,Right Side,0.498849,0.468157,0.121057,0.998767,0.487905,0.460501,0.129497,0.997389,0.504065,0.470763,0.170659,0.99889,0.485959,0.460118,0.213152,0.998554,0.506226,0.52562,0.148509,0.999963,0.446858,0.504183,0.228968,0.997222,0.402102,0.618736,-0.032239,0.999886,0.375337,0.599241,0.03211,0.999542
2026-08-21 22:34:12,Night_001,No Person Detected,,,,,,,,,,,,,,,,,,,,,,,,,,,,,,,,
2026-08-21 22:34:12,Night_001,Right Side,0.499324,0.456992,0.1455,0.998886,0.484183,0.458328,0.156005,0.997595,0.513102,0.46058,0.210238,0.999012,0.480757,0.460086,0.2612,0.998711,0.542035,0.512543,0.161255,0.999967,0.442388,0.50962,0.266093,0.996352,0.458241,0.640159,-0.060961,0.999892,0.411169,0.630037,0.060945,0.999542
2026-08-21 22:34:12,Night_001,No Person Detected,,,,,,,,,,,,,,,,,,,,,,,,,,,,,,,,
2026-08-21 22:34:13,Night_001,Right Side,0.499801,0.462695,0.154972,0.998965,0.48701,0.463079,0.169782,0.997741,0.513279,0.464795,0.201269,0.999088,0.487946,0.463266,0.271174,0.998805,0.549505,0.523054,0.156268,0.999967,0.450601,0.516861,0.270329,0.995543,0.45495,0.65245,-0.06036,0.999892,0.409076,0.640199,0.060417,0.999529
2026-08-21 22:34:23,Night_001,No Person Detected,,,,,,,,,,,,,,,,,,,,,,,,,,,,,,,,
2026-08-21 22:34:23,Night_001,Right Side,0.495386,0.464407,0.064575,0.99907,0.485601,0.461714,0.087554,0.997982,0.509283,0.469041,0.066141,0.99944,0.487221,0.459379,0.174627,0.999255,0.535016,0.536009,0.035577,0.999972,0.465638,0.511932,0.203984,0.997663,0.409496,0.629822,-0.070329,0.999865,0.385409,0.606743,0.070192,0.999316
2026-08-21 22:34:28,Night_001,No Person Detected,,,,,,,,,,,,,,,,,,,,,,,,,,,,,,,,
2026-08-21 22:34:28,Night_001,Right Side,0.498387,0.456529,0.199672,0.999049,0.483682,0.460872,0.217189,0.997736,0.515504,0.458626,0.250836,0.999495,0.485105,0.46568,0.336234,0.999114,0.555009,0.523324,0.202465,0.999975,0.463116,0.525638,0.360276,0.996402,0.475552,0.65431,-0.081643,0.999842,0.430671,0.640591,0.081761,0.999135
2026-08-21 22:34:29,Night_001,No Person Detected,,,,,,,,,,,,,,,,,,,,,,,,,,,,,,,,
2026-08-21 22:34:29,Night_001,Right Side,0.502451,0.45996,0.073255,0.99892,0.487987,0.460421,0.094485,0.997306,0.513762,0.466013,0.086842,0.999373,0.491098,0.462436,0.187086,0.99897,0.543145,0.522438,0.048967,0.999976,0.471251,0.514712,0.226023,0.992652,0.433084,0.640561,-0.073496,0.999867,0.404127,0.617573,0.073244,0.999253
2026-08-21 22:34:33,Night_001,No Person Detected,,,,,,,,,,,,,,,,,,,,,,,,,,,,,,,,
2026-08-21 22:34:33,Night_001,Right Side,0.499292,0.461429,0.085684,0.992922,0.486701,0.461155,0.101625,0.986237,0.513695,0.464306,0.119084,0.995309,0.490742,0.462758,0.192727,0.993103,0.544227,0.524716,0.095471,0.999795,0.461224,0.513348,0.207891,0.981844,0.44241,0.648203,-0.056382,0.998469,0.40424,0.630663,0.056335,0.995895
2026-08-21 22:34:33,Night_001,No Person Detected,,,,,,,,,,,,,,,,,,,,,,,,,,,,,,,,
2026-08-21 22:34:33,Night_001,Right Side,0.496913,0.458856,-0.018464,0.993523,0.484739,0.456729,-0.003254,0.987353,0.510894,0.464295,0.013119,0.995697,0.485883,0.457005,0.085541,0.993669,0.534012,0.518168,0.015697,0.999806,0.462963,0.488831,0.142318,0.982841,0.438456,0.620739,-0.060048,0.998573,0.410467,0.593954,0.060033,0.996055
2026-08-21 22:34:33,Night_001,No Person Detected,,,,,,,,,,,,,,,,,,,,,,,,,,,,,,,,
2026-08-21 22:34:33,Night_001,Right Side,0.499744,0.459421,0.112753,0.994151,0.48651,0.458215,0.131313,0.988573,0.511983,0.46518,0.135259,0.996116,0.486228,0.460942,0.220767,0.994278,0.537569,0.519508,0.074189,0.999825,0.465367,0.516094,0.254198,0.98445,0.424469,0.636107,-0.065355,0.99871,0.395024,0.624074,0.065218,0.996418
2026-08-21 22:34:33,Night_001,No Person Detected,,,,,,,,,,,,,,,,,,,,,,,,,,,,,,,,
2026-08-21 22:34:34,Night_001,Right Side,0.501412,0.46969,0.06943,0.994348,0.488939,0.462915,0.084457,0.988853,0.509041,0.468399,0.102824,0.996107,0.491006,0.463891,0.176591,0.994458,0.535409,0.536923,0.088149,0.999835,0.457061,0.504449,0.195647,0.985667,0.418595,0.634097,-0.049923,0.998828,0.386369,0.600823,0.049704,0.996716
2026-08-21 22:34:39,Night_001,No Person Detected,,,,,,,,,,,,,,,,,,,,,,,,,,,,,,,,
2026-08-21 22:34:40,Night_001,Right Side,0.501975,0.461538,0.10164,0.998974,0.487592,0.46078,0.11495,0.997913,0.510256,0.464383,0.140791,0.99938,0.488952,0.463897,0.20253,0.999297,0.537127,0.523541,0.110275,0.999975,0.460338,0.515947,0.217267,0.997457,0.438875,0.644537,-0.057055,0.999874,0.404249,0.633736,0.056959,0.99932
2026-08-21 22:34:40,Night_001,No Person Detected,,,,,,,,,,,,,,,,,,,,,,,,,,,,,,,,
2026-08-21 22:34:40,Night_001,Right Side,0.502476,0.463553,0.096467,0.998645,0.489771,0.46284,0.114441,0.997245,0.513264,0.468193,0.119517,0.99903,0.490136,0.46504,0.206364,0.999104,0.55154,0.534675,0.085301,0.999966,0.456478,0.512156,0.222441,0.996977,0.426583,0.642297,-0.062296,0.999866,0.389448,0.610538,0.062301,0.999238
2026-08-21 22:34:40,Night_001,No Person Detected,,,,,,,,,,,,,,,,,,,,,,,,,,,,,,,,
2026-08-21 22:34:40,Night_001,Right Side,0.497685,0.461896,0.094797,0.998771,0.487169,0.459739,0.112709,0.997521,0.509635,0.46713,0.126253,0.999073,0.48778,0.461357,0.212362,0.999176,0.531927,0.533471,0.104615,0.999966,0.451518,0.511553,0.227862,0.997401,0.414048,0.630449,-0.062996,0.999879,0.382505,0.612243,0.062906,0.99933
2026-08-21 22:34:42,Night_001,No Person Detected,,,,,,,,,,,,,,,,,,,,,,,,,,,,,,,,
2026-08-21 22:34:42,Night_001,Right Side,0.501323,0.461734,0.103741,0.999419,0.485537,0.461557,0.122195,0.99872,0.50962,0.466722,0.133253,0.999548,0.489659,0.465564,0.221355,0.999557,0.545088,0.533555,0.099716,0.999979,0.459347,0.519942,0.244707,0.9978,0.430434,0.640126,-0.071231,0.999898,0.395947,0.622672,0.071118,0.99947
2026-08-21 22:34:45,Night_001,No Person Detected,,,,,,,,,,,,,,,,,,,,,,,,,,,,,,,,
2026-08-21 22:34:46,Night_001,Right Side,0.498944,0.46244,-0.075751,0.999036,0.485325,0.461079,-0.053111,0.997883,0.514144,0.467507,-0.060772,0.999286,0.491297,0.456543,0.047125,0.999116,0.546331,0.531811,-0.060614,0.999966,0.47146,0.505939,0.10696,0.996865,0.420884,0.628305,-0.07056,0.999757,0.400381,0.597325,0.070441,0.998898
2026-08-21 22:34:46,Night_001,No Person Detected,,,,,,,,,,,,,,,,,,,,,,,,,,,,,,,,
2026-08-21 22:34:46,Night_001,Right Side,0.499466,0.46275,0.117176,0.999093,0.487667,0.461552,0.135028,0.997992,0.508466,0.467828,0.151521,0.999327,0.491664,0.46454,0.236763,0.999166,0.53619,0.531195,0.117412,0.999968,0.459554,0.51448,0.258531,0.997082,0.418273,0.63621,-0.070064,0.999778,0.389134,0.621846,0.069851,0.998981
2026-08-21 22:34:46,Night_001,No Person Detected,,,,,,,,,,,,,,,,,,,,,,,,,,,,,,,,
2026-08-21 22:34:46,Night_001,Right Side,0.495945,0.459038,0.070789,0.999083,0.484673,0.457652,0.088955,0.998037,0.509541,0.463757,0.073009,0.999248,0.485834,0.458282,0.158962,0.999156,0.528985,0.512562,0.031926,0.999962,0.472566,0.502402,0.202075,0.997285,0.43709,0.620483,-0.066683,0.999756,0.412014,0.601893,0.066549,0.998944
2026-08-21 22:34:47,Night_001,No Person Detected,,,,,,,,,,,,,,,,,,,,,,,,,,,,,,,,
2026-08-21 22:34:47,Night_001,Right Side,0.496735,0.459838,0.010405,0.999158,0.48449,0.460267,0.02888,0.998206,0.512115,0.462415,0.030283,0.999311,0.48617,0.460959,0.116436,0.99923,0.536573,0.520926,0.00295,0.999964,0.467817,0.499114,0.171789,0.997491,0.44376,0.63879,-0.07354,0.999761,0.416178,0.610531,0.073417,0.998999
2026-08-21 22:34:50,Night_001,No Person Detected,,,,,,,,,,,,,,,,,,,,,,,,,,,,,,,,
2026-08-21 22:34:50,Night_001,Right Side,0.498725,0.466106,-0.02741,0.992594,0.488628,0.462272,-0.009771,0.985173,0.510598,0.472105,-0.004656,0.995406,0.488969,0.463814,0.08036,0.99256,0.546092,0.550881,-0.016008,0.999891,0.459016,0.50633,0.113861,0.982356,0.420195,0.648239,-0.054041,0.999095,0.388488,0.605019,0.053875,0.9972
2026-08-21 22:34:59,Night_001,No Person Detected,,,,,,,,,,,,,,,,,,,,,,,,,,,,,,,,
2026-08-21 22:34:59,Night_001,Right Side,0.503416,0.461606,0.101539,0.99892,0.489763,0.463992,0.121558,0.997707,0.516081,0.464268,0.128947,0.999359,0.49444,0.466938,0.223629,0.999217,0.549264,0.528019,0.09627,0.999976,0.466917,0.519242,0.241281,0.997558,0.441938,0.64283,-0.065121,0.999861,0.405241,0.620882,0.065044,0.999251
2026-08-21 22:35:01,Night_001,No Person Detected,,,,,,,,,,,,,,,,,,,,,,,,,,,,,,,,
2026-08-21 22:35:01,Night_001,Right Side,0.50389,0.46369,0.056325,0.999052,0.487274,0.462712,0.07016,0.997582,0.512725,0.466597,0.09942,0.999427,0.487956,0.461728,0.166202,0.998983,0.546446,0.52717,0.085413,0.999981,0.457636,0.507837,0.200211,0.995699,0.435497,0.637019,-0.060081,0.999885,0.397682,0.610096,0.060075,0.999372
2026-08-21 22:35:03,Night_001,No Person Detected,,,,,,,,,,,,,,,,,,,,,,,,,,,,,,,,
2026-08-21 22:35:03,Night_001,Right Side,0.495564,0.464331,0.046761,0.999461,0.486382,0.462073,0.066321,0.998808,0.508014,0.46812,0.051848,0.999578,0.49082,0.461867,0.144157,0.999502,0.530487,0.530751,0.026643,0.999976,0.469243,0.512684,0.174426,0.997304,0.422188,0.619099,-0.058326,0.999861,0.400122,0.599964,0.058194,0.999401
2026-08-21 22:35:03,Night_001,No Person Detected,,,,,,,,,,,,,,,,,,,,,,,,,,,,,,,,
2026-08-21 22:35:03,Night_001,Right Side,0.49712,0.459838,0.087378,0.999485,0.485896,0.459538,0.10069,0.998861,0.509081,0.464407,0.126583,0.999602,0.487213,0.459723,0.189426,0.999529,0.529436,0.522147,0.104379,0.999977,0.455615,0.499102,0.21803,0.997371,0.435028,0.629473,-0.060309,0.999866,0.403396,0.612123,0.060237,0.999409
2026-08-21 22:35:03,Night_001,No Person Detected,,,,,,,,,,,,,,,,,,,,,,,,,,,,,,,,
2026-08-21 22:35:04,Night_001,Right Side,0.499252,0.462098,-0.031736,0.999164,0.488421,0.459327,-0.016478,0.998171,0.510598,0.467449,-0.00027,0.999275,0.486124,0.453542,0.073406,0.999146,0.531779,0.532904,0.00562,0.999966,0.457501,0.494488,0.108645,0.997276,0.408327,0.619749,-0.047468,0.999814,0.384905,0.586966,0.047294,0.999171
2026-08-21 22:35:04,Night_001,No Person Detected,,,,,,,,,,,,,,,,,,,,,,,,,,,,,,,,
2026-08-21 22:35:04,Night_001,Right Side,0.500264,0.461709,0.118769,0.999185,0.487487,0.461705,0.133507,0.998312,0.51286,0.464173,0.159745,0.999255,0.487043,0.461291,0.228122,0.999204,0.53471,0.508584,0.119722,0.999964,0.46131,0.507415,0.23939,0.997577,0.430044,0.634212,-0.053721,0.999811,0.397498,0.619887,0.053662,0.99925
2026-08-21 22:35:04,Night_001,No Person Detected,,,,,,,,,,,,,,,,,,,,,,,,,,,,,,,,
2026-08-21 22:35:04,Night_001,Right Side,0.500373,0.465238,-0.173863,0.999057,0.491835,0.462521,-0.158558,0.998021,0.508815,0.468412,-0.137341,0.999167,0.489235,0.462363,-0.063466,0.999021,0.534685,0.53919,-0.111104,0.99995,0.463131,0.498345,0.003395,0.997363,0.412862,0.62534,-0.048417,0.999806,0.392868,0.586615,0.048309,0.999209
2026-08-21 22:35:05,Night_001,No Person Detected,,,,,,,,,,,,,,,,,,,,,,,,,,,,,,,,
2026-08-21 22:35:05,Night_001,Right Side,0.497507,0.462371,0.006399,0.997867,0.487951,0.459578,0.023834,0.99562,0.508079,0.466427,0.032644,0.997613,0.488615,0.458917,0.117448,0.997634,0.531809,0.530751,0.02378,0.999937,0.458333,0.502991,0.144982,0.997407,0.411578,0.618263,-0.057025,0.999847,0.390153,0.591931,0.056735,0.999346
2026-08-21 22:35:08,Night_001,No Person Detected,,,,,,,,,,,,,,,,,,,,,,,,,,,,,,,,
2026-08-21 22:35:08,Night_001,Right Side,0.499899,0.461233,-0.062689,0.99799,0.49093,0.458653,-0.039983,0.995831,0.509661,0.46693,-0.076581,0.998621,0.496049,0.459498,0.027704,0.998194,0.510088,0.528527,-0.112485,0.999963,0.476673,0.499761,0.095692,0.997623,0.403688,0.600142,-0.074402,0.999839,0.392043,0.571639,0.074257,0.999146
2026-08-21 22:35:09,Night_001,No Person Detected,,,,,,,,,,,,,,,,,,,,,,,,,,,,,,,,
2026-08-21 22:35:09,Night_001,Right Side,0.497915,0.451018,0.242268,0.997894,0.481863,0.453772,0.261258,0.995615,0.513258,0.457523,0.290205,0.998533,0.482651,0.463433,0.380915,0.99793,0.552898,0.522515,0.226761,0.999934,0.459356,0.529012,0.426132,0.990463,0.486768,0.656993,-0.097154,0.999407,0.441481,0.654339,0.097496,0.997231
2026-08-21 22:35:11,Night_001,No Person Detected,,,,,,,,,,,,,,,,,,,,,,,,,,,,,,,,
2026-08-21 22:35:11,Night_001,Right Side,0.49546,0.465444,0.07796,0.998131,0.485236,0.463618,0.099053,0.995898,0.509286,0.469077,0.098979,0.998696,0.485733,0.465853,0.200278,0.998018,0.541194,0.541245,0.071002,0.999951,0.458951,0.518679,0.229448,0.981289,0.421125,0.63625,-0.073084,0.999246,0.390945,0.614519,0.07303,0.996658
2026-08-21 22:35:11,Night_001,No Person Detected,,,,,,,,,,,,,,,,,,,,,,,,,,,,,,,,
2026-08-21 22:35:12,Night_001,Right Side,0.496972,0.460857,0.04399,0.998424,0.483601,0.460544,0.061869,0.996675,0.512058,0.462698,0.056344,0.998844,0.488205,0.462077,0.14065,0.998436,0.539417,0.515476,0.020574,0.999954,0.478574,0.506179,0.186787,0.986119,0.44237,0.627163,-0.070201,0.999415,0.419451,0.607481,0.069982,0.997412
2026-08-21 22:35:12,Night_001,No Person Detected,,,,,,,,,,,,,,,,,,,,,,,,,,,,,,,,
2026-08-21 22:35:12,Night_001,Right Side,0.496677,0.463382,-0.227225,0.998454,0.486331,0.460372,-0.209158,0.996692,0.509354,0.467988,-0.193871,0.998855,0.485268,0.453643,-0.10799,0.998419,0.531929,0.529734,-0.165881,0.999952,0.461608,0.496904,-0.012782,0.986973,0.406164,0.627838,-0.064973,0.999459,0.389516,0.590746,0.064945,0.997539
2026-08-21 22:35:12,Night_001,No Person Detected,,,,,,,,,,,,,,,,,,,,,,,,,,,,,,,,
2026-08-21 22:35:13,Night_001,Right Side,0.50223,0.46312,0.082496,0.998521,0.488695,0.458673,0.098778,0.99688,0.511653,0.46585,0.101744,0.998819,0.490268,0.461489,0.178923,0.998544,0.527095,0.528883,0.074188,0.999945,0.462253,0.510049,0.2016,0.989238,0.416692,0.614471,-0.051557,0.999509,0.390278,0.595384,0.051426,0.997859
2026-08-21 22:35:14,Night_001,No Person Detected,,,,,,,,,,,,,,,,,,,,,,,,,,,,,,,,
2026-08-21 22:35:14,Night_001,Right Side,0.498616,0.45831,0.145736,0.998875,0.483447,0.460807,0.161366,0.997782,0.514018,0.462005,0.195829,0.999005,0.483616,0.465042,0.270702,0.999025,0.553466,0.522054,0.154469,0.999937,0.448287,0.51779,0.274841,0.993991,0.458107,0.654077,-0.065188,0.999671,0.409904,0.640175,0.065204,0.99877
2026-08-21 22:35:16,Night_001,No Person Detected,,,,,,,,,,,,,,,,,,,,,,,,,,,,,,,,
2026-08-21 22:35:16,Night_001,Right Side,0.499016,0.460058,0.063985,0.997683,0.486761,0.458955,0.089004,0.994526,0.513489,0.464947,0.053964,0.998671,0.493339,0.460283,0.169237,0.997345,0.542148,0.522704,-0.011074,0.999949,0.479488,0.509527,0.221976,0.982459,0.427822,0.63332,-0.080317,0.999333,0.404274,0.608841,0.08016,0.997531
2026-08-21 22:35:19,Night_001,No Person Detected,,,,,,,,,,,,,,,,,,,,,,,,,,,,,,,,
2026-08-21 22:35:19,Night_001,Right Side,0.501227,0.466777,0.077171,0.993268,0.488003,0.462804,0.095556,0.984771,0.510127,0.4688,0.098051,0.996601,0.48427,0.464598,0.186554,0.993674,0.532045,0.537483,0.072505,0.99995,0.457551,0.517588,0.216456,0.990009,0.416175,0.63179,-0.058244,0.999736,0.389387,0.607356,0.058038,0.998763
2026-08-21 22:35:20,Night_001,No Person Detected,,,,,,,,,,,,,,,,,,,,,,,,,,,,,,,,
2026-08-21 22:35:20,Night_001,Right Side,0.498318,0.462063,0.059215,0.997014,0.484601,0.45841,0.080244,0.993354,0.511622,0.464916,0.067991,0.99832,0.487774,0.460107,0.165571,0.997299,0.527674,0.517646,0.016571,0.99997,0.471286,0.504463,0.213738,0.995176,0.42491,0.623806,-0.072596,0.999848,0.401509,0.602416,0.072409,0.999297
2026-08-21 22:35:23,Night_001,No Person Detected,,,,,,,,,,,,,,,,,,,,,,,,,,,,,,,,
2026-08-21 22:35:23,Night_001,Right Side,0.498175,0.463516,0.067991,0.998801,0.48782,0.461254,0.088692,0.997152,0.511329,0.466816,0.085571,0.999276,0.4915,0.462796,0.183451,0.998704,0.539594,0.522271,0.054471,0.999974,0.467783,0.50741,0.223901,0.993908,0.427601,0.630816,-0.06653,0.999804,0.399415,0.607822,0.066414,0.999169
2026-08-21 22:35:25,Night_001,No Person Detected,,,,,,,,,,,,,,,,,,,,,,,,,,,,,,,,
2026-08-21 22:35:26,Night_001,Right Side,0.501338,0.463304,0.112209,0.998337,0.489137,0.462224,0.128181,0.995899,0.511909,0.465068,0.142524,0.998996,0.48985,0.463376,0.219529,0.998043,0.530144,0.523185,0.105842,0.999971,0.463122,0.512246,0.241488,0.992553,0.418958,0.63022,-0.052494,0.999788,0.392515,0.616767,0.052301,0.999017
2026-08-21 22:35:26,Night_001,No Person Detected,,,,,,,,,,,,,,,,,,,,,,,,,,,,,,,,
2026-08-21 22:35:26,Night_001,Right Side,0.502052,0.460393,0.068284,0.998651,0.488736,0.459839,0.08679,0.996756,0.51212,0.46537,0.082055,0.999142,0.487992,0.462706,0.166881,0.998451,0.522763,0.521191,0.028059,0.999973,0.467977,0.511638,0.211698,0.994375,0.421834,0.64028,-0.068997,0.999809,0.395836,0.625739,0.068773,0.999167
2026-08-21 22:35:26,Night_001,No Person Detected,,,,,,,,,,,,,,,,,,,,,,,,,,,,,,,,
2026-08-21 22:35:27,Night_001,Right Side,0.499502,0.463817,0.1353,0.998754,0.487437,0.461553,0.155646,0.997003,0.511266,0.468318,0.160558,0.999206,0.491243,0.465676,0.256649,0.998575,0.541931,0.536044,0.114882,0.999975,0.461603,0.520446,0.274648,0.994841,0.427584,0.639168,-0.069555,0.999822,0.392044,0.621031,0.069478,0.999218
2026-08-21 22:35:28,Night_001,No Person Detected,,,,,,,,,,,,,,,,,,,,,,,,,,,,,,,,
2026-08-21 22:35:29,Night_001,Right Side,0.500536,0.466039,0.119407,0.996949,0.488351,0.464722,0.138788,0.993037,0.512959,0.469765,0.138837,0.998528,0.491587,0.469209,0.230669,0.996684,0.535543,0.529985,0.089474,0.999969,0.464807,0.523351,0.257046,0.994232,0.429477,0.625979,-0.067065,0.999845,0.398801,0.611215,0.066978,0.999293
2026-08-21 22:35:29,Night_001,No Person Detected,,,,,,,,,,,,,,,,,,,,,,,,,,,,,,,,
2026-08-21 22:35:30,Night_001,Right Side,0.494486,0.461764,0.015088,0.997564,0.485614,0.457081,0.033546,0.994638,0.509325,0.46697,0.020249,0.998629,0.489379,0.456888,0.106508,0.997356,0.514619,0.52436,-0.008741,0.999956,0.466775,0.499547,0.153361,0.995558,0.415208,0.604287,-0.0639,0.999837,0.396372,0.583975,0.063686,0.999357
2026-08-21 22:35:33,Night_001,No Person Detected,,,,,,,,,,,,,,,,,,,,,,,,,,,,,,,,
2026-08-21 22:35:34,Night_001,Right Side,0.494915,0.464609,0.049389,0.996831,0.485168,0.462989,0.072986,0.992997,0.509569,0.468637,0.046636,0.99798,0.4908,0.462452,0.158041,0.996684,0.531213,0.533571,0.014291,0.999937,0.472041,0.515432,0.197174,0.991299,0.41754,0.626635,-0.067983,0.999667,0.396497,0.605325,0.067861,0.998448
2026-08-21 22:35:36,Night_001,No Person Detected,,,,,,,,,,,,,,,,,,,,,,,,,,,,,,,,
2026-08-21 22:35:37,Night_001,Right Side,0.497717,0.463437,0.102668,0.999134,0.487539,0.460204,0.123397,0.998074,0.510078,0.469415,0.111813,0.99934,0.490306,0.461685,0.210035,0.999177,0.538194,0.529591,0.07043,0.99997,0.465485,0.518457,0.229857,0.997058,0.422539,0.627507,-0.062708,0.999866,0.39352,0.610401,0.062592,0.999385
2026-08-21 22:35:37,Night_001,No Person Detected,,,,,,,,,,,,,,,,,,,,,,,,,,,,,,,,
2026-08-21 22:35:37,Night_001,Right Side,0.502186,0.46116,0.08672,0.999213,0.488171,0.460784,0.103086,0.998313,0.51145,0.467286,0.119469,0.999383,0.487857,0.46082,0.197022,0.999293,0.536214,0.526847,0.090162,0.999971,0.459367,0.512844,0.219426,0.997458,0.428625,0.632088,-0.060054,0.999877,0.395557,0.612433,0.059968,0.999438
2026-08-21 22:35:38,Night_001,No Person Detected,,,,,,,,,,,,,,,,,,,,,,,,,,,,,,,,
2026-08-21 22:35:38,Night_001,Right Side,0.498941,0.460771,0.085892,0.99926,0.486419,0.461165,0.100733,0.998424,0.511869,0.464806,0.122644,0.99942,0.486793,0.461431,0.192311,0.999341,0.533531,0.518633,0.084609,0.999971,0.456784,0.507277,0.225475,0.997485,0.438598,0.643266,-0.065368,0.999874,0.404638,0.625305,0.065241,0.999433
2026-08-21 22:35:39,Night_001,No Person Detected,,,,,,,,,,,,,,,,,,,,,,,,,,,,,,,,
2026-08-21 22:35:39,Night_001,Right Side,0.500789,0.454602,0.249789,0.999619,0.483221,0.458713,0.267461,0.999149,0.515985,0.46013,0.306293,0.999709,0.482771,0.466687,0.392672,0.999656,0.55478,0.526185,0.241262,0.999982,0.454239,0.532903,0.404111,0.995794,0.487329,0.65856,-0.085841,0.999869,0.433815,0.657609,0.086,0.999352
2026-08-21 22:35:56,Night_001,No Person Detected,,,,,,,,,,,,,,,,,,,,,,,,,,,,,,,,
2026-08-21 22:36:10,Night_001,Right Side,0.504348,0.462798,-0.084195,0.999746,0.501069,0.45152,-0.06588,0.999433,0.50026,0.471428,-0.061811,0.999853,0.496709,0.450579,0.020678,0.999621,0.468104,0.493027,-0.095487,0.999971,0.463248,0.467471,0.115103,0.993077,0.346555,0.53745,-0.069748,0.999076,0.341057,0.519837,0.069884,0.99732
2026-08-21 22:36:11,Night_001,No Person Detected,,,,,,,,,,,,,,,,,,,,,,,,,,,,,,,,
2026-08-21 22:36:12,Night_001,Right Side,0.49639,0.451477,0.146303,0.999655,0.486137,0.466072,0.152187,0.999253,0.512021,0.452251,0.211684,0.999682,0.489916,0.475796,0.236017,0.999425,0.556378,0.501087,0.144891,0.999581,0.492416,0.54661,0.232895,0.993817,0.619232,0.628794,-0.056559,0.998464,0.583596,0.662443,0.056242,0.996962
2026-08-21 22:36:20,Night_001,No Person Detected,,,,,,,,,,,,,,,,,,,,,,,,,,,,,,,,
2026-08-21 22:36:20,Night_001,Right Side,0.50526,0.454087,0.118448,0.999376,0.490062,0.463904,0.131482,0.99907,0.519621,0.450196,0.175314,0.999597,0.49143,0.467644,0.236839,0.999478,0.582018,0.467195,0.15157,0.999891,0.502476,0.515653,0.251302,0.998886,0.57719,0.671048,-0.041198,0.999683,0.533786,0.687749,0.040741,0.999081
2026-08-21 22:36:31,Night_001,No Person Detected,,,,,,,,,,,,,,,,,,,,,,,,,,,,,,,,
2026-08-21 22:36:32,Night_001,Right Side,0.486246,0.414162,0.076047,0.995453,0.485303,0.41545,0.096079,0.991283,0.498536,0.410968,-0.009192,0.996034,0.500981,0.414308,0.081671,0.99508,0.495451,0.473182,-0.108715,0.999609,0.551809,0.463222,0.091229,0.996677,0.521869,0.729394,-0.069066,0.994203,0.54248,0.735403,0.06818,0.989973
2026-08-21 22:36:32,Night_001,Back,0.502975,0.441044,0.5737,0.9479,0.51771,0.435047,0.58549,0.933504,0.509756,0.441381,0.440699,0.967488,0.534559,0.433561,0.498126,0.961576,0.460509,0.485298,0.252424,0.999653,0.641631,0.485003,0.367358,0.997283,0.50877,0.738919,-0.034577,0.995667,0.617863,0.737079,0.033294,0.992366
2026-08-21 22:36:32,Night_001,No Person Detected,,,,,,,,,,,,,,,,,,,,,,,,,,,,,,,,
2026-08-21 22:36:33,Night_001,Right Side,0.484195,0.438903,0.25633,0.951767,0.479625,0.446186,0.274706,0.938009,0.496836,0.43095,0.233082,0.969421,0.487837,0.446403,0.31826,0.964496,0.501296,0.44397,0.110806,0.999672,0.530585,0.47491,0.330564,0.997313,0.542855,0.580317,-0.075032,0.995943,0.564459,0.594736,0.074658,0.992543
2026-08-21 22:36:35,Night_001,No Person Detected,,,,,,,,,,,,,,,,,,,,,,,,,,,,,,,,
2026-08-21 22:36:38,Night_001,Right Side,0.464106,0.469997,0.186995,0.819141,0.464146,0.473475,0.199024,0.800583,0.471307,0.46041,0.133698,0.870356,0.470916,0.467034,0.190359,0.857362,0.488868,0.481526,0.062224,0.999527,0.538644,0.463599,0.174531,0.998153,0.549867,0.607688,-0.048379,0.998857,0.576749,0.60487,0.048134,0.997784
2026-08-21 22:36:40,Night_001,No Person Detected,,,,,,,,,,,,,,,,,,,,,,,,,,,,,,,,
2026-08-21 22:36:45,Night_001,Right Side,0.441475,0.484228,0.318917,0.881936,0.440578,0.48672,0.336422,0.879149,0.446752,0.474302,0.254706,0.926548,0.450768,0.476169,0.334862,0.910313,0.464333,0.472892,0.120853,0.999258,0.524838,0.493992,0.31617,0.998085,0.476006,0.623364,-0.079943,0.998858,0.511486,0.637481,0.079319,0.998322
2026-08-21 22:36:46,Night_001,No Person Detected,,,,,,,,,,,,,,,,,,,,,,,,,,,,,,,,
2026-08-21 22:36:48,Night_001,Right Side,0.45972,0.474888,0.099825,0.950852,0.454891,0.468502,0.078117,0.949627,0.451687,0.465889,0.157728,0.96569,0.446047,0.457439,0.057621,0.961557,0.407296,0.494747,0.183723,0.998955,0.410053,0.470772,0.008616,0.998501,0.363615,0.613586,0.051576,0.99919,0.366257,0.607129,-0.051807,0.998673
2026-08-21 22:36:48,Night_001,No Person Detected,,,,,,,,,,,,,,,,,,,,,,,,,,,,,,,,
2026-08-21 22:36:48,Night_001,Right Side,0.463926,0.475474,0.161029,0.95566,0.457548,0.466497,0.137022,0.954536,0.458243,0.470355,0.242541,0.968991,0.445501,0.454443,0.132006,0.965282,0.416387,0.506851,0.272251,0.998906,0.405541,0.475676,0.05516,0.998581,0.363493,0.623189,0.058958,0.999092,0.358279,0.608514,-0.059071,0.99852
2026-08-21 22:36:48,Night_001,No Person Detected,,,,,,,,,,,,,,,,,,,,,,,,,,,,,,,,
2026-08-21 22:36:48,Night_001,Right Side,0.462973,0.47543,0.170422,0.959999,0.457151,0.467577,0.151973,0.958978,0.457651,0.471745,0.257758,0.971999,0.444694,0.456489,0.172216,0.968643,0.431848,0.524638,0.256149,0.998863,0.401774,0.469274,0.121729,0.998591,0.377225,0.61935,0.033353,0.999077,0.356507,0.589102,-0.033364,0.998489
2026-08-21 22:36:48,Night_001,No Person Detected,,,,,,,,,,,,,,,,,,,,,,,,,,,,,,,,
2026-08-21 22:37:55,Night_001,Right Side,0.443378,0.495362,0.407268,0.949009,0.445503,0.498049,0.423006,0.944803,0.446785,0.489382,0.33139,0.959394,0.452714,0.497764,0.403238,0.958516,0.446585,0.482433,0.185578,0.998964,0.531822,0.492383,0.35727,0.998637,0.494634,0.616283,-0.079284,0.999082,0.550646,0.622383,0.078721,0.998334
2026-08-21 22:37:55,Night_001,No Person Detected,,,,,,,,,,,,,,,,,,,,,,,,,,,,,,,,
2026-08-21 22:41:56,Night_001,Right Side,0.16386,0.494025,-0.552351,0.950034,0.127363,0.556065,-0.54873,0.943904,0.177394,0.47474,-0.465764,0.961373,0.10518,0.596495,-0.452785,0.957732,0.320825,0.543402,-0.355524,0.997817,0.202017,0.81124,-0.249464,0.997262,0.774905,1.0067,-0.014238,0.983823,0.707823,1.185532,0.014525,0.984727
2026-08-21 22:41:56,Night_001,No Person Detected,,,,,,,,,,,,,,,,,,,,,,,,,,,,,,,,
2026-08-21 22:42:00,Night_001,Right Side,0.559673,0.37722,0.206664,0.955001,0.543774,0.380436,0.21837,0.949482,0.578462,0.384556,0.277385,0.965206,0.544879,0.390816,0.333099,0.961939,0.614999,0.446936,0.211341,0.99801,0.523462,0.464819,0.334748,0.997372,0.586182,0.611204,-0.053751,0.985389,0.536317,0.60887,0.053438,0.986167
2026-08-21 22:42:06,Night_001,No Person Detected,,,,,,,,,,,,,,,,,,,,,,,,,,,,,,,,
2026-08-21 22:43:10,Night_001,Right Side,0.524438,0.589204,-0.023125,0.992332,0.524815,0.590895,-0.031271,0.99228,0.527437,0.591619,-0.004572,0.993147,0.528092,0.594453,-0.041846,0.994152,0.53917,0.584443,0.023361,0.999287,0.539231,0.587455,-0.055669,0.997094,0.56738,0.55293,0.02569,0.998288,0.569101,0.554266,-0.025748,0.997095
2026-08-21 22:43:10,Night_001,No Person Detected,,,,,,,,,,,,,,,,,,,,,,,,,,,,,,,,
2026-08-21 22:43:18,Night_001,Right Side,0.682491,0.602713,-0.401781,0.992843,0.700403,0.623419,-0.421236,0.99281,0.68301,0.60437,-0.29136,0.993502,0.7194,0.644926,-0.384376,0.994508,0.687966,0.525265,-0.18702,0.999079,0.792793,0.627767,-0.326891,0.99645,0.825493,0.30484,0.036352,0.997879,0.892332,0.354198,-0.036483,0.996259
2026-08-21 22:43:18,Night_001,No Person Detected,,,,,,,,,,,,,,,,,,,,,,,,,,,,,,,,
2026-08-21 22:43:28,Night_001,Right Side,0.537856,0.398938,0.157081,0.993458,0.519914,0.40292,0.172589,0.993426,0.552902,0.396801,0.205321,0.994065,0.517405,0.406967,0.280875,0.994985,0.613878,0.448375,0.173084,0.999154,0.511002,0.46363,0.290615,0.996548,0.557896,0.605137,-0.056223,0.997806,0.510504,0.594529,0.05615,0.996051
2026-08-21 22:43:33,Night_001,No Person Detected,,,,,,,,,,,,,,,,,,,,,,,,,,,,,,,,
2026-08-21 22:43:34,Night_001,Right Side,0.525227,0.429336,0.078528,0.99829,0.507666,0.443084,0.093042,0.998195,0.541288,0.427886,0.137388,0.999053,0.506592,0.456645,0.210513,0.998896,0.606089,0.460377,0.111658,0.999785,0.513743,0.522217,0.249778,0.995851,0.590244,0.594211,-0.065184,0.999644,0.544248,0.61433,0.06533,0.999104
2026-08-21 22:43:35,Night_001,No Person Detected,,,,,,,,,,,,,,,,,,,,,,,,,,,,,,,,
2026-08-21 22:43:35,Night_001,Right Side,0.526751,0.433262,0.058595,0.994156,0.509884,0.447796,0.073721,0.990836,0.542019,0.428656,0.11657,0.997185,0.508931,0.457691,0.192787,0.992981,0.61034,0.464325,0.09616,0.999786,0.52099,0.517378,0.251664,0.99304,0.595385,0.60742,-0.064236,0.999574,0.546593,0.627369,0.064527,0.998851
2026-08-21 22:43:37,Night_001,No Person Detected,,,,,,,,,,,,,,,,,,,,,,,,,,,,,,,,
2026-08-21 22:43:38,Night_001,Right Side,0.529309,0.460395,-0.072944,0.99619,0.526135,0.452591,-0.096711,0.994418,0.525468,0.451261,0.009513,0.996192,0.519755,0.435801,-0.099205,0.992839,0.494179,0.475415,0.081446,0.999619,0.476663,0.436547,-0.122032,0.995914,0.409843,0.573315,0.059417,0.998846,0.39142,0.550429,-0.059377,0.997785
2026-08-21 22:43:38,Night_001,No Person Detected,,,,,,,,,,,,,,,,,,,,,,,,,,,,,,,,
2026-08-21 22:43:38,Night_001,Right Side,0.532337,0.459001,-0.066175,0.995816,0.528728,0.451764,-0.087586,0.993796,0.529027,0.450923,0.013718,0.995695,0.520509,0.438341,-0.083443,0.991735,0.497329,0.486286,0.079745,0.999451,0.479575,0.43687,-0.118582,0.995339,0.397865,0.556202,0.056206,0.998697,0.381252,0.52833,-0.056224,0.997594
2026-08-21 22:43:38,Night_001,No Person Detected,,,,,,,,,,,,,,,,,,,,,,,,,,,,,,,,
2026-08-21 22:43:41,Night_001,Right Side,0.537181,0.428516,-0.485086,0.996213,0.516943,0.44023,-0.4769,0.994343,0.549422,0.430864,-0.406074,0.996101,0.507487,0.451526,-0.364316,0.992492,0.586363,0.480879,-0.301519,0.999503,0.508353,0.501362,-0.217413,0.995554,0.577167,0.588885,-0.02388,0.998695,0.526742,0.586087,0.024007,0.997078
2026-08-21 22:43:41,Night_001,No Person Detected,,,,,,,,,,,,,,,,,,,,,,,,,,,,,,,,
2026-08-21 22:43:44,Night_001,Right Side,0.546631,0.423168,0.080413,0.995908,0.525117,0.431523,0.093351,0.990613,0.565196,0.421056,0.14725,0.996296,0.525032,0.436643,0.20941,0.986639,0.621346,0.474361,0.120142,0.999604,0.517133,0.517608,0.228886,0.987665,0.607358,0.641555,-0.052229,0.998889,0.549393,0.655302,0.052299,0.997419
2026-08-21 22:43:45,Night_001,No Person Detected,,,,,,,,,,,,,,,,,,,,,,,,,,,,,,,,
2026-08-21 22:43:45,Night_001,Right Side,0.553639,0.431525,0.21323,0.974026,0.542491,0.439093,0.240327,0.976733,0.566925,0.432788,0.165212,0.97961,0.548694,0.444785,0.289147,0.984136,0.572981,0.462718,0.060183,0.999558,0.628065,0.48897,0.290741,0.994758,0.590816,0.650053,-0.075055,0.999431,0.615025,0.668349,0.074804,0.998394
2026-08-21 22:43:46,Night_001,No Person Detected,,,,,,,,,,,,,,,,,,,,,,,,,,,,,,,,
2026-08-21 22:43:47,Night_001,Right Side,0.555063,0.416251,0.15322,0.985216,0.543724,0.421346,0.172709,0.986404,0.566237,0.409528,0.163128,0.988217,0.544482,0.418232,0.252914,0.991034,0.574859,0.429663,0.072816,0.999619,0.583449,0.462261,0.297429,0.995775,0.604713,0.607625,-0.094215,0.999569,0.606457,0.624808,0.093886,0.998803
2026-08-21 22:45:57,Night_001,No Person Detected,,,,,,,,,,,,,,,,,,,,,,,,,,,,,,,,
2026-08-21 22:45:58,Night_001,Right Side,0.519512,0.438478,0.140415,0.999387,0.510331,0.447188,0.156591,0.999178,0.538926,0.434558,0.172815,0.999608,0.516465,0.454672,0.245896,0.999341,0.564165,0.455316,0.095516,0.999926,0.53833,0.500668,0.295549,0.997182,0.595168,0.59786,-0.07707,0.999893,0.577801,0.615452,0.076873,0.99963
2026-08-21 22:49:55,Night_001,No Person Detected,,,,,,,,,,,,,,,,,,,,,,,,,,,,,,,,
2026-08-21 22:49:55,Night_001,Right Side,0.515014,0.447124,0.259407,0.991446,0.512601,0.450659,0.272748,0.989708,0.523851,0.44807,0.196134,0.991751,0.521391,0.453527,0.255977,0.993486,0.522323,0.479651,0.098219,0.999843,0.58856,0.476053,0.241672,0.99631,0.567094,0.604224,-0.066891,0.999685,0.600381,0.605847,0.066652,0.999045
2026-08-21 22:52:02,Night_001,No Person Detected,,,,,,,,,,,,,,,,,,,,,,,,,,,,,,,,
2026-08-21 22:52:02,Night_001,Left Side,0.514134,0.450513,0.164247,0.97809,0.510741,0.454861,0.179494,0.974852,0.525252,0.449978,0.108251,0.977697,0.520346,0.456248,0.178225,0.983053,0.525392,0.479523,0.024621,0.999838,0.584663,0.474163,0.185734,0.99653,0.578593,0.604658,-0.064316,0.999243,0.610048,0.605848,0.063937,0.998277
2026-08-21 22:52:03,Night_001,Right Side,0.515478,0.445234,0.2647,0.974607,0.510687,0.452974,0.284331,0.97193,0.527814,0.44092,0.203546,0.977275,0.519498,0.454793,0.291798,0.981568,0.525603,0.474994,0.083831,0.999686,0.582803,0.468007,0.287861,0.996916,0.577008,0.608621,-0.079683,0.998675,0.602018,0.605936,0.079463,0.997073
2026-08-21 22:52:53,Night_001,No Person Detected,,,,,,,,,,,,,,,,,,,,,,,,,,,,,,,,
2026-08-21 22:52:54,Night_001,Right Side,0.524118,0.437594,-0.27906,0.998948,0.508206,0.446531,-0.2614,0.998542,0.53942,0.437223,-0.248208,0.999364,0.506688,0.45283,-0.163759,0.998886,0.566273,0.465643,-0.214929,0.999902,0.523212,0.496781,-0.045717,0.995926,0.571657,0.59193,-0.06507,0.999881,0.542636,0.585555,0.065232,0.999484
2026-08-21 22:52:54,Night_001,No Person Detected,,,,,,,,,,,,,,,,,,,,,,,,,,,,,,,,
2026-08-21 22:52:54,Night_001,Right Side,0.515588,0.4455,0.218673,0.986739,0.5115,0.449667,0.230315,0.986886,0.524378,0.446211,0.177789,0.989129,0.518991,0.452483,0.231123,0.991554,0.530609,0.47484,0.092838,0.999801,0.579208,0.471289,0.229015,0.995875,0.564747,0.598919,-0.056812,0.999194,0.587356,0.597038,0.056588,0.998583
2026-08-21 22:52:54,Night_001,No Person Detected,,,,,,,,,,,,,,,,,,,,,,,,,,,,,,,,
2026-08-21 22:52:54,Night_001,Right Side,0.518233,0.442595,0.232598,0.979178,0.511001,0.451024,0.243448,0.979245,0.529319,0.440186,0.209608,0.984018,0.516459,0.454571,0.258923,0.98613,0.539499,0.467907,0.127714,0.999703,0.569033,0.464331,0.246686,0.995557,0.581434,0.572136,-0.038374,0.998995,0.59329,0.573318,0.038019,0.998131
2026-08-21 22:52:55,Night_001,Left Side,0.516125,0.444051,0.208466,0.934173,0.510581,0.450869,0.22195,0.943391,0.521434,0.445138,0.170682,0.944804,0.520685,0.451886,0.232135,0.954452,0.531507,0.476507,0.07797,0.999415,0.573133,0.462179,0.242261,0.994929,0.583845,0.58911,-0.050052,0.998118,0.602879,0.587187,0.049614,0.99601
2026-08-21 22:52:56,Night_001,Right Side,0.516282,0.438722,0.22211,0.959854,0.507487,0.45346,0.23738,0.964884,0.534605,0.433524,0.26516,0.965261,0.510949,0.461056,0.333519,0.971432,0.570415,0.448312,0.172027,0.999546,0.521895,0.516208,0.370401,0.995031,0.599043,0.590675,-0.081847,0.998195,0.568371,0.614144,0.081635,0.996155
2026-08-21 22:52:56,Night_001,No Person Detected,,,,,,,,,,,,,,,,,,,,,,,,,,,,,,,,
2026-08-21 22:52:56,Night_001,Right Side,0.522898,0.438546,0.116497,0.973539,0.507953,0.448395,0.132718,0.976774,0.539073,0.43877,0.15227,0.977084,0.507869,0.455553,0.228468,0.981082,0.582572,0.466976,0.124153,0.999667,0.524839,0.506073,0.277068,0.995265,0.591406,0.595917,-0.058754,0.998643,0.552305,0.612765,0.058525,0.997138
2026-08-21 22:52:57,Night_001,No Person Detected,,,,,,,,,,,,,,,,,,,,,,,,,,,,,,,,
2026-08-21 22:52:57,Night_001,Right Side,0.52311,0.439509,0.145094,0.977083,0.508364,0.449116,0.163436,0.978789,0.539866,0.436579,0.166532,0.980796,0.510876,0.455409,0.254189,0.982707,0.577236,0.451244,0.087323,0.999702,0.538179,0.495724,0.282108,0.995623,0.57022,0.59263,-0.078136,0.998704,0.542963,0.605514,0.077908,0.997466
2026-08-21 23:05:50,Night_001,Left Side,0.576621,0.441373,0.427042,0.990106,0.583423,0.441423,0.439566,0.991695,0.5795,0.441324,0.358776,0.991174,0.589615,0.44331,0.420542,0.99203,0.568133,0.455281,0.213781,0.999887,0.650362,0.473028,0.385375,0.999298,0.600994,0.594497,-0.093776,0.999931,0.663777,0.613628,0.093408,0.999768
2026-08-21 23:05:50,Night_001,Right Side,0.576822,0.443148,0.327385,0.989827,0.584201,0.441074,0.347279,0.991232,0.578587,0.443787,0.294177,0.991033,0.59135,0.439252,0.335619,0.991709,0.571443,0.46347,0.200421,0.999881,0.649856,0.485205,0.305179,0.999131,0.597584,0.59884,-0.067002,0.999933,0.651771,0.608826,0.066595,0.999771
2026-08-21 23:06:28,Night_001,Left Side,0.575415,0.443912,0.403822,0.988426,0.583045,0.44208,0.409566,0.990081,0.576278,0.445918,0.3582,0.990285,0.591986,0.444081,0.388856,0.991149,0.554763,0.481795,0.25523,0.999876,0.64214,0.477605,0.34006,0.999234,0.590347,0.609677,-0.06466,0.999926,0.644239,0.614953,0.064323,0.999749
2026-08-21 23:06:28,Night_001,Right Side,0.577744,0.438165,0.373437,0.98743,0.582821,0.438841,0.376258,0.989179,0.576445,0.442104,0.334865,0.989859,0.590325,0.443441,0.351248,0.990533,0.555372,0.473829,0.240875,0.99986,0.634716,0.484723,0.314178,0.99907,0.587536,0.599112,-0.065718,0.999924,0.63255,0.603191,0.065187,0.999719
2026-08-21 23:09:37,Night_001,Left Side,0.577568,0.441513,0.334107,0.990873,0.584102,0.441218,0.344269,0.992242,0.580172,0.442391,0.301645,0.99167,0.592026,0.442502,0.352166,0.992735,0.563384,0.46961,0.183077,0.999868,0.651903,0.489334,0.341935,0.999089,0.596971,0.593038,-0.090257,0.99992,0.654147,0.609076,0.089962,0.999733
2026-08-21 23:09:37,Night_001,Right Side,0.57875,0.439177,0.34374,0.990477,0.586352,0.43823,0.351367,0.991944,0.580888,0.441354,0.308813,0.99149,0.592527,0.441723,0.348146,0.992402,0.56341,0.471777,0.199249,0.999858,0.652369,0.489262,0.325009,0.999064,0.596767,0.59828,-0.078359,0.999915,0.65433,0.609449,0.078002,0.999721
2026-08-21 23:10:38,Night_001,Left Side,0.579335,0.439004,0.373072,0.990601,0.5839,0.438928,0.383604,0.992248,0.582111,0.440339,0.330083,0.991687,0.591287,0.441894,0.381929,0.992682,0.564271,0.462424,0.1981,0.999852,0.642544,0.4899,0.355396,0.9991,0.595307,0.593023,-0.087945,0.999901,0.648273,0.606346,0.087594,0.999686
2026-08-21 23:10:38,Night_001,Right Side,0.579197,0.439064,0.337462,0.991234,0.583117,0.440231,0.349228,0.992767,0.581874,0.440535,0.296484,0.992255,0.591084,0.44219,0.354077,0.993152,0.568435,0.462661,0.17344,0.999859,0.643379,0.49076,0.345562,0.999128,0.59762,0.5931,-0.088857,0.999907,0.649646,0.606412,0.088444,0.999703
2026-08-21 23:12:08,Night_001,No Person Detected,,,,,,,,,,,,,,,,,,,,,,,,,,,,,,,,
2026-08-22 00:02:41,Night_001,Right Side,0.575142,0.420021,0.157213,0.997249,0.557449,0.422131,0.166167,0.995896,0.581105,0.428405,0.226256,0.998081,0.551094,0.433685,0.271257,0.996478,0.609757,0.462845,0.15978,0.999931,0.539149,0.492186,0.307273,0.999274,0.579173,0.609024,-0.080996,0.999685,0.543527,0.616418,0.080971,0.999242
2026-08-22 00:02:41,Night_001,No Person Detected,,,,,,,,,,,,,,,,,,,,,,,,,,,,,,,,
2026-08-22 00:02:42,Night_001,Right Side,0.563393,0.416342,0.038532,0.996562,0.542656,0.427621,0.0407,0.995598,0.575114,0.41904,0.141609,0.9976,0.536801,0.439727,0.153888,0.996588,0.608842,0.460877,0.146377,0.999934,0.524768,0.508117,0.214084,0.998753,0.606352,0.598128,-0.040437,0.999676,0.553146,0.61011,0.040447,0.999124
2026-08-22 00:02:46,Night_001,Left Side,0.552234,0.425055,0.429513,0.98922,0.553528,0.423881,0.442454,0.991224,0.550176,0.429844,0.378176,0.992631,0.561685,0.431176,0.441239,0.994357,0.546794,0.457832,0.226824,0.999646,0.620451,0.448641,0.380196,0.998333,0.576892,0.579364,-0.066778,0.999903,0.622149,0.579282,0.065816,0.999755
2026-08-22 00:02:46,Night_001,Right Side,0.563437,0.421307,0.461924,0.919444,0.560305,0.424463,0.467931,0.916139,0.566081,0.428695,0.452818,0.94472,0.562467,0.433828,0.467536,0.945793,0.549025,0.451422,0.312325,0.998323,0.594929,0.457022,0.413398,0.991479,0.579185,0.566816,-0.047805,0.99983,0.589844,0.571669,0.047429,0.99949
2026-08-22 00:02:48,Night_001,No Person Detected,,,,,,,,,,,,,,,,,,,,,,,,,,,,,,,,
2026-08-22 00:02:48,Night_001,Right Side,0.599479,0.421108,0.048786,0.949015,0.577465,0.416002,0.042649,0.9509,0.606321,0.430404,0.166131,0.962644,0.561437,0.421514,0.135377,0.965728,0.624529,0.47973,0.167871,0.999084,0.519178,0.486454,0.176959,0.993584,0.600223,0.606716,-0.008083,0.999718,0.533065,0.59665,0.008226,0.999268
2026-08-22 00:02:48,Night_001,No Person Detected,,,,,,,,,,,,,,,,,,,,,,,,,,,,,,,,
2026-08-22 00:02:48,Night_001,Right Side,0.594494,0.417338,0.01227,0.95409,0.569277,0.414477,0.006016,0.955791,0.602688,0.425383,0.142471,0.966345,0.555162,0.420781,0.110634,0.969147,0.620219,0.476987,0.166849,0.999133,0.515677,0.481725,0.176375,0.994156,0.597222,0.611263,-0.014559,0.999444,0.531584,0.601066,0.014786,0.998978
2026-08-22 00:02:51,Night_001,No Person Detected,,,,,,,,,,,,,,,,,,,,,,,,,,,,,,,,
2026-08-22 00:02:51,Night_001,Right Side,0.602752,0.345105,0.163059,0.980109,0.592169,0.345512,0.13062,0.976989,0.593964,0.344365,0.260475,0.98697,0.577483,0.345426,0.116597,0.984934,0.555979,0.404667,0.316553,0.99958,0.572546,0.434231,0.045747,0.997509,0.524494,0.68357,0.075816,0.998683,0.535033,0.679246,-0.076496,0.996988
2026-08-22 00:02:52,Night_001,Left Side,0.594455,0.45673,0.135934,0.833255,0.588325,0.456162,0.136433,0.838883,0.590518,0.452841,0.1078,0.875746,0.579598,0.451296,0.113143,0.882996,0.59947,0.469102,0.074185,0.997328,0.540377,0.453563,0.098337,0.994826,0.560954,0.686084,-0.007539,0.99921,0.520411,0.662395,0.006757,0.998184
2026-08-22 00:02:52,Night_001,Right Side,0.595492,0.396082,0.53684,0.830158,0.606272,0.395451,0.539747,0.832605,0.590428,0.408145,0.524154,0.882284,0.607384,0.407499,0.532634,0.885688,0.568081,0.442862,0.375899,0.997485,0.623022,0.447317,0.437779,0.994788,0.543375,0.622497,-0.029309,0.999405,0.585734,0.614867,0.028085,0.998609
2026-08-22 00:02:53,Night_001,No Person Detected,,,,,,,,,,,,,,,,,,,,,,,,,,,,,,,,
2026-08-22 00:19:15,Night_001,Right Side,0.618029,0.455879,0.256901,0.868992,0.611905,0.451798,0.23182,0.869821,0.609345,0.451443,0.282871,0.914371,0.601075,0.444694,0.168823,0.906072,0.542026,0.480525,0.256523,0.997676,0.593219,0.452075,0.058033,0.996168,0.539181,0.643863,0.065417,0.999275,0.559012,0.622568,-0.06612,0.998751
2026-08-22 00:19:15,Night_001,No Person Detected,,,,,,,,,,,,,,,,,,,,,,,,,,,,,,,,
2026-08-22 00:19:18,Night_001,Right Side,0.62433,0.445283,0.097314,0.892796,0.611359,0.434279,0.071006,0.892794,0.616337,0.451663,0.202436,0.929984,0.592974,0.429851,0.078355,0.922168,0.571157,0.486862,0.180584,0.997906,0.532743,0.448804,0.042225,0.996646,0.536204,0.66217,0.02667,0.999146,0.508523,0.642498,-0.02702,0.998513
2026-08-22 00:19:18,Night_001,No Person Detected,,,,,,,,,,,,,,,,,,,,,,,,,,,,,,,,
2026-08-22 00:19:20,Night_001,Right Side,0.626307,0.441397,0.163998,0.902824,0.61178,0.430179,0.149248,0.90255,0.620883,0.454287,0.267428,0.936534,0.593444,0.437196,0.196327,0.929297,0.601959,0.494118,0.223988,0.997981,0.527019,0.460157,0.160012,0.996134,0.551337,0.637239,0.001686,0.999027,0.512858,0.615871,-0.0017,0.998206
2026-08-22 00:19:20,Night_001,No Person Detected,,,,,,,,,,,,,,,,,,,,,,,,,,,,,,,,
2026-08-22 00:19:22,Night_001,Right Side,0.624634,0.436325,0.146932,0.912057,0.609612,0.42515,0.134976,0.91177,0.617778,0.449322,0.237413,0.942557,0.592246,0.43468,0.179038,0.935971,0.616265,0.490001,0.186719,0.998164,0.516466,0.463701,0.189509,0.996364,0.574075,0.633664,0.004518,0.999097,0.510419,0.623741,-0.004677,0.998331
2026-08-22 00:19:22,Night_001,No Person Detected,,,,,,,,,,,,,,,,,,,,,,,,,,,,,,,,
2026-08-22 00:19:22,Night_001,Right Side,0.621871,0.436495,0.192014,0.92739,0.608004,0.426249,0.180077,0.927101,0.616961,0.450667,0.294125,0.952453,0.592874,0.434722,0.23717,0.947172,0.612222,0.495935,0.279356,0.998234,0.523369,0.460271,0.19283,0.996714,0.570871,0.620649,0.047681,0.99911,0.520773,0.606181,-0.04803,0.99845
2026-08-22 00:19:22,Night_001,No Person Detected,,,,,,,,,,,,,,,,,,,,,,,,,,,,,,,,
2026-08-22 00:19:23,Night_001,Right Side,0.621745,0.444323,0.097708,0.932822,0.610021,0.435527,0.074255,0.930687,0.614636,0.451536,0.188737,0.956089,0.594774,0.437612,0.077416,0.947953,0.575054,0.482325,0.171228,0.998154,0.532099,0.452816,0.042701,0.996603,0.548471,0.64246,0.036347,0.998985,0.514497,0.631895,-0.036675,0.998195
2026-08-22 00:19:23,Night_001,No Person Detected,,,,,,,,,,,,,,,,,,,,,,,,,,,,,,,,
2026-08-22 00:19:23,Night_001,Right Side,0.628625,0.445137,0.158715,0.944953,0.614906,0.431784,0.140754,0.942999,0.62145,0.455924,0.260399,0.964024,0.594326,0.435272,0.172937,0.956999,0.610777,0.510557,0.216572,0.998358,0.511774,0.45269,0.171487,0.996761,0.554258,0.65118,0.001351,0.999032,0.498653,0.625233,-0.001542,0.998282
2026-08-22 00:19:23,Night_001,No Person Detected,,,,,,,,,,,,,,,,,,,,,,,,,,,,,,,,
2026-08-22 00:19:26,Night_001,Right Side,0.624762,0.441346,0.143346,0.950241,0.612879,0.430382,0.129453,0.948282,0.616469,0.452813,0.233075,0.967506,0.594564,0.436367,0.165416,0.96086,0.608746,0.501025,0.206221,0.998489,0.524797,0.452436,0.134971,0.996951,0.570433,0.63733,0.037553,0.999014,0.514094,0.616948,-0.037751,0.998319
2026-08-22 00:19:26,Night_001,No Person Detected,,,,,,,,,,,,,,,,,,,,,,,,,,,,,,,,
2026-08-22 00:19:27,Night_001,Right Side,0.626778,0.444101,0.152243,0.955157,0.613387,0.432478,0.138377,0.95337,0.618929,0.454175,0.243706,0.970701,0.595123,0.436204,0.17653,0.964696,0.608545,0.494529,0.219802,0.998607,0.524415,0.458066,0.149347,0.997173,0.569441,0.614013,0.02241,0.998932,0.517181,0.601633,-0.022523,0.998338
2026-08-22 00:19:27,Night_001,No Person Detected,,,,,,,,,,,,,,,,,,,,,,,,,,,,,,,,
2026-08-22 00:19:27,Night_001,Right Side,0.623822,0.441244,0.174217,0.959593,0.60831,0.430006,0.159294,0.957982,0.618717,0.455077,0.279455,0.973585,0.591354,0.437705,0.207359,0.968199,0.611552,0.497337,0.237561,0.998729,0.517226,0.459363,0.206901,0.997405,0.564376,0.624688,0.005301,0.998996,0.511077,0.622083,-0.005619,0.998449
2026-08-22 00:19:27,Night_001,No Person Detected,,,,,,,,,,,,,,,,,,,,,,,,,,,,,,,,
2026-08-22 00:19:28,Night_001,Right Side,0.62647,0.441284,0.138424,0.963403,0.61096,0.428961,0.122165,0.961945,0.620152,0.452753,0.233612,0.976055,0.592357,0.435918,0.155327,0.971179,0.608408,0.496033,0.209012,0.998712,0.518433,0.452673,0.127743,0.997352,0.568488,0.635303,0.030825,0.998883,0.507234,0.620172,-0.031027,0.998341
2026-08-22 00:19:29,Night_001,No Person Detected,,,,,,,,,,,,,,,,,,,,,,,,,,,,,,,,
2026-08-22 00:19:29,Night_001,Right Side,0.624267,0.442894,0.147097,0.966687,0.610813,0.432839,0.12497,0.965228,0.616859,0.450792,0.248772,0.978214,0.592998,0.433654,0.144636,0.973544,0.586742,0.491262,0.227504,0.998654,0.522739,0.45605,0.112422,0.997363,0.558452,0.647567,0.036441,0.998782,0.511827,0.636221,-0.036683,0.998222
2026-08-22 00:19:30,Night_001,No Person Detected,,,,,,,,,,,,,,,,,,,,,,,,,,,,,,,,
2026-08-22 00:19:31,Night_001,Right Side,0.624187,0.440949,0.116713,0.972123,0.611669,0.431018,0.10025,0.970634,0.618077,0.450174,0.209802,0.981687,0.595433,0.434247,0.128831,0.977404,0.602403,0.492326,0.190175,0.99859,0.525061,0.451374,0.110196,0.997202,0.565208,0.638737,0.015996,0.99865,0.512709,0.615029,-0.016065,0.997811
2026-08-22 00:19:31,Night_001,No Person Detected,,,,,,,,,,,,,,,,,,,,,,,,,,,,,,,,
2026-08-22 00:19:31,Night_001,Right Side,0.621091,0.440455,0.146166,0.974679,0.606749,0.429862,0.127885,0.973327,0.615453,0.451701,0.249213,0.983334,0.592135,0.435349,0.162393,0.979458,0.60388,0.49718,0.215247,0.998601,0.51358,0.462219,0.151824,0.997114,0.563607,0.649714,0.014665,0.998577,0.505184,0.633978,-0.014982,0.997729
2026-08-22 00:19:31,Night_001,No Person Detected,,,,,,,,,,,,,,,,,,,,,,,,,,,,,,,,
2026-08-22 00:19:33,Night_001,Right Side,0.622879,0.440551,0.162241,0.978667,0.609988,0.428512,0.151717,0.977097,0.616617,0.452914,0.243182,0.985948,0.593783,0.435407,0.189333,0.981969,0.607239,0.495166,0.21313,0.998762,0.520637,0.464845,0.19121,0.99734,0.55618,0.62689,0.007613,0.9987,0.508046,0.618913,-0.007495,0.997892
2026-08-22 00:19:34,Night_001,No Person Detected,,,,,,,,,,,,,,,,,,,,,,,,,,,,,,,,
2026-08-22 00:19:40,Night_001,Right Side,0.624082,0.445392,0.211872,0.980797,0.610979,0.434214,0.196281,0.979384,0.617149,0.456305,0.313553,0.987351,0.593593,0.436862,0.23921,0.98377,0.605571,0.504037,0.295606,0.998879,0.524037,0.453105,0.188695,0.997603,0.569046,0.618853,0.049834,0.998809,0.515236,0.602976,-0.0501,0.998091
2026-08-22 00:19:40,Night_001,No Person Detected,,,,,,,,,,,,,,,,,,,,,,,,,,,,,,,,
2026-08-22 00:19:40,Night_001,Right Side,0.625866,0.443791,0.098597,0.981142,0.612057,0.430985,0.078228,0.979212,0.619176,0.4538,0.220879,0.987456,0.593037,0.430927,0.124833,0.983066,0.598826,0.522049,0.212315,0.998649,0.526434,0.455126,0.083394,0.997295,0.545578,0.662545,0.026381,0.998761,0.503841,0.629603,-0.026322,0.997918
2026-08-22 00:19:40,Night_001,No Person Detected,,,,,,,,,,,,,,,,,,,,,,,,,,,,,,,,
2026-08-22 00:19:42,Night_001,Right Side,0.623783,0.440952,0.144304,0.982822,0.609391,0.428098,0.126074,0.981039,0.616268,0.450591,0.249446,0.988527,0.593719,0.434352,0.162606,0.984526,0.596267,0.493099,0.212136,0.998696,0.518647,0.452509,0.126754,0.997227,0.553905,0.648687,0.00968,0.998554,0.508361,0.629097,-0.009749,0.997748
2026-08-22 00:19:42,Night_001,No Person Detected,,,,,,,,,,,,,,,,,,,,,,,,,,,,,,,,
2026-08-22 00:19:42,Night_001,Right Side,0.620769,0.441464,0.140375,0.98516,0.606184,0.432094,0.119556,0.983638,0.615574,0.45044,0.231303,0.990068,0.592155,0.43499,0.132802,0.986578,0.594034,0.492607,0.209227,0.998651,0.520475,0.461687,0.116108,0.99739,0.562228,0.65856,0.028229,0.998486,0.514182,0.641073,-0.02846,0.997617
2026-08-22 00:19:42,Night_001,No Person Detected,,,,,,,,,,,,,,,,,,,,,,,,,,,,,,,,
2026-08-22 00:19:42,Night_001,Right Side,0.621277,0.43847,0.176805,0.987196,0.606343,0.429103,0.157518,0.985461,0.616381,0.44693,0.276116,0.991457,0.590204,0.43339,0.186005,0.987769,0.60533,0.493758,0.243492,0.998728,0.516716,0.458089,0.161694,0.997414,0.569259,0.646367,0.027345,0.998683,0.516102,0.629135,-0.027649,0.997907
2026-08-22 00:19:43,Night_001,No Person Detected,,,,,,,,,,,,,,,,,,,,,,,,,,,,,,,,
2026-08-22 00:19:46,Night_001,Right Side,0.621303,0.44707,0.218486,0.98889,0.608513,0.437363,0.194185,0.986816,0.614022,0.452957,0.299519,0.992515,0.591875,0.438217,0.185188,0.988326,0.5596,0.482976,0.284703,0.998842,0.53525,0.454625,0.123883,0.997822,0.548639,0.644443,0.057966,0.998853,0.526349,0.638174,-0.058578,0.998208
2026-08-22 00:19:46,Night_001,No Person Detected,,,,,,,,,,,,,,,,,,,,,,,,,,,,,,,,
2026-08-22 00:19:47,Night_001,Right Side,0.622938,0.443722,0.128145,0.991338,0.610078,0.434557,0.114728,0.989619,0.616679,0.454204,0.221301,0.994094,0.594233,0.43766,0.156207,0.990708,0.602219,0.504299,0.19763,0.998907,0.523258,0.462944,0.125356,0.997854,0.562281,0.636959,0.020102,0.998821,0.51036,0.616292,-0.020124,0.998262
2026-08-22 00:19:47,Night_001,No Person Detected,,,,,,,,,,,,,,,,,,,,,,,,,,,,,,,,
2026-08-22 00:19:47,Night_001,Right Side,0.625829,0.439215,0.104028,0.990889,0.611974,0.428146,0.083579,0.989053,0.617716,0.450627,0.195714,0.993868,0.593212,0.434136,0.09821,0.990296,0.592747,0.495851,0.173858,0.998917,0.524039,0.460172,0.075439,0.997466,0.549433,0.667457,0.016269,0.998805,0.512537,0.638494,-0.016399,0.998087
2026-08-22 00:19:47,Night_001,No Person Detected,,,,,,,,,,,,,,,,,,,,,,,,,,,,,,,,
2026-08-22 00:19:49,Night_001,Right Side,0.627746,0.444741,0.132725,0.991786,0.610219,0.431002,0.116536,0.990131,0.623145,0.455585,0.246777,0.994465,0.590854,0.435287,0.16801,0.991257,0.616088,0.513037,0.207585,0.999006,0.516713,0.459667,0.178503,0.997639,0.563979,0.635959,-0.007227,0.998865,0.513291,0.630253,0.007055,0.998194
2026-08-22 00:19:49,Night_001,No Person Detected,,,,,,,,,,,,,,,,,,,,,,,,,,,,,,,,
2026-08-22 00:19:50,Night_001,Right Side,0.622841,0.446103,0.100226,0.989729,0.610616,0.436727,0.075011,0.986202,0.614065,0.45276,0.194303,0.993237,0.592601,0.438429,0.075625,0.986182,0.579776,0.483815,0.181958,0.9989,0.526533,0.455358,0.042285,0.997175,0.552089,0.646843,0.035347,0.998791,0.513112,0.631801,-0.035578,0.997939
2026-08-22 00:19:50,Night_001,No Person Detected,,,,,,,,,,,,,,,,,,,,,,,,,,,,,,,,
2026-08-22 00:19:51,Night_001,Right Side,0.626206,0.441354,0.131619,0.990111,0.611538,0.428379,0.111714,0.986754,0.617825,0.451827,0.249826,0.99347,0.592089,0.430152,0.155698,0.986803,0.594621,0.502182,0.22728,0.998874,0.51788,0.451818,0.112084,0.997051,0.553953,0.668995,0.024978,0.998809,0.501829,0.644341,-0.02515,0.998008
2026-08-22 00:19:51,Night_001,No Person Detected,,,,,,,,,,,,,,,,,,,,,,,,,,,,,,,,
2026-08-22 00:19:54,Night_001,Right Side,0.622717,0.439511,0.154883,0.991649,0.607732,0.427524,0.141963,0.988828,0.61667,0.452495,0.247055,0.994481,0.591527,0.436588,0.184074,0.988945,0.614947,0.488498,0.209721,0.999012,0.515382,0.459768,0.189388,0.99749,0.573855,0.622724,0.012908,0.99897,0.514637,0.612305,-0.013119,0.998287
2026-08-22 00:19:54,Night_001,No Person Detected,,,,,,,,,,,,,,,,,,,,,,,,,,,,,,,,
2026-08-22 00:19:56,Night_001,Right Side,0.62635,0.445033,0.133359,0.99243,0.612977,0.431133,0.118211,0.9899,0.619138,0.456556,0.221295,0.994977,0.59476,0.435271,0.148346,0.990029,0.606051,0.512585,0.207527,0.999095,0.517619,0.456772,0.147134,0.997731,0.55232,0.634728,0.025133,0.998996,0.503455,0.617424,-0.025322,0.998392
2026-08-22 00:19:56,Night_001,No Person Detected,,,,,,,,,,,,,,,,,,,,,,,,,,,,,,,,
2026-08-22 00:19:56,Night_001,Right Side,0.622142,0.444969,0.106976,0.991078,0.607007,0.435127,0.087292,0.987576,0.616231,0.452238,0.198236,0.994092,0.591528,0.438069,0.106046,0.986662,0.596112,0.487405,0.170213,0.999036,0.523147,0.458347,0.065034,0.997122,0.565043,0.64236,0.031318,0.998933,0.513801,0.629283,-0.031465,0.998305
2026-08-22 00:19:56,Night_001,No Person Detected,,,,,,,,,,,,,,,,,,,,,,,,,,,,,,,,
2026-08-22 00:19:58,Night_001,Right Side,0.620763,0.442842,0.175384,0.990928,0.606582,0.432247,0.153645,0.986835,0.615164,0.450756,0.285671,0.993752,0.590458,0.435486,0.184105,0.984785,0.592821,0.500989,0.269731,0.998707,0.521636,0.452447,0.14604,0.996892,0.561507,0.653216,0.036048,0.998501,0.512889,0.629366,-0.036208,0.997644
2026-08-22 00:19:58,Night_001,No Person Detected,,,,,,,,,,,,,,,,,,,,,,,,,,,,,,,,
2026-08-22 00:19:59,Night_001,Right Side,0.627398,0.451714,0.055454,0.989548,0.614804,0.437507,0.041183,0.985414,0.620203,0.460636,0.174664,0.992643,0.596616,0.439354,0.104766,0.984689,0.601342,0.528672,0.158956,0.998474,0.521596,0.457477,0.082384,0.996099,0.534052,0.676912,0.014179,0.99873,0.484105,0.640214,-0.013931,0.997926
2026-08-22 00:19:59,Night_001,No Person Detected,,,,,,,,,,,,,,,,,,,,,,,,,,,,,,,,
2026-08-22 00:19:59,Night_001,Right Side,0.622835,0.44193,0.16793,0.990476,0.606119,0.429503,0.154035,0.986749,0.61829,0.453354,0.266675,0.993295,0.591836,0.437029,0.196767,0.986158,0.61685,0.500676,0.222154,0.998604,0.520728,0.463058,0.215889,0.99632,0.567452,0.633433,-0.005054,0.998796,0.509342,0.619587,0.005045,0.997999
2026-08-22 00:19:59,Night_001,No Person Detected,,,,,,,,,,,,,,,,,,,,,,,,,,,,,,,,
2026-08-22 00:20:00,Night_001,Right Side,0.62153,0.445799,0.224295,0.990512,0.607144,0.438426,0.204587,0.986728,0.615072,0.451965,0.3019,0.993326,0.591905,0.440074,0.208934,0.986376,0.576284,0.478526,0.270297,0.998675,0.538857,0.47065,0.158091,0.996595,0.561948,0.632684,0.049036,0.998862,0.528359,0.630077,-0.049465,0.998121
2026-08-22 00:20:00,Night_001,No Person Detected,,,,,,,,,,,,,,,,,,,,,,,,,,,,,,,,
2026-08-22 00:20:01,Night_001,Right Side,0.627888,0.44811,0.106002,0.993353,0.613601,0.436713,0.086428,0.990578,0.618712,0.454711,0.213216,0.995311,0.596388,0.437806,0.12026,0.990314,0.59756,0.503522,0.184212,0.998847,0.533088,0.457094,0.089932,0.997378,0.552229,0.650439,0.022194,0.998999,0.511991,0.630641,-0.022441,0.998366
2026-08-22 00:20:01,Night_001,No Person Detected,,,,,,,,,,,,,,,,,,,,,,,,,,,,,,,,
2026-08-22 00:20:02,Night_001,Right Side,0.629047,0.44787,0.083225,0.993044,0.614436,0.434946,0.065933,0.990222,0.619839,0.457065,0.1912,0.995103,0.59482,0.438153,0.10847,0.989771,0.604472,0.52262,0.168947,0.998818,0.52523,0.45426,0.078647,0.997048,0.538859,0.674183,0.026365,0.99898,0.497909,0.631911,-0.026386,0.998291
2026-08-22 00:20:02,Night_001,No Person Detected,,,,,,,,,,,,,,,,,,,,,,,,,,,,,,,,
2026-08-22 00:20:03,Night_001,Right Side,0.624064,0.444271,0.161233,0.993468,0.610591,0.434454,0.139529,0.990692,0.617086,0.452417,0.270577,0.995422,0.59311,0.437183,0.16717,0.990305,0.590926,0.493978,0.25487,0.998846,0.52837,0.455303,0.121107,0.997151,0.561992,0.645273,0.042425,0.998968,0.509683,0.632848,-0.0427,0.998266
2026-08-22 00:20:03,Night_001,No Person Detected,,,,,,,,,,,,,,,,,,,,,,,,,,,,,,,,
2026-08-22 00:20:04,Night_001,Right Side,0.63003,0.443508,0.155095,0.994589,0.614475,0.430343,0.134972,0.99235,0.621838,0.453965,0.260815,0.996176,0.593848,0.430822,0.164605,0.992084,0.612679,0.507315,0.222654,0.998976,0.515711,0.455941,0.164979,0.997448,0.554415,0.645865,0.004174,0.999071,0.509647,0.624088,-0.004459,0.99841
2026-08-22 00:20:04,Night_001,No Person Detected,,,,,,,,,,,,,,,,,,,,,,,,,,,,,,,,
2026-08-22 00:20:05,Night_001,Right Side,0.622856,0.450587,0.139673,0.995044,0.606686,0.435434,0.130679,0.993,0.617878,0.458992,0.223392,0.996501,0.592728,0.437658,0.174969,0.99281,0.613097,0.529035,0.188508,0.999066,0.514271,0.464456,0.202035,0.997471,0.549203,0.665551,-0.009032,0.999149,0.489661,0.639364,0.009166,0.998512
2026-08-22 00:20:05,Night_001,No Person Detected,,,,,,,,,,,,,,,,,,,,,,,,,,,,,,,,
2026-08-22 00:20:05,Night_001,Right Side,0.62246,0.444126,0.177477,0.994963,0.607826,0.433803,0.152744,0.992882,0.615915,0.451731,0.287464,0.996373,0.591311,0.436969,0.173287,0.992634,0.588138,0.501331,0.271556,0.998912,0.520279,0.455853,0.11694,0.997527,0.560002,0.660173,0.042314,0.999152,0.514472,0.641033,-0.042846,0.998565
2026-08-22 00:20:05,Night_001,No Person Detected,,,,,,,,,,,,,,,,,,,,,,,,,,,,,,,,
2026-08-22 00:20:06,Night_001,Right Side,0.628066,0.446722,0.104926,0.995121,0.614477,0.434357,0.08953,0.993051,0.619651,0.455312,0.201273,0.99654,0.597085,0.43813,0.127199,0.992854,0.603402,0.513488,0.174268,0.998838,0.526511,0.453084,0.097053,0.997548,0.553723,0.643797,0.033842,0.998811,0.509483,0.619369,-0.034015,0.99833
2026-08-22 00:20:06,Night_001,No Person Detected,,,,,,,,,,,,,,,,,,,,,,,,,,,,,,,,
2026-08-22 00:20:07,Night_001,Right Side,0.627861,0.44831,0.124581,0.995408,0.612378,0.433578,0.10506,0.993464,0.619961,0.45586,0.23578,0.996752,0.593849,0.436325,0.142561,0.993363,0.598942,0.512375,0.205296,0.998814,0.524253,0.454245,0.125374,0.997518,0.546228,0.654679,0.016791,0.998744,0.507934,0.627987,-0.016977,0.998119
2026-08-22 00:20:07,Night_001,No Person Detected,,,,,,,,,,,,,,,,,,,,,,,,,,,,,,,,
2026-08-22 00:20:08,Night_001,Right Side,0.623023,0.445962,0.100815,0.994955,0.609794,0.435504,0.078465,0.99235,0.616042,0.453602,0.201708,0.996387,0.593535,0.437687,0.0966,0.991893,0.589219,0.497814,0.189912,0.998632,0.525445,0.459031,0.05845,0.997377,0.555381,0.660242,0.032897,0.99863,0.506778,0.647059,-0.033023,0.997877
2026-08-22 00:20:08,Night_001,No Person Detected,,,,,,,,,,,,,,,,,,,,,,,,,,,,,,,,
2026-08-22 00:20:09,Night_001,Right Side,0.622729,0.442316,0.143749,0.995377,0.608101,0.428485,0.132567,0.99302,0.616888,0.45517,0.230601,0.996698,0.59195,0.434762,0.176563,0.992627,0.610794,0.493459,0.192482,0.998764,0.514897,0.455635,0.192963,0.997626,0.569277,0.620612,0.010142,0.998746,0.509276,0.614902,-0.010413,0.998068
2026-08-22 00:20:09,Night_001,No Person Detected,,,,,,,,,,,,,,,,,,,,,,,,,,,,,,,,
2026-08-22 00:20:09,Night_001,Right Side,0.620748,0.44105,0.192409,0.995782,0.606512,0.428855,0.180683,0.993643,0.61539,0.452551,0.283458,0.996997,0.592267,0.436724,0.226153,0.993319,0.607084,0.490181,0.24121,0.998861,0.521624,0.456699,0.203205,0.997817,0.568108,0.627814,0.020834,0.998813,0.513761,0.616197,-0.021102,0.998193
2026-08-22 00:20:09,Night_001,No Person Detected,,,,,,,,,,,,,,,,,,,,,,,,,,,,,,,,
2026-08-22 00:20:11,Night_001,Right Side,0.617008,0.443728,0.214796,0.994632,0.604414,0.436321,0.190492,0.991444,0.612286,0.449266,0.296204,0.99644,0.591124,0.437143,0.183184,0.991174,0.566577,0.476853,0.282356,0.998911,0.560295,0.459204,0.110075,0.997982,0.550861,0.650302,0.063196,0.998839,0.535673,0.642716,-0.063856,0.998242
2026-08-22 00:20:11,Night_001,No Person Detected,,,,,,,,,,,,,,,,,,,,,,,,,,,,,,,,
2026-08-22 00:20:11,Night_001,Right Side,0.624725,0.448418,0.103242,0.994968,0.611304,0.435159,0.083103,0.991771,0.616759,0.458035,0.200021,0.996647,0.595277,0.434396,0.10422,0.991107,0.574241,0.507021,0.185181,0.998736,0.531761,0.455926,0.062186,0.997943,0.527614,0.661659,0.041282,0.998777,0.49477,0.633918,-0.041344,0.998122
2026-08-22 00:20:11,Night_001,No Person Detected,,,,,,,,,,,,,,,,,,,,,,,,,,,,,,,,
2026-08-22 00:20:12,Night_001,Right Side,0.626021,0.450181,0.064261,0.994522,0.611046,0.435337,0.050342,0.990826,0.620171,0.459956,0.171101,0.996334,0.593857,0.438765,0.103701,0.98936,0.606995,0.525934,0.152639,0.998726,0.523554,0.460129,0.085407,0.997148,0.54522,0.660043,0.022147,0.998827,0.495738,0.622603,-0.022077,0.998122
2026-08-22 00:20:12,Night_001,No Person Detected,,,,,,,,,,,,,,,,,,,,,,,,,,,,,,,,
2026-08-22 00:20:12,Night_001,Right Side,0.614549,0.445529,0.255842,0.993813,0.602516,0.438833,0.233265,0.989416,0.610649,0.449621,0.32873,0.995993,0.590296,0.440418,0.224196,0.987841,0.557132,0.47574,0.308777,0.998703,0.561349,0.46668,0.14495,0.997346,0.548402,0.640552,0.061682,0.998726,0.539224,0.632151,-0.062306,0.998003
2026-08-22 00:20:12,Night_001,No Person Detected,,,,,,,,,,,,,,,,,,,,,,,,,,,,,,,,
2026-08-22 00:20:13,Night_001,Right Side,0.62613,0.441343,0.156661,0.994925,0.611006,0.42932,0.147837,0.991349,0.621339,0.456816,0.233834,0.996696,0.59385,0.435807,0.188051,0.990098,0.616916,0.517542,0.202205,0.998891,0.522014,0.467571,0.201789,0.997797,0.5589,0.635649,0.00709,0.998946,0.507483,0.619642,-0.007045,0.998347
2026-08-22 00:20:13,Night_001,No Person Detected,,,,,,,,,,,,,,,,,,,,,,,,,,,,,,,,
2026-08-22 00:20:14,Night_001,Right Side,0.623646,0.454926,0.137261,0.995404,0.610866,0.441711,0.120385,0.992157,0.617319,0.461027,0.228903,0.997001,0.5958,0.439942,0.15029,0.991041,0.587224,0.518845,0.230422,0.998923,0.533504,0.452257,0.121395,0.997997,0.538544,0.63254,0.046542,0.998892,0.496484,0.614144,-0.04681,0.998403
2026-08-22 00:20:14,Night_001,No Person Detected,,,,,,,,,,,,,,,,,,,,,,,,,,,,,,,,
2026-08-22 00:20:15,Night_001,Right Side,0.6246,0.448956,0.025359,0.99546,0.609603,0.433337,0.008444,0.992243,0.617145,0.458843,0.14684,0.99702,0.590956,0.436323,0.06437,0.99112,0.599423,0.52736,0.136937,0.998938,0.519812,0.459179,0.050432,0.997322,0.53006,0.67602,0.015285,0.998923,0.479909,0.644163,-0.015052,0.998312
2026-08-22 00:20:15,Night_001,No Person Detected,,,,,,,,,,,,,,,,,,,,,,,,,,,,,,,,
2026-08-22 00:20:15,Night_001,Right Side,0.617073,0.446859,0.210951,0.995247,0.60467,0.439066,0.184548,0.992217,0.612294,0.450712,0.289916,0.996725,0.590995,0.440091,0.167942,0.991164,0.567598,0.480172,0.276733,0.998931,0.548517,0.468338,0.117969,0.997491,0.550238,0.660421,0.042078,0.998963,0.531018,0.646074,-0.042597,0.9984
2026-08-22 00:20:16,Night_001,No Person Detected,,,,,,,,,,,,,,,,,,,,,,,,,,,,,,,,
2026-08-22 00:20:17,Night_001,Right Side,0.61653,0.442281,0.25196,0.994513,0.602057,0.435743,0.228021,0.991617,0.612226,0.447427,0.335743,0.996262,0.588527,0.439066,0.225157,0.991142,0.564186,0.481497,0.313046,0.99897,0.566236,0.461256,0.147782,0.997116,0.555916,0.642424,0.057212,0.999061,0.544272,0.634279,-0.058112,0.998419
2026-08-22 00:20:17,Night_001,No Person Detected,,,,,,,,,,,,,,,,,,,,,,,,,,,,,,,,
2026-08-22 00:20:18,Night_001,Right Side,0.623985,0.445711,0.137477,0.994585,0.610167,0.434607,0.113243,0.992125,0.614576,0.452999,0.242223,0.996242,0.590521,0.437308,0.128411,0.991925,0.581668,0.494511,0.218453,0.998704,0.522579,0.452265,0.084598,0.99758,0.554758,0.664055,0.034753,0.999151,0.512007,0.641549,-0.034989,0.998601
2026-08-22 00:20:19,Night_001,No Person Detected,,,,,,,,,,,,,,,,,,,,,,,,,,,,,,,,
2026-08-22 00:20:19,Night_001,Right Side,0.624975,0.44797,0.144463,0.995462,0.612343,0.434285,0.128494,0.993354,0.617082,0.45746,0.240096,0.99681,0.595767,0.437601,0.164331,0.993245,0.585811,0.510696,0.224931,0.998832,0.524734,0.451048,0.125885,0.99799,0.543737,0.629799,0.048122,0.999075,0.502152,0.612523,-0.048403,0.998701
2026-08-22 00:20:19,Night_001,No Person Detected,,,,,,,,,,,,,,,,,,,,,,,,,,,,,,,,
2026-08-22 00:20:20,Night_001,Right Side,0.619783,0.444368,0.143959,0.995099,0.60689,0.436433,0.120709,0.992888,0.612935,0.44898,0.232915,0.9966,0.590855,0.438033,0.123724,0.992873,0.583196,0.477739,0.208142,0.99883,0.519974,0.460596,0.103612,0.997905,0.558563,0.649543,0.031285,0.998874,0.517398,0.64243,-0.031549,0.9983
2026-08-22 00:20:21,Night_001,No Person Detected,,,,,,,,,,,,,,,,,,,,,,,,,,,,,,,,
2026-08-22 00:20:21,Night_001,Right Side,0.627785,0.44244,0.1314,0.99589,0.612544,0.430731,0.118907,0.9941,0.621993,0.457302,0.219056,0.997137,0.593415,0.437315,0.157039,0.994161,0.61828,0.509706,0.197143,0.999021,0.517868,0.461019,0.168825,0.998274,0.567182,0.637626,0.016443,0.999069,0.509827,0.618992,-0.016511,0.998594
2026-08-22 00:20:21,Night_001,No Person Detected,,,,,,,,,,,,,,,,,,,,,,,,,,,,,,,,
2026-08-22 00:20:23,Night_001,Right Side,0.626883,0.443929,0.127279,0.996241,0.611619,0.43052,0.11466,0.994626,0.620567,0.454883,0.214315,0.997378,0.592663,0.43554,0.151995,0.9947,0.611294,0.511322,0.184787,0.999101,0.520027,0.458675,0.17083,0.998409,0.571296,0.632178,0.011469,0.999064,0.504924,0.618488,-0.011496,0.998643
2026-08-22 00:20:23,Night_001,No Person Detected,,,,,,,,,,,,,,,,,,,,,,,,,,,,,,,,
2026-08-22 00:20:25,Night_001,Right Side,0.626522,0.444194,0.15837,0.996568,0.611119,0.430893,0.145263,0.99512,0.61873,0.45563,0.243601,0.997607,0.592334,0.4354,0.177689,0.995213,0.606669,0.510339,0.208988,0.999185,0.513885,0.460717,0.19887,0.998544,0.548809,0.636497,0.000257,0.999144,0.498171,0.618084,-0.000164,0.998745
2026-08-22 00:20:25,Night_001,No Person Detected,,,,,,,,,,,,,,,,,,,,,,,,,,,,,,,,
2026-08-22 00:20:31,Night_001,Right Side,0.624225,0.442752,0.109578,0.996485,0.610355,0.432103,0.088355,0.994985,0.616233,0.452459,0.209745,0.997578,0.593973,0.436904,0.108733,0.995034,0.587729,0.503094,0.187987,0.999173,0.522067,0.460025,0.088344,0.998275,0.536437,0.666912,0.016923,0.99911,0.500539,0.638203,-0.017112,0.99858
2026-08-22 00:20:31,Night_001,No Person Detected,,,,,,,,,,,,,,,,,,,,,,,,,,,,,,,,
2026-08-22 00:20:32,Night_001,Right Side,0.626428,0.444225,0.071218,0.996128,0.61091,0.431036,0.049713,0.994692,0.6182,0.453152,0.17963,0.997206,0.58945,0.435354,0.076439,0.994791,0.608341,0.511006,0.164908,0.999114,0.517049,0.45656,0.074984,0.99806,0.56266,0.672688,0.022332,0.999085,0.502593,0.637789,-0.022525,0.998442
2026-08-22 00:20:32,Night_001,No Person Detected,,,,,,,,,,,,,,,,,,,,,,,,,,,,,,,,
2026-08-22 00:20:33,Night_001,Right Side,0.627107,0.448145,0.184596,0.996706,0.612984,0.436777,0.170092,0.995532,0.618955,0.456237,0.276686,0.99758,0.593641,0.436512,0.206341,0.995656,0.610468,0.502695,0.259848,0.999262,0.519565,0.457511,0.184797,0.9984,0.570058,0.623465,0.041943,0.999224,0.510505,0.611779,-0.042206,0.998708
2026-08-22 00:20:33,Night_001,No Person Detected,,,,,,,,,,,,,,,,,,,,,,,,,,,,,,,,
2026-08-22 00:20:36,Night_001,Right Side,0.623418,0.443601,0.129862,0.995793,0.607636,0.432631,0.110569,0.994523,0.617529,0.453536,0.238645,0.996934,0.592275,0.436434,0.147621,0.994665,0.599771,0.499355,0.207888,0.999118,0.521798,0.457918,0.12323,0.997937,0.553446,0.648147,0.020763,0.999183,0.505854,0.620723,-0.020918,0.998562
2026-08-22 00:20:36,Night_001,No Person Detected,,,,,,,,,,,,,,,,,,,,,,,,,,,,,,,,
2026-08-22 00:20:36,Night_001,Right Side,0.62615,0.443608,0.098744,0.995048,0.611131,0.433748,0.075967,0.993305,0.615393,0.451541,0.206943,0.996354,0.592452,0.43676,0.097428,0.993674,0.585696,0.493904,0.183617,0.999077,0.522913,0.454471,0.065165,0.997401,0.552009,0.661831,0.01682,0.999035,0.507681,0.639153,-0.016949,0.99829
2026-08-22 00:20:36,Night_001,No Person Detected,,,,,,,,,,,,,,,,,,,,,,,,,,,,,,,,
2026-08-22 00:20:37,Night_001,Right Side,0.628065,0.44517,0.167839,0.995913,0.612064,0.43179,0.150915,0.994486,0.623075,0.456113,0.271007,0.99698,0.592032,0.435091,0.189157,0.99481,0.616437,0.500515,0.232875,0.999207,0.515777,0.460527,0.194479,0.997803,0.569184,0.629084,0.00336,0.999134,0.515378,0.61871,-0.003433,0.998484
2026-08-22 00:20:37,Night_001,No Person Detected,,,,,,,,,,,,,,,,,,,,,,,,,,,,,,,,
2026-08-22 00:20:37,Night_001,Right Side,0.623948,0.454344,0.039278,0.99551,0.610726,0.438919,0.014793,0.993273,0.615207,0.458871,0.153899,0.996664,0.593271,0.433834,0.040193,0.992639,0.58809,0.527492,0.157559,0.998829,0.521069,0.451832,-0.005462,0.997536,0.527501,0.672479,0.052111,0.998672,0.479646,0.649284,-0.052208,0.997836
2026-08-22 00:20:37,Night_001,No Person Detected,,,,,,,,,,,,,,,,,,,,,,,,,,,,,,,,
2026-08-22 00:20:38,Night_001,Right Side,0.623904,0.441591,0.154842,0.995871,0.608711,0.428699,0.140245,0.993858,0.620018,0.455204,0.255005,0.996924,0.590365,0.433125,0.184337,0.993332,0.608626,0.501387,0.212943,0.998929,0.515936,0.456867,0.200629,0.997726,0.557495,0.630356,-0.00437,0.998759,0.507461,0.617788,0.004138,0.997959
2026-08-22 00:20:38,Night_001,No Person Detected,,,,,,,,,,,,,,,,,,,,,,,,,,,,,,,,
2026-08-22 00:20:40,Night_001,Right Side,0.618496,0.447165,0.267689,0.995748,0.607856,0.439956,0.243777,0.993585,0.611835,0.451975,0.336201,0.996939,0.592998,0.441772,0.22539,0.99268,0.561251,0.491025,0.313958,0.998899,0.565765,0.465342,0.132756,0.997896,0.559524,0.650358,0.072949,0.998751,0.546176,0.634263,-0.073517,0.997991
2026-08-22 00:20:40,Night_001,No Person Detected,,,,,,,,,,,,,,,,,,,,,,,,,,,,,,,,
2026-08-22 00:20:40,Night_001,Right Side,0.627471,0.44729,0.082567,0.995667,0.6129,0.433479,0.065679,0.993365,0.618926,0.457566,0.176115,0.996962,0.593327,0.437755,0.094155,0.992419,0.589235,0.503143,0.149736,0.998886,0.524472,0.453771,0.070777,0.997795,0.539875,0.651031,0.030798,0.998671,0.496787,0.623902,-0.030856,0.997911
2026-08-22 00:20:40,Night_001,No Person Detected,,,,,,,,,,,,,,,,,,,,,,,,,,,,,,,,
2026-08-22 00:20:41,Night_001,Right Side,0.626973,0.444571,0.116097,0.994516,0.611563,0.434377,0.092261,0.991952,0.614725,0.451157,0.22166,0.995923,0.59111,0.436294,0.107026,0.9913,0.576538,0.492702,0.19309,0.998832,0.509959,0.452255,0.075407,0.997044,0.540062,0.666983,0.012761,0.998568,0.499442,0.643132,-0.013024,0.997712
2026-08-22 00:20:41,Night_001,No Person Detected,,,,,,,,,,,,,,,,,,,,,,,,,,,,,,,,
2026-08-22 00:20:45,Night_001,Right Side,0.625333,0.444226,0.136014,0.995049,0.610298,0.431289,0.122948,0.992738,0.619755,0.455417,0.226473,0.996319,0.592345,0.436769,0.163104,0.992159,0.615044,0.501065,0.19921,0.998945,0.516625,0.459761,0.177074,0.997336,0.569846,0.635316,0.015733,0.998695,0.502724,0.630069,-0.015858,0.99793
2026-08-22 00:20:45,Night_001,No Person Detected,,,,,,,,,,,,,,,,,,,,,,,,,,,,,,,,
2026-08-22 00:20:47,Night_001,Right Side,0.625587,0.443206,0.141475,0.995525,0.61074,0.429541,0.129829,0.993447,0.619416,0.455478,0.226452,0.996666,0.593809,0.435781,0.169985,0.992934,0.612463,0.500331,0.219102,0.999044,0.517951,0.459623,0.171323,0.9976,0.568011,0.618095,0.032388,0.9988,0.512138,0.606721,-0.032659,0.998123
2026-08-22 00:20:48,Night_001,No Person Detected,,,,,,,,,,,,,,,,,,,,,,,,,,,,,,,,
2026-08-22 00:20:48,Night_001,Right Side,0.622747,0.44577,0.107869,0.99551,0.608095,0.436323,0.0853,0.993483,0.616762,0.453042,0.207897,0.996635,0.592052,0.438666,0.10133,0.99305,0.594926,0.497017,0.178896,0.99903,0.525082,0.459558,0.079217,0.997463,0.561123,0.655439,0.012033,0.998754,0.519457,0.637628,-0.012258,0.99796
2026-08-22 00:20:48,Night_001,No Person Detected,,,,,,,,,,,,,,,,,,,,,,,,,,,,,,,,
2026-08-22 00:20:51,Night_001,Right Side,0.628189,0.444656,0.150743,0.996206,0.612497,0.431701,0.13559,0.9945,0.620801,0.453614,0.259036,0.997131,0.593305,0.4363,0.186254,0.994151,0.610826,0.511809,0.21775,0.998955,0.524909,0.461591,0.169711,0.997462,0.562002,0.63977,-0.0004,0.998697,0.516473,0.621705,0.000305,0.997995
2026-08-22 00:20:51,Night_001,No Person Detected,,,,,,,,,,,,,,,,,,,,,,,,,,,,,,,,
2026-08-22 00:20:59,Night_001,Right Side,0.627136,0.448394,0.188534,0.996569,0.611602,0.434988,0.173512,0.995018,0.619704,0.457392,0.298712,0.997403,0.593956,0.437372,0.227441,0.994708,0.608497,0.514678,0.284729,0.999045,0.524284,0.460093,0.16118,0.997708,0.56636,0.637055,0.052706,0.998808,0.512782,0.620428,-0.052815,0.998184
2026-08-22 00:20:59,Night_001,No Person Detected,,,,,,,,,,,,,,,,,,,,,,,,,,,,,,,,
2026-08-22 00:21:01,Night_001,Right Side,0.626912,0.445464,0.179218,0.996736,0.610997,0.434099,0.163915,0.995266,0.618616,0.454583,0.296099,0.997529,0.592426,0.437248,0.223721,0.995004,0.604509,0.515912,0.254427,0.99898,0.524171,0.461213,0.172914,0.997599,0.557049,0.650456,0.020735,0.998812,0.510629,0.627248,-0.020962,0.998227
2026-08-22 00:21:01,Night_001,No Person Detected,,,,,,,,,,,,,,,,,,,,,,,,,,,,,,,,
2026-08-22 00:21:05,Night_001,Right Side,0.625157,0.443051,0.125106,0.995931,0.609468,0.429156,0.105659,0.994007,0.618832,0.453801,0.244697,0.996913,0.592675,0.430298,0.152079,0.993857,0.594887,0.507615,0.222172,0.998914,0.522732,0.456352,0.108517,0.997047,0.549032,0.667793,0.02248,0.998818,0.503781,0.637001,-0.022556,0.998161
2026-08-22 00:21:05,Night_001,No Person Detected,,,,,,,,,,,,,,,,,,,,,,,,,,,,,,,,
2026-08-22 00:21:06,Night_001,Right Side,0.627481,0.446696,0.153168,0.995411,0.612029,0.433166,0.130359,0.993389,0.618929,0.454292,0.281477,0.996548,0.592012,0.430826,0.174433,0.993384,0.593572,0.511319,0.266214,0.998816,0.52231,0.456223,0.122634,0.996998,0.54634,0.667688,0.038547,0.99881,0.502228,0.6359,-0.038748,0.998159
2026-08-22 00:21:06,Night_001,No Person Detected,,,,,,,,,,,,,,,,,,,,,,,,,,,,,,,,
2026-08-22 00:21:06,Night_001,Right Side,0.614682,0.443786,0.139668,0.995862,0.607166,0.432518,0.147018,0.994043,0.609399,0.458565,0.192468,0.996884,0.598719,0.439799,0.223291,0.99404,0.594464,0.512558,0.115405,0.998932,0.516692,0.452015,0.244083,0.997151,0.483724,0.609536,-0.062467,0.998924,0.444244,0.575336,0.062388,0.998319
2026-08-22 00:21:06,Night_001,No Person Detected,,,,,,,,,,,,,,,,,,,,,,,,,,,,,,,,
2026-08-22 00:21:07,Night_001,Right Side,0.622737,0.446087,0.13964,0.996049,0.60945,0.435865,0.11458,0.994249,0.614581,0.451603,0.251293,0.997008,0.591086,0.435943,0.133743,0.994178,0.586632,0.497665,0.228888,0.998944,0.524787,0.455581,0.096822,0.99717,0.557952,0.659983,0.03154,0.998879,0.516996,0.64032,-0.031812,0.998188
2026-08-22 00:21:07,Night_001,No Person Detected,,,,,,,,,,,,,,,,,,,,,,,,,,,,,,,,
2026-08-22 00:21:13,Night_001,Right Side,0.62506,0.449259,0.139366,0.996614,0.609939,0.433729,0.125994,0.995064,0.619018,0.458729,0.236433,0.997356,0.593156,0.437128,0.171514,0.994981,0.612132,0.510618,0.222019,0.999039,0.518815,0.459334,0.159375,0.997582,0.569656,0.629104,0.035957,0.999027,0.512029,0.616955,-0.036216,0.998474
2026-08-22 00:21:13,Night_001,No Person Detected,,,,,,,,,,,,,,,,,,,,,,,,,,,,,,,,
2026-08-22 00:21:14,Night_001,Right Side,0.628643,0.450009,0.113517,0.996355,0.61404,0.436499,0.091149,0.994452,0.618313,0.457123,0.222423,0.997226,0.593643,0.433358,0.116059,0.994348,0.587846,0.501945,0.19558,0.998962,0.521513,0.45382,0.085573,0.99711,0.539733,0.65555,0.020974,0.998918,0.502497,0.634315,-0.021177,0.998186
2026-08-22 00:21:14,Night_001,No Person Detected,,,,,,,,,,,,,,,,,,,,,,,,,,,,,,,,
2026-08-22 00:21:15,Night_001,Right Side,0.622676,0.445656,0.147991,0.996649,0.606754,0.429885,0.144586,0.994915,0.617824,0.460192,0.235862,0.997454,0.591412,0.435411,0.212925,0.994852,0.612261,0.531829,0.195865,0.999053,0.514258,0.45911,0.23075,0.997232,0.54269,0.672892,-0.010965,0.999013,0.482243,0.639709,0.011142,0.998328
2026-08-22 00:21:15,Night_001,No Person Detected,,,,,,,,,,,,,,,,,,,,,,,,,,,,,,,,
2026-08-22 00:21:17,Night_001,Right Side,0.62703,0.448542,0.164518,0.996938,0.613837,0.434012,0.154653,0.995373,0.622005,0.460931,0.250936,0.997663,0.596395,0.437357,0.200661,0.99533,0.614973,0.521905,0.21236,0.999136,0.515745,0.456642,0.213778,0.997415,0.548116,0.643539,-0.008699,0.999102,0.492463,0.611745,0.008759,0.998458
2026-08-22 00:21:17,Night_001,No Person Detected,,,,,,,,,,,,,,,,,,,,,,,,,,,,,,,,
2026-08-22 00:21:20,Night_001,Right Side,0.619936,0.447657,0.170193,0.997038,0.610964,0.439397,0.140524,0.995544,0.609623,0.4513,0.22203,0.997815,0.594526,0.438829,0.084624,0.995574,0.533126,0.478677,0.187616,0.999199,0.586552,0.465321,0.026452,0.997662,0.52889,0.665118,0.044853,0.999117,0.542957,0.64961,-0.045299,0.998531
2026-08-22 00:21:20,Night_001,No Person Detected,,,,,,,,,,,,,,,,,,,,,,,,,,,,,,,,
2026-08-22 00:21:26,Night_001,Right Side,0.624807,0.44601,0.173153,0.997553,0.609346,0.43037,0.167526,0.996333,0.620291,0.4605,0.259822,0.998174,0.59478,0.436165,0.22521,0.996378,0.616395,0.530792,0.222417,0.999301,0.515796,0.453656,0.242837,0.998058,0.54005,0.662521,-0.008655,0.999254,0.480874,0.632328,0.008899,0.998775
2026-08-22 00:21:26,Night_001,No Person Detected,,,,,,,,,,,,,,,,,,,,,,,,,,,,,,,,
2026-08-22 00:21:44,Night_001,Right Side,0.6259,0.448403,0.13584,0.997773,0.610559,0.435614,0.118794,0.996676,0.617239,0.456452,0.241624,0.998343,0.590867,0.436173,0.160189,0.996731,0.603778,0.50957,0.216717,0.999335,0.513639,0.457633,0.153119,0.99823,0.547992,0.65011,0.026681,0.999262,0.496055,0.626299,-0.026918,0.998812
2026-08-22 00:21:44,Night_001,No Person Detected,,,,,,,,,,,,,,,,,,,,,,,,,,,,,,,,
2026-08-22 00:21:50,Night_001,Right Side,0.626755,0.450517,0.059074,0.99725,0.612818,0.438187,0.03647,0.996113,0.618103,0.457521,0.176269,0.997965,0.592156,0.431862,0.069962,0.996098,0.59906,0.52549,0.175764,0.999204,0.518761,0.453812,0.036172,0.998215,0.53675,0.677385,0.049329,0.999059,0.489667,0.637662,-0.049413,0.998589
2026-08-22 00:21:50,Night_001,No Person Detected,,,,,,,,,,,,,,,,,,,,,,,,,,,,,,,,
2026-08-22 00:21:59,Night_001,Right Side,0.614048,0.443464,0.192504,0.997516,0.605966,0.431519,0.202888,0.996489,0.608502,0.457644,0.233186,0.998159,0.596957,0.438947,0.277381,0.996481,0.589777,0.515132,0.144645,0.999282,0.519468,0.460736,0.289253,0.998348,0.486682,0.626023,-0.067363,0.99915,0.448651,0.591318,0.067462,0.99872
2026-08-22 00:21:59,Night_001,No Person Detected,,,,,,,,,,,,,,,,,,,,,,,,,,,,,,,,
2026-08-22 00:22:04,Night_001,Right Side,0.622626,0.453327,0.115275,0.997762,0.607154,0.436027,0.103495,0.996837,0.617591,0.462787,0.200357,0.998339,0.591803,0.435981,0.142491,0.996831,0.602799,0.525436,0.195333,0.999348,0.514484,0.458538,0.155655,0.99851,0.54927,0.635431,0.024689,0.999211,0.490202,0.620434,-0.024917,0.998835
2026-08-22 00:22:04,Night_001,No Person Detected,,,,,,,,,,,,,,,,,,,,,,,,,,,,,,,,
2026-08-22 00:22:05,Night_001,Right Side,0.627438,0.452301,0.050887,0.993088,0.613441,0.43882,0.029465,0.989921,0.619161,0.459373,0.157382,0.994879,0.592514,0.437597,0.056175,0.987852,0.596321,0.527069,0.148971,0.998835,0.527182,0.458811,0.015044,0.997734,0.537366,0.678616,0.037671,0.998902,0.494183,0.643455,-0.037696,0.998339
2026-08-22 00:22:05,Night_001,No Person Detected,,,,,,,,,,,,,,,,,,,,,,,,,,,,,,,,
2026-08-22 00:22:13,Night_001,Right Side,0.622767,0.445834,0.13165,0.99359,0.607288,0.432145,0.120485,0.990748,0.617168,0.458818,0.209479,0.995242,0.592293,0.438124,0.151311,0.988959,0.609474,0.521994,0.178653,0.998942,0.511911,0.458465,0.172023,0.997862,0.545064,0.652921,0.00198,0.999005,0.490411,0.622279,-0.001848,0.998476
2026-08-22 00:22:13,Night_001,No Person Detected,,,,,,,,,,,,,,,,,,,,,,,,,,,,,,,,
2026-08-22 00:22:20,Night_001,Right Side,0.615813,0.445573,0.183016,0.99422,0.607048,0.432589,0.193946,0.991661,0.610683,0.462382,0.2289,0.995709,0.595291,0.438643,0.273021,0.990058,0.599186,0.52263,0.149534,0.999044,0.521253,0.46175,0.289803,0.998036,0.499768,0.637137,-0.063899,0.999098,0.460466,0.604602,0.063895,0.998613
2026-08-22 00:22:20,Night_001,No Person Detected,,,,,,,,,,,,,,,,,,,,,,,,,,,,,,,,
2026-08-22 00:22:28,Night_001,Right Side,0.623485,0.449523,0.129513,0.994792,0.60893,0.434955,0.113231,0.992488,0.616578,0.456409,0.240844,0.996133,0.590505,0.435298,0.163023,0.991047,0.604488,0.51995,0.225464,0.999107,0.520907,0.451937,0.139817,0.998226,0.552331,0.638295,0.045024,0.999106,0.499366,0.61795,-0.045305,0.9987
2026-08-22 00:22:28,Night_001,No Person Detected,,,,,,,,,,,,,,,,,,,,,,,,,,,,,,,,
2026-08-22 00:22:37,Night_001,Right Side,0.625626,0.44759,0.08802,0.994081,0.610611,0.435274,0.068205,0.990966,0.618601,0.456192,0.196026,0.995504,0.592299,0.436566,0.101623,0.988979,0.593535,0.505844,0.16145,0.999003,0.520822,0.455866,0.080611,0.997275,0.547489,0.65679,0.013277,0.998881,0.504888,0.629097,-0.013318,0.998142
2026-08-22 00:22:37,Night_001,No Person Detected,,,,,,,,,,,,,,,,,,,,,,,,,,,,,,,,
2026-08-22 00:22:48,Night_001,Right Side,0.623783,0.448017,0.087918,0.994265,0.608188,0.431818,0.081097,0.991013,0.618161,0.459531,0.180139,0.995646,0.592576,0.437577,0.144227,0.989018,0.604814,0.529148,0.148932,0.998969,0.518289,0.456673,0.137179,0.996445,0.538262,0.659403,0.004695,0.998821,0.484202,0.625598,-0.00454,0.997999
2026-08-22 00:22:48,Night_001,No Person Detected,,,,,,,,,,,,,,,,,,,,,,,,,,,,,,,,
2026-08-22 00:22:51,Night_001,Right Side,0.623993,0.449002,0.173791,0.994767,0.609967,0.437311,0.154781,0.991733,0.615668,0.456093,0.278083,0.996018,0.593393,0.438439,0.187952,0.989939,0.594168,0.502743,0.260607,0.999036,0.524551,0.455181,0.119791,0.996782,0.562722,0.632228,0.054743,0.998915,0.520828,0.620896,-0.055012,0.998178
2026-08-22 00:22:51,Night_001,No Person Detected,,,,,,,,,,,,,,,,,,,,,,,,,,,,,,,,
2026-08-22 00:22:52,Night_001,Right Side,0.624612,0.455765,-0.001273,0.994342,0.612432,0.440484,-0.027511,0.99004,0.615438,0.458535,0.096518,0.995611,0.59266,0.4331,-0.028822,0.986647,0.571331,0.509987,0.107133,0.99885,0.528667,0.453847,-0.059142,0.996713,0.525598,0.671485,0.051708,0.998547,0.487546,0.653647,-0.05185,0.99779
2026-08-22 00:22:52,Night_001,No Person Detected,,,,,,,,,,,,,,,,,,,,,,,,,,,,,,,,
2026-08-22 00:22:59,Night_001,Right Side,0.609694,0.439289,0.150972,0.99486,0.601937,0.430134,0.161446,0.990979,0.607811,0.457801,0.206898,0.996008,0.591248,0.436375,0.25054,0.987949,0.599344,0.506412,0.13963,0.998956,0.522634,0.466288,0.267323,0.996901,0.500642,0.623469,-0.061488,0.998682,0.465178,0.600179,0.061421,0.997982
2026-08-22 00:22:59,Night_001,No Person Detected,,,,,,,,,,,,,,,,,,,,,,,,,,,,,,,,
2026-08-22 00:23:16,Night_001,Right Side,0.629274,0.449121,0.171999,0.994506,0.613347,0.435664,0.151549,0.989971,0.620091,0.457277,0.287743,0.995811,0.591646,0.43567,0.191485,0.986525,0.591918,0.513359,0.262776,0.998769,0.520707,0.454682,0.13041,0.996492,0.548748,0.673366,0.044758,0.998664,0.49743,0.645191,-0.04503,0.997968
2026-08-22 00:23:16,Night_001,No Person Detected,,,,,,,,,,,,,,,,,,,,,,,,,,,,,,,,
2026-08-22 00:23:29,Night_001,Right Side,0.623011,0.442815,0.174461,0.995008,0.604573,0.426682,0.172766,0.990912,0.62017,0.460154,0.254097,0.996199,0.589613,0.434022,0.238823,0.987836,0.622019,0.533644,0.201702,0.998885,0.512596,0.465464,0.259495,0.996684,0.551432,0.668117,-0.021988,0.998792,0.484987,0.641282,0.022236,0.998153
2026-08-22 00:23:29,Night_001,No Person Detected,,,,,,,,,,,,,,,,,,,,,,,,,,,,,,,,
2026-08-22 00:23:33,Night_001,Right Side,0.625115,0.443852,0.102789,0.993259,0.609572,0.433981,0.078788,0.989136,0.616744,0.451994,0.219976,0.994648,0.588948,0.431135,0.105265,0.98644,0.587741,0.495816,0.205426,0.998746,0.51926,0.453175,0.07988,0.996409,0.553782,0.663454,0.016412,0.998646,0.506641,0.637299,-0.016555,0.997767
2026-08-22 00:23:33,Night_001,No Person Detected,,,,,,,,,,,,,,,,,,,,,,,,,,,,,,,,
2026-08-22 00:23:34,Night_001,Right Side,0.611768,0.442449,0.209584,0.993928,0.604078,0.432604,0.220294,0.990213,0.609988,0.457313,0.262533,0.995174,0.596758,0.438602,0.309891,0.987791,0.60002,0.516531,0.169461,0.99887,0.523183,0.465978,0.325525,0.996651,0.493675,0.615461,-0.078871,0.998777,0.450654,0.58407,0.078903,0.997972
2026-08-22 00:23:34,Night_001,No Person Detected,,,,,,,,,,,,,,,,,,,,,,,,,,,,,,,,
2026-08-22 00:23:36,Night_001,Right Side,0.606167,0.434236,0.162004,0.994448,0.59628,0.425858,0.176085,0.99107,0.608671,0.457684,0.2093,0.995576,0.591665,0.437889,0.270093,0.988949,0.608412,0.516283,0.140517,0.998979,0.522492,0.468841,0.294092,0.996772,0.513995,0.622032,-0.070531,0.998893,0.473876,0.602605,0.070495,0.998145
2026-08-22 00:23:36,Night_001,No Person Detected,,,,,,,,,,,,,,,,,,,,,,,,,,,,,,,,
2026-08-22 00:23:42,Night_001,Right Side,0.609725,0.437336,0.205808,0.994994,0.600367,0.427461,0.220135,0.991944,0.608851,0.456463,0.241009,0.996004,0.593946,0.436416,0.30517,0.990045,0.591891,0.512575,0.147977,0.999078,0.522941,0.467054,0.320817,0.997008,0.486583,0.617644,-0.068742,0.998994,0.448276,0.589085,0.068871,0.998295
2026-08-22 00:23:42,Night_001,No Person Detected,,,,,,,,,,,,,,,,,,,,,,,,,,,,,,,,
2026-08-22 00:23:46,Night_001,Right Side,0.615578,0.445428,0.152846,0.99546,0.607325,0.433781,0.160725,0.992708,0.610005,0.459612,0.206828,0.996374,0.595696,0.438306,0.239368,0.991019,0.604112,0.521051,0.13142,0.999168,0.52195,0.463621,0.248133,0.997146,0.496219,0.624383,-0.065256,0.999091,0.459412,0.602194,0.065285,0.998449
2026-08-22 00:23:46,Night_001,No Person Detected,,,,,,,,,,,,,,,,,,,,,,,,,,,,,,,,
2026-08-22 00:23:48,Night_001,Right Side,0.622393,0.454197,0.127757,0.995797,0.608421,0.438129,0.113952,0.993239,0.616548,0.463203,0.253541,0.996648,0.593471,0.439785,0.18781,0.991656,0.597,0.52796,0.236149,0.999178,0.518826,0.451533,0.160601,0.997169,0.51957,0.662972,0.024419,0.999081,0.478282,0.62369,-0.024321,0.998362
2026-08-22 00:23:48,Night_001,No Person Detected,,,,,,,,,,,,,,,,,,,,,,,,,,,,,,,,
2026-08-22 00:23:56,Night_001,Right Side,0.621222,0.44596,0.069967,0.995855,0.606026,0.43062,0.063619,0.993501,0.617063,0.459778,0.160667,0.996708,0.593632,0.438066,0.12567,0.992142,0.610131,0.534108,0.138654,0.999213,0.511585,0.460039,0.145394,0.997155,0.541719,0.677629,-0.003258,0.999141,0.482689,0.645405,0.003354,0.998438
2026-08-22 00:23:57,Night_001,No Person Detected,,,,,,,,,,,,,,,,,,,,,,,,,,,,,,,,
2026-08-22 00:23:57,Night_001,Right Side,0.618057,0.449955,0.120648,0.996172,0.602723,0.431982,0.113563,0.994065,0.614032,0.463461,0.215429,0.996972,0.591175,0.440317,0.176532,0.992878,0.601885,0.52862,0.182321,0.999284,0.513351,0.45497,0.190841,0.99738,0.525437,0.66806,-0.005168,0.999223,0.474657,0.635312,0.00523,0.998577
2026-08-22 00:23:57,Night_001,No Person Detected,,,,,,,,,,,,,,,,,,,,,,,,,,,,,,,,
2026-08-22 00:24:13,Night_001,Right Side,0.609095,0.440237,0.140453,0.996505,0.600345,0.430999,0.152197,0.994584,0.609576,0.46016,0.188268,0.99723,0.594088,0.441605,0.237006,0.993544,0.604491,0.522379,0.127645,0.99935,0.525226,0.468949,0.250886,0.997472,0.514679,0.627245,-0.051949,0.999294,0.473987,0.598139,0.051901,0.998698
2026-08-22 00:24:13,Night_001,No Person Detected,,,,,,,,,,,,,,,,,,,,,,,,,,,,,,,,
2026-08-22 00:24:14,Night_001,Right Side,0.626992,0.444941,0.160375,0.996827,0.611563,0.43284,0.145018,0.995098,0.621403,0.455659,0.263353,0.997478,0.594244,0.438399,0.188914,0.994174,0.611983,0.504551,0.216858,0.99938,0.515501,0.465765,0.18688,0.997623,0.561289,0.632854,-0.003569,0.999254,0.514338,0.628206,0.003384,0.998681
2026-08-22 00:24:14,Night_001,No Person Detected,,,,,,,,,,,,,,,,,,,,,,,,,,,,,,,,
2026-08-22 00:24:16,Night_001,Right Side,0.620983,0.452979,0.120985,0.997068,0.607272,0.437017,0.115009,0.99545,0.614052,0.461492,0.234083,0.99768,0.593276,0.440557,0.202174,0.994637,0.60242,0.532097,0.196896,0.99941,0.516924,0.456309,0.198189,0.997356,0.529459,0.684479,-0.004342,0.999291,0.471534,0.651562,0.004436,0.998669
2026-08-22 00:24:16,Night_001,No Person Detected,,,,,,,,,,,,,,,,,,,,,,,,,,,,,,,,
2026-08-22 00:24:18,Night_001,Right Side,0.623838,0.445861,0.131341,0.997311,0.605835,0.432458,0.116789,0.995859,0.619052,0.455988,0.232057,0.997866,0.589299,0.436906,0.161491,0.995147,0.611391,0.50589,0.200606,0.999441,0.512856,0.46343,0.170704,0.997591,0.564082,0.636089,0.012821,0.999268,0.504711,0.620972,-0.01302,0.998713
2026-08-22 00:24:18,Night_001,No Person Detected,,,,,,,,,,,,,,,,,,,,,,,,,,,,,,,,
2026-08-22 00:24:19,Night_001,Right Side,0.612043,0.444609,0.1734,0.997549,0.604554,0.433524,0.182618,0.996227,0.606997,0.460234,0.219407,0.998054,0.593193,0.440647,0.256117,0.995609,0.595266,0.517293,0.144723,0.999493,0.521894,0.464809,0.27365,0.997718,0.49801,0.641762,-0.061446,0.999332,0.458067,0.612446,0.061488,0.998815
2026-08-22 00:24:19,Night_001,No Person Detected,,,,,,,,,,,,,,,,,,,,,,,,,,,,,,,,
2026-08-22 00:24:19,Night_001,Right Side,0.617316,0.447588,0.117249,0.997702,0.603313,0.432725,0.115448,0.996513,0.613806,0.463669,0.214208,0.99819,0.589025,0.438796,0.20007,0.996006,0.609109,0.534,0.169359,0.999514,0.51364,0.45881,0.216637,0.997771,0.532284,0.678652,-0.022393,0.999361,0.473679,0.647273,0.022415,0.998838
2026-08-22 00:24:20,Night_001,No Person Detected,,,,,,,,,,,,,,,,,,,,,,,,,,,,,,,,
2026-08-22 00:24:23,Night_001,Right Side,0.610763,0.440908,0.162465,0.997896,0.604169,0.4323,0.17502,0.996816,0.608816,0.457354,0.206,0.998329,0.593282,0.437384,0.259335,0.996383,0.598426,0.499898,0.121588,0.999561,0.521132,0.463982,0.284485,0.997905,0.489476,0.610908,-0.070017,0.999421,0.451469,0.587711,0.069966,0.99894
2026-08-22 00:24:23,Night_001,No Person Detected,,,,,,,,,,,,,,,,,,,,,,,,,,,,,,,,
2026-08-22 00:24:25,Night_001,Right Side,0.623126,0.447702,0.140465,0.997976,0.607015,0.430711,0.135396,0.996997,0.617815,0.46054,0.223612,0.998377,0.590105,0.432794,0.193728,0.996653,0.616631,0.533143,0.185154,0.999585,0.512169,0.456128,0.21358,0.997966,0.539167,0.675148,-0.016231,0.999438,0.472822,0.640655,0.016482,0.998964
2026-08-22 00:24:25,Night_001,No Person Detected,,,,,,,,,,,,,,,,,,,,,,,,,,,,,,,,
2026-08-22 00:24:27,Night_001,Right Side,0.624175,0.451338,0.110767,0.998059,0.60961,0.43554,0.099908,0.997107,0.617874,0.46212,0.222007,0.998446,0.593589,0.438798,0.169126,0.99676,0.602322,0.5286,0.197606,0.999511,0.517678,0.453294,0.157642,0.997509,0.533233,0.662514,0.010718,0.999376,0.481225,0.625879,-0.010601,0.998764
2026-08-22 00:24:27,Night_001,No Person Detected,,,,,,,,,,,,,,,,,,,,,,,,,,,,,,,,
2026-08-22 00:24:31,Night_001,Right Side,0.611431,0.441235,0.18234,0.998178,0.602339,0.430516,0.188485,0.9973,0.606735,0.457222,0.243554,0.998542,0.590561,0.436928,0.267184,0.99703,0.59975,0.506995,0.172477,0.999557,0.517698,0.451715,0.279861,0.997685,0.510567,0.609462,-0.055971,0.999434,0.468747,0.578037,0.05598,0.998872
2026-08-22 00:24:31,Night_001,No Person Detected,,,,,,,,,,,,,,,,,,,,,,,,,,,,,,,,
2026-08-22 00:24:33,Night_001,Right Side,0.617963,0.444898,0.191149,0.997567,0.603842,0.436108,0.165393,0.996542,0.611454,0.449918,0.284365,0.998029,0.589037,0.437787,0.164972,0.996273,0.578752,0.488822,0.264178,0.999393,0.533252,0.462307,0.110241,0.997726,0.569467,0.65412,0.041401,0.999377,0.534584,0.638278,-0.041879,0.998818
2026-08-22 00:24:33,Night_001,No Person Detected,,,,,,,,,,,,,,,,,,,,,,,,,,,,,,,,
2026-08-22 00:24:35,Night_001,Right Side,0.620706,0.449554,0.158576,0.99787,0.607437,0.434162,0.151595,0.997078,0.614752,0.460382,0.244563,0.99824,0.59416,0.438353,0.204911,0.996902,0.607996,0.532231,0.210996,0.999449,0.512191,0.454662,0.225091,0.998074,0.535037,0.674121,-0.006893,0.999455,0.474701,0.641394,0.007112,0.998968
2026-08-22 00:24:35,Night_001,No Person Detected,,,,,,,,,,,,,,,,,,,,,,,,,,,,,,,,
2026-08-22 00:24:37,Night_001,Right Side,0.610975,0.444038,0.165577,0.998073,0.602398,0.431617,0.174701,0.997357,0.607358,0.459774,0.214036,0.998404,0.594348,0.439937,0.251575,0.997204,0.594038,0.519152,0.132333,0.999502,0.521638,0.46506,0.262111,0.99816,0.488363,0.629398,-0.061145,0.999507,0.450589,0.600827,0.061151,0.999058
2026-08-22 00:24:37,Night_001,No Person Detected,,,,,,,,,,,,,,,,,,,,,,,,,,,,,,,,
2026-08-22 00:24:43,Night_001,Right Side,0.619571,0.448098,0.149185,0.998212,0.605752,0.432047,0.150429,0.997543,0.614528,0.460976,0.232335,0.99853,0.590148,0.43655,0.231552,0.997436,0.611779,0.530134,0.179278,0.999544,0.514543,0.463499,0.254646,0.998094,0.536256,0.674308,-0.033108,0.999544,0.474643,0.641657,0.033255,0.999107
2026-08-22 00:24:43,Night_001,No Person Detected,,,,,,,,,,,,,,,,,,,,,,,,,,,,,,,,
2026-08-22 00:24:47,Night_001,Right Side,0.614938,0.446247,0.182007,0.998366,0.605308,0.434103,0.18641,0.997755,0.607733,0.460994,0.243546,0.99866,0.593336,0.442727,0.257461,0.997672,0.594131,0.516004,0.17174,0.999587,0.522128,0.451414,0.268855,0.998215,0.504014,0.626824,-0.047656,0.999586,0.463861,0.587408,0.047624,0.999185
2026-08-22 00:24:47,Night_001,No Person Detected,,,,,,,,,,,,,,,,,,,,,,,,,,,,,,,,
2026-08-22 00:24:52,Night_001,Right Side,0.613763,0.446433,0.190996,0.99852,0.606506,0.434641,0.197904,0.997967,0.608493,0.461162,0.244686,0.998785,0.594981,0.44034,0.270871,0.997899,0.59307,0.517552,0.164527,0.999625,0.522038,0.462549,0.285127,0.998361,0.495208,0.643668,-0.057022,0.999622,0.456829,0.607775,0.05708,0.999252
2026-08-22 00:24:52,Night_001,No Person Detected,,,,,,,,,,,,,,,,,,,,,,,,,,,,,,,,
2026-08-22 00:24:53,Night_001,Right Side,0.62144,0.451744,0.10555,0.998587,0.606845,0.434696,0.099753,0.998089,0.614302,0.462426,0.200316,0.998863,0.591442,0.439953,0.167536,0.99807,0.606916,0.528349,0.165274,0.999657,0.511207,0.457284,0.19245,0.998453,0.524272,0.672223,-0.01447,0.999656,0.469209,0.639512,0.014645,0.999311
2026-08-22 00:24:53,Night_001,No Person Detected,,,,,,,,,,,,,,,,,,,,,,,,,,,,,,,,
2026-08-22 00:25:03,Night_001,Right Side,0.619854,0.447899,0.123216,0.998603,0.605152,0.433344,0.116333,0.998192,0.614092,0.458733,0.223808,0.998873,0.589104,0.437251,0.187348,0.998211,0.607464,0.531324,0.184197,0.999661,0.512309,0.459951,0.201887,0.998529,0.533691,0.672174,-0.011784,0.999601,0.476415,0.640665,0.011836,0.999198
2026-08-22 00:25:03,Night_001,No Person Detected,,,,,,,,,,,,,,,,,,,,,,,,,,,,,,,,
2026-08-22 00:25:06,Night_001,Right Side,0.614216,0.444976,0.170331,0.998728,0.60685,0.434707,0.168961,0.998357,0.609201,0.459449,0.24797,0.998973,0.594686,0.439955,0.236806,0.998382,0.592706,0.515286,0.201052,0.999691,0.517622,0.44831,0.232857,0.99865,0.498566,0.626553,-0.024986,0.999635,0.459665,0.583811,0.024982,0.999262
2026-08-22 00:25:06,Night_001,No Person Detected,,,,,,,,,,,,,,,,,,,,,,,,,,,,,,,,
2026-08-22 00:25:08,Night_001,Right Side,0.62153,0.447099,0.154909,0.998846,0.604638,0.43256,0.141306,0.998511,0.617974,0.458206,0.253053,0.999067,0.591121,0.438199,0.188325,0.998538,0.610919,0.506543,0.238623,0.999703,0.514355,0.462456,0.18525,0.998771,0.571712,0.624484,0.024058,0.999627,0.511418,0.612321,-0.024266,0.999301
2026-08-22 00:25:08,Night_001,No Person Detected,,,,,,,,,,,,,,,,,,,,,,,,,,,,,,,,
2026-08-22 00:25:13,Night_001,Right Side,0.616507,0.454083,0.131225,0.998948,0.608199,0.439687,0.131301,0.998643,0.607403,0.460433,0.197517,0.999144,0.594015,0.439989,0.194813,0.998675,0.590986,0.520597,0.138314,0.999727,0.519471,0.457941,0.20768,0.998802,0.481142,0.640846,-0.046839,0.999655,0.445632,0.603436,0.046853,0.999341
2026-08-22 00:25:13,Night_001,No Person Detected,,,,,,,,,,,,,,,,,,,,,,,,,,,,,,,,
2026-08-22 00:25:16,Night_001,Right Side,0.625286,0.450789,0.116256,0.99895,0.608422,0.43646,0.103823,0.99868,0.619953,0.46052,0.219632,0.999153,0.588938,0.438279,0.156013,0.998769,0.61599,0.528626,0.189628,0.999733,0.512229,0.469452,0.183613,0.998769,0.547599,0.67269,-0.005538,0.999634,0.483002,0.643482,0.005674,0.99928
2026-08-22 00:25:16,Night_001,No Person Detected,,,,,,,,,,,,,,,,,,,,,,,,,,,,,,,,
2026-08-22 00:25:20,Night_001,Right Side,0.621158,0.448801,0.132221,0.998961,0.607437,0.433364,0.126336,0.998729,0.616158,0.461063,0.235557,0.999179,0.590865,0.435604,0.202401,0.998861,0.607384,0.533094,0.199323,0.999729,0.510496,0.453975,0.212297,0.998731,0.529197,0.671202,-0.013241,0.999637,0.468934,0.640218,0.013299,0.999261
2026-08-22 00:25:20,Night_001,No Person Detected,,,,,,,,,,,,,,,,,,,,,,,,,,,,,,,,
2026-08-22 00:25:21,Night_001,Right Side,0.61018,0.43979,0.174131,0.999056,0.603617,0.431866,0.186499,0.998844,0.607553,0.455015,0.216052,0.999248,0.596609,0.43965,0.269771,0.998967,0.597303,0.506515,0.124613,0.999754,0.520513,0.461525,0.288446,0.998527,0.495782,0.604047,-0.075597,0.99967,0.451793,0.580341,0.075583,0.999316
2026-08-22 00:25:21,Night_001,No Person Detected,,,,,,,,,,,,,,,,,,,,,,,,,,,,,,,,
2026-08-22 00:25:26,Night_001,Right Side,0.607145,0.438332,0.178474,0.999106,0.599351,0.429133,0.191469,0.998901,0.605968,0.459082,0.218389,0.999283,0.592624,0.440904,0.272121,0.999041,0.598607,0.520076,0.145136,0.999773,0.522471,0.466544,0.291218,0.998511,0.501048,0.635747,-0.062666,0.999694,0.463535,0.606079,0.062608,0.999357
2026-08-22 00:25:26,Night_001,No Person Detected,,,,,,,,,,,,,,,,,,,,,,,,,,,,,,,,
2026-08-22 00:25:27,Night_001,Right Side,0.610268,0.440968,0.169863,0.999143,0.602489,0.431794,0.180089,0.99892,0.609255,0.458394,0.222333,0.9993,0.593371,0.437413,0.266656,0.999084,0.598442,0.515038,0.146343,0.999792,0.523631,0.468352,0.28083,0.998499,0.498214,0.620671,-0.060139,0.999716,0.458808,0.590334,0.060228,0.99939
2026-08-22 00:25:27,Night_001,No Person Detected,,,,,,,,,,,,,,,,,,,,,,,,,,,,,,,,
2026-08-22 00:25:28,Night_001,Right Side,0.61549,0.449762,0.151887,0.999223,0.608004,0.437354,0.155488,0.999023,0.608945,0.460485,0.21616,0.999364,0.596128,0.439073,0.227855,0.999173,0.591437,0.512812,0.14465,0.999811,0.515862,0.450649,0.2415,0.998628,0.483624,0.620031,-0.055593,0.999742,0.447105,0.58154,0.055527,0.999445
2026-08-22 00:25:28,Night_001,No Person Detected,,,,,,,,,,,,,,,,,,,,,,,,,,,,,,,,
2026-08-22 00:25:29,Night_001,Right Side,0.614727,0.445176,0.145979,0.999291,0.605842,0.432657,0.15541,0.999107,0.610349,0.46094,0.20084,0.999419,0.596657,0.439292,0.239823,0.999248,0.603644,0.522399,0.125786,0.999827,0.524356,0.466199,0.248404,0.998619,0.4961,0.62956,-0.062186,0.999764,0.456062,0.597088,0.062218,0.999485
2026-08-22 00:25:29,Night_001,No Person Detected,,,,,,,,,,,,,,,,,,,,,,,,,,,,,,,,
2026-08-22 00:25:30,Night_001,Right Side,0.612922,0.44205,0.169237,0.999342,0.605589,0.432909,0.177285,0.999166,0.609533,0.457998,0.220445,0.999457,0.596843,0.439679,0.254552,0.999308,0.593691,0.515605,0.144935,0.99984,0.521822,0.461688,0.257013,0.99866,0.493965,0.619057,-0.05417,0.99978,0.454899,0.585465,0.054277,0.999518
2026-08-22 00:25:30,Night_001,No Person Detected,,,,,,,,,,,,,,,,,,,,,,,,,,,,,,,,
2026-08-22 00:25:30,Night_001,Right Side,0.623354,0.445343,0.164797,0.999361,0.609045,0.430838,0.156953,0.999191,0.618129,0.459798,0.239473,0.999458,0.593614,0.437318,0.195346,0.99936,0.614014,0.530103,0.194966,0.999858,0.509947,0.46037,0.219999,0.998626,0.546418,0.664135,-0.015485,0.999799,0.482514,0.636952,0.015667,0.999534
2026-08-22 00:25:30,Night_001,No Person Detected,,,,,,,,,,,,,,,,,,,,,,,,,,,,,,,,
2026-08-22 00:25:44,Night_001,Right Side,0.612634,0.444553,0.151752,0.999423,0.605836,0.436048,0.160743,0.99927,0.609852,0.458882,0.202144,0.99951,0.597391,0.442087,0.240789,0.999423,0.59492,0.513019,0.116048,0.999872,0.519002,0.458092,0.257674,0.998681,0.479969,0.60195,-0.065686,0.999817,0.441622,0.57256,0.065544,0.999566
2026-08-22 00:25:44,Night_001,No Person Detected,,,,,,,,,,,,,,,,,,,,,,,,,,,,,,,,
2026-08-22 00:25:45,Night_001,Right Side,0.612951,0.446802,0.154575,0.999554,0.605521,0.43479,0.16404,0.999437,0.60912,0.458708,0.208,0.999605,0.596593,0.439406,0.24825,0.999561,0.595641,0.513701,0.127982,0.9999,0.519433,0.461138,0.270632,0.998828,0.491606,0.614899,-0.065601,0.999846,0.448274,0.58413,0.065506,0.999637
2026-08-22 00:25:45,Night_001,No Person Detected,,,,,,,,,,,,,,,,,,,,,,,,,,,,,,,,
2026-08-22 00:25:45,Night_001,Right Side,0.622293,0.453776,0.045264,0.998863,0.606608,0.438849,0.027556,0.998508,0.616384,0.460498,0.169335,0.999203,0.589091,0.437641,0.084898,0.998561,0.600642,0.529116,0.15076,0.999606,0.515539,0.460355,0.067746,0.998127,0.532564,0.680616,0.018167,0.999736,0.481019,0.640026,-0.018031,0.999407
2026-08-22 00:25:45,Night_001,No Person Detected,,,,,,,,,,,,,,,,,,,,,,,,,,,,,,,,
2026-08-22 00:25:48,Night_001,Right Side,0.625733,0.447514,0.067822,0.997049,0.610145,0.433745,0.050113,0.995695,0.617689,0.456626,0.166501,0.99809,0.590661,0.436503,0.08416,0.994738,0.596926,0.510008,0.153882,0.998887,0.521877,0.455905,0.053942,0.99736,0.545669,0.652934,0.04222,0.999206,0.493368,0.630137,-0.042383,0.998654
2026-08-22 00:25:48,Night_001,No Person Detected,,,,,,,,,,,,,,,,,,,,,,,,,,,,,,,,
2026-08-22 00:25:51,Night_001,Right Side,0.614242,0.44648,0.137993,0.997287,0.605671,0.436106,0.144364,0.996032,0.607567,0.458595,0.204958,0.998234,0.592221,0.440855,0.229751,0.995204,0.605709,0.52195,0.143797,0.998988,0.520555,0.459447,0.236244,0.99732,0.513211,0.629663,-0.050198,0.999276,0.471462,0.587511,0.05013,0.998763
2026-08-22 00:25:51,Night_001,No Person Detected,,,,,,,,,,,,,,,,,,,,,,,,,,,,,,,,
2026-08-22 00:25:51,Night_001,Right Side,0.615114,0.447452,0.133786,0.997494,0.59924,0.431217,0.132712,0.996355,0.61167,0.463632,0.225136,0.998364,0.587766,0.439638,0.214298,0.995623,0.600383,0.527838,0.177136,0.999079,0.516781,0.462288,0.232121,0.997452,0.529885,0.675833,-0.019681,0.99934,0.478868,0.64951,0.01967,0.99885
2026-08-22 00:25:51,Night_001,No Person Detected,,,,,,,,,,,,,,,,,,,,,,,,,,,,,,,,
2026-08-22 00:25:52,Night_001,Right Side,0.622549,0.443238,0.15514,0.99772,0.604061,0.429282,0.142267,0.996691,0.61716,0.457033,0.261117,0.9985,0.589947,0.437538,0.197863,0.996046,0.612938,0.504697,0.217467,0.999158,0.510169,0.462911,0.210917,0.997632,0.560602,0.636479,-0.017828,0.999359,0.509085,0.629363,0.017615,0.99888
2026-08-22 00:25:52,Night_001,No Person Detected,,,,,,,,,,,,,,,,,,,,,,,,,,,,,,,,
2026-08-22 00:25:53,Night_001,Right Side,0.614586,0.446087,0.153673,0.997883,0.606485,0.434691,0.164539,0.996944,0.609255,0.460912,0.195709,0.998584,0.59462,0.438868,0.241402,0.996392,0.5963,0.515095,0.105341,0.999239,0.518237,0.465529,0.274389,0.997645,0.486303,0.63072,-0.076616,0.999417,0.447867,0.601037,0.076531,0.998967
2026-08-22 00:25:53,Night_001,No Person Detected,,,,,,,,,,,,,,,,,,,,,,,,,,,,,,,,
2026-08-22 00:25:54,Night_001,Right Side,0.62484,0.447602,0.076428,0.996901,0.610007,0.433298,0.057104,0.995383,0.617478,0.457463,0.182524,0.998024,0.592231,0.433181,0.090902,0.994392,0.59352,0.51998,0.163897,0.999214,0.521579,0.456354,0.061731,0.99751,0.542378,0.657079,0.031762,0.999364,0.502214,0.624383,-0.031829,0.998814
2026-08-22 00:25:54,Night_001,No Person Detected,,,,,,,,,,,,,,,,,,,,,,,,,,,,,,,,
2026-08-22 00:26:03,Night_001,Right Side,0.612754,0.445823,0.170091,0.997404,0.605301,0.434815,0.180037,0.996057,0.609305,0.458518,0.223346,0.998335,0.595179,0.438635,0.264337,0.99515,0.597572,0.518624,0.1365,0.999267,0.517597,0.458748,0.28162,0.997703,0.490091,0.622804,-0.067132,0.999422,0.45041,0.590413,0.067097,0.998933
2026-08-22 00:26:03,Night_001,No Person Detected,,,,,,,,,,,,,,,,,,,,,,,,,,,,,,,,
2026-08-22 00:26:06,Night_001,Right Side,0.608001,0.436951,0.154497,0.997547,0.596742,0.427206,0.164897,0.996278,0.607681,0.456597,0.208638,0.998396,0.589674,0.437534,0.253175,0.99555,0.610116,0.511862,0.149717,0.999336,0.522785,0.465582,0.261491,0.997748,0.510514,0.614701,-0.053261,0.999471,0.471309,0.590438,0.053215,0.99901
2026-08-22 00:26:06,Night_001,No Person Detected,,,,,,,,,,,,,,,,,,,,,,,,,,,,,,,,
2026-08-22 00:26:07,Night_001,Right Side,0.614815,0.442444,0.142804,0.997644,0.601391,0.428991,0.145754,0.996466,0.613339,0.461236,0.22218,0.99846,0.589456,0.440761,0.228435,0.9959,0.607148,0.524976,0.16763,0.999381,0.510955,0.464853,0.249712,0.997674,0.543588,0.669791,-0.02589,0.999492,0.478649,0.646705,0.026077,0.999038
2026-08-22 00:26:07,Night_001,No Person Detected,,,,,,,,,,,,,,,,,,,,,,,,,,,,,,,,
2026-08-22 00:26:08,Night_001,Right Side,0.621318,0.453342,0.077422,0.997786,0.608333,0.43731,0.070723,0.996686,0.614797,0.462731,0.190934,0.998545,0.592275,0.43943,0.155758,0.996186,0.600917,0.534585,0.163671,0.999377,0.516816,0.456436,0.158871,0.99766,0.528168,0.691944,-0.002288,0.999459,0.468863,0.651601,0.002387,0.998981
2026-08-22 00:26:08,Night_001,No Person Detected,,,,,,,,,,,,,,,,,,,,,,,,,,,,,,,,
2026-08-22 00:26:13,Night_001,Right Side,0.610362,0.439532,0.166772,0.997972,0.602606,0.430846,0.177175,0.996955,0.607724,0.457582,0.214983,0.998656,0.594726,0.440828,0.258788,0.996528,0.604341,0.516516,0.136611,0.999436,0.523867,0.468408,0.269856,0.997695,0.508424,0.621546,-0.056373,0.999505,0.465429,0.592755,0.056491,0.999055
2026-08-22 00:26:13,Night_001,No Person Detected,,,,,,,,,,,,,,,,,,,,,,,,,,,,,,,,
2026-08-22 00:26:15,Night_001,Right Side,0.620041,0.445895,0.178248,0.998032,0.604833,0.431044,0.174156,0.997066,0.614892,0.459633,0.258348,0.998691,0.590725,0.438435,0.232045,0.996763,0.615344,0.528549,0.214033,0.999484,0.511257,0.460606,0.255309,0.997665,0.546624,0.668989,-0.017604,0.999546,0.482218,0.642847,0.017791,0.999115
2026-08-22 00:26:15,Night_001,No Person Detected,,,,,,,,,,,,,,,,,,,,,,,,,,,,,,,,
2026-08-22 00:26:17,Night_001,Right Side,0.611483,0.442692,0.16796,0.998217,0.603082,0.431301,0.178007,0.997342,0.607544,0.457475,0.215334,0.998809,0.595332,0.438938,0.256989,0.997077,0.593396,0.516617,0.133256,0.999533,0.518575,0.460422,0.272707,0.997835,0.491819,0.624309,-0.065584,0.999587,0.452817,0.591244,0.065603,0.999194
2026-08-22 00:26:17,Night_001,No Person Detected,,,,,,,,,,,,,,,,,,,,,,,,,,,,,,,,
2026-08-22 00:26:24,Night_001,Right Side,0.611303,0.442011,0.158824,0.998389,0.604105,0.43259,0.171338,0.997598,0.609191,0.459312,0.204992,0.99892,0.59631,0.440126,0.257999,0.997364,0.600211,0.518694,0.11788,0.999578,0.518337,0.46235,0.275193,0.997956,0.48776,0.619367,-0.067623,0.999626,0.44588,0.588929,0.067657,0.999264
2026-08-22 00:26:24,Night_001,No Person Detected,,,,,,,,,,,,,,,,,,,,,,,,,,,,,,,,
2026-08-22 00:26:26,Night_001,Right Side,0.609582,0.440754,0.148153,0.998517,0.599422,0.429991,0.155822,0.997783,0.608129,0.459143,0.214759,0.998994,0.592507,0.439548,0.245984,0.99759,0.599779,0.522138,0.153432,0.999613,0.521267,0.460944,0.247256,0.997848,0.507964,0.615925,-0.052261,0.999656,0.464326,0.579964,0.05231,0.999312
2026-08-22 00:26:26,Night_001,No Person Detected,,,,,,,,,,,,,,,,,,,,,,,,,,,,,,,,
2026-08-22 00:26:26,Night_001,Right Side,0.61723,0.447764,0.112973,0.998581,0.601511,0.42984,0.110641,0.997921,0.614973,0.463443,0.220564,0.999043,0.588555,0.437531,0.204965,0.997789,0.61212,0.531802,0.181285,0.999628,0.512105,0.463096,0.209959,0.997758,0.535456,0.674774,-0.017225,0.999685,0.474326,0.642332,0.017278,0.999353
2026-08-22 00:26:26,Night_001,No Person Detected,,,,,,,,,,,,,,,,,,,,,,,,,,,,,,,,
2026-08-22 00:26:26,Night_001,Right Side,0.608581,0.442052,0.187282,0.998553,0.600581,0.432811,0.188665,0.997802,0.607138,0.461098,0.267253,0.999009,0.592514,0.441923,0.272615,0.997721,0.598413,0.511081,0.20836,0.999631,0.52485,0.4612,0.270957,0.997673,0.527309,0.611745,-0.042691,0.999691,0.487251,0.600907,0.042541,0.99939
2026-08-22 00:26:27,Night_001,No Person Detected,,,,,,,,,,,,,,,,,,,,,,,,,,,,,,,,
2026-08-22 00:26:27,Night_001,Right Side,0.619668,0.438473,0.140221,0.991724,0.597962,0.43116,0.129122,0.986964,0.617785,0.44667,0.239176,0.995129,0.585159,0.438834,0.188904,0.991968,0.619198,0.459819,0.200954,0.999512,0.536379,0.459973,0.170821,0.994955,0.573027,0.630556,-0.012155,0.999676,0.533007,0.633896,0.011924,0.999312
2026-08-22 00:26:27,Night_001,No Person Detected,,,,,,,,,,,,,,,,,,,,,,,,,,,,,,,,
2026-08-22 00:26:29,Night_001,Right Side,0.609515,0.456796,0.185448,0.992489,0.609551,0.44648,0.166376,0.988171,0.603285,0.44959,0.248671,0.995571,0.603364,0.437457,0.160518,0.99243,0.562605,0.472969,0.226354,0.999518,0.573164,0.440341,0.097104,0.99537,0.504632,0.543067,0.034339,0.999684,0.510495,0.533397,-0.034618,0.999357
2026-08-22 00:26:29,Night_001,No Person Detected,,,,,,,,,,,,,,,,,,,,,,,,,,,,,,,,
2026-08-22 00:26:31,Night_001,Right Side,0.617725,0.44901,0.191252,0.993569,0.604277,0.435867,0.181642,0.990116,0.618709,0.461196,0.308649,0.996009,0.58753,0.434919,0.263264,0.993646,0.619432,0.502037,0.279563,0.999085,0.533334,0.449744,0.221219,0.996063,0.591211,0.594599,0.025033,0.999645,0.525002,0.567868,-0.025191,0.999377
2026-08-22 00:26:32,Night_001,No Person Detected,,,,,,,,,,,,,,,,,,,,,,,,,,,,,,,,
2026-08-22 00:26:34,Night_001,Right Side,0.617748,0.442349,0.185095,0.994758,0.599836,0.433823,0.170565,0.992455,0.61346,0.4499,0.303524,0.99661,0.580873,0.437563,0.235771,0.995095,0.605589,0.488621,0.284937,0.998905,0.517834,0.456007,0.204291,0.997248,0.571447,0.638895,0.036549,0.999297,0.522121,0.62287,-0.036792,0.999118
2026-08-22 00:26:34,Night_001,No Person Detected,,,,,,,,,,,,,,,,,,,,,,,,,,,,,,,,
2026-08-22 00:26:34,Night_001,Right Side,0.620674,0.440026,0.165238,0.993304,0.598229,0.433806,0.152605,0.991498,0.617283,0.449274,0.27202,0.995209,0.583551,0.439428,0.212971,0.994149,0.619651,0.481193,0.236835,0.998869,0.529988,0.451644,0.185484,0.997152,0.580968,0.630971,0.015337,0.999284,0.532328,0.616774,-0.01558,0.999053
2026-08-22 00:26:34,Night_001,No Person Detected,,,,,,,,,,,,,,,,,,,,,,,,,,,,,,,,
2026-08-22 00:26:35,Night_001,Right Side,0.617492,0.441251,0.187159,0.989631,0.598857,0.435604,0.174868,0.987669,0.614955,0.452227,0.286078,0.992067,0.584426,0.442069,0.229421,0.99072,0.617588,0.476476,0.246551,0.998604,0.524269,0.451177,0.195181,0.996657,0.583366,0.622408,0.023488,0.998953,0.523441,0.611691,-0.023571,0.998695
2026-08-22 00:26:35,Night_001,No Person Detected,,,,,,,,,,,,,,,,,,,,,,,,,,,,,,,,
2026-08-22 00:26:35,Night_001,Right Side,0.616313,0.443294,0.158087,0.988826,0.597192,0.438275,0.144199,0.986805,0.613945,0.450772,0.25532,0.991696,0.583171,0.440464,0.190582,0.989801,0.609046,0.4702,0.218639,0.998665,0.528867,0.449084,0.166983,0.996815,0.573609,0.634366,0.017524,0.999034,0.534622,0.627589,-0.017948,0.99878
2026-08-22 00:26:35,Night_001,No Person Detected,,,,,,,,,,,,,,,,,,,,,,,,,,,,,,,,
2026-08-22 00:26:35,Night_001,Right Side,0.611803,0.445991,0.148592,0.98814,0.589452,0.439961,0.133498,0.986286,0.607692,0.450505,0.258473,0.991575,0.578875,0.439907,0.187591,0.989694,0.6102,0.470279,0.227609,0.998676,0.515715,0.448061,0.167336,0.996947,0.581888,0.646008,0.020532,0.99917,0.533988,0.638383,-0.020813,0.998917
2026-08-22 00:26:36,Night_001,No Person Detected,,,,,,,,,,,,,,,,,,,,,,,,,,,,,,,,
2026-08-22 00:26:36,Night_001,Right Side,0.61842,0.449754,0.141641,0.988047,0.600374,0.438045,0.126577,0.985895,0.617373,0.458228,0.248694,0.991684,0.584107,0.4387,0.178106,0.989524,0.609264,0.486929,0.229072,0.998632,0.520165,0.461753,0.163302,0.995855,0.561846,0.634212,0.024,0.999209,0.508181,0.616028,-0.024089,0.998822
2026-08-22 00:26:37,Night_001,No Person Detected,,,,,,,,,,,,,,,,,,,,,,,,,,,,,,,,
2026-08-22 00:26:37,Night_001,Right Side,0.616857,0.44437,0.152412,0.988158,0.599412,0.435087,0.139941,0.986038,0.614146,0.455434,0.264815,0.991832,0.582106,0.438854,0.205765,0.989451,0.60283,0.486632,0.227022,0.998658,0.517916,0.458577,0.191086,0.995893,0.562533,0.636259,0.009434,0.999248,0.516421,0.624338,-0.0096,0.998825
2026-08-22 00:26:37,Night_001,No Person Detected,,,,,,,,,,,,,,,,,,,,,,,,,,,,,,,,
2026-08-22 00:26:37,Night_001,Right Side,0.616411,0.439886,0.184671,0.985474,0.59186,0.435659,0.171047,0.983922,0.614623,0.447771,0.294809,0.990309,0.580334,0.442481,0.232091,0.988343,0.621839,0.46737,0.242517,0.998665,0.525404,0.458462,0.210538,0.995877,0.592515,0.637499,0.001877,0.999314,0.540716,0.632663,-0.002231,0.998871
2026-08-22 00:26:37,Night_001,No Person Detected,,,,,,,,,,,,,,,,,,,,,,,,,,,,,,,,
2026-08-22 00:26:38,Night_001,Right Side,0.614775,0.439002,0.195552,0.984262,0.596668,0.434637,0.178205,0.98317,0.611202,0.447276,0.28294,0.989378,0.581681,0.440809,0.204685,0.987715,0.605333,0.467884,0.217314,0.998587,0.5259,0.453453,0.168272,0.995937,0.573441,0.646605,0.001382,0.999303,0.534091,0.637368,-0.001876,0.998859
2026-08-22 00:26:39,Night_001,No Person Detected,,,,,,,,,,,,,,,,,,,,,,,,,,,,,,,,
2026-08-22 00:26:39,Night_001,Right Side,0.62113,0.448536,0.18366,0.985938,0.602525,0.436933,0.166909,0.984812,0.618615,0.459912,0.297537,0.99034,0.582568,0.437778,0.21891,0.989284,0.607017,0.500955,0.266088,0.998263,0.522877,0.458633,0.173249,0.995443,0.569531,0.624052,0.041406,0.99931,0.512198,0.60637,-0.041592,0.998868
2026-08-22 00:26:39,Night_001,No Person Detected,,,,,,,,,,,,,,,,,,,,,,,,,,,,,,,,
2026-08-22 00:26:40,Night_001,Right Side,0.616829,0.438592,0.152912,0.981827,0.595053,0.43264,0.140428,0.979835,0.613454,0.450041,0.264412,0.98698,0.582312,0.439007,0.207491,0.984789,0.617418,0.478516,0.227062,0.998228,0.521789,0.458116,0.183563,0.99502,0.575891,0.636181,0.00422,0.999228,0.525082,0.624417,-0.004442,0.998711
2026-08-22 00:26:40,Night_001,No Person Detected,,,,,,,,,,,,,,,,,,,,,,,,,,,,,,,,
2026-08-22 00:26:40,Night_001,Right Side,0.616303,0.448416,0.157448,0.980334,0.596783,0.440352,0.146401,0.978024,0.614953,0.457619,0.249681,0.985603,0.582586,0.444037,0.199189,0.982675,0.613038,0.475218,0.217671,0.998169,0.518405,0.456054,0.1808,0.994915,0.570935,0.62263,0.022098,0.99922,0.5206,0.616727,-0.022274,0.99864
2026-08-22 00:26:40,Night_001,No Person Detected,,,,,,,,,,,,,,,,,,,,,,,,,,,,,,,,
2026-08-22 00:26:40,Night_001,Right Side,0.617075,0.45319,0.178175,0.98101,0.601476,0.443798,0.161669,0.978759,0.612585,0.460034,0.262235,0.986138,0.584463,0.443055,0.185905,0.982801,0.596419,0.476106,0.218815,0.998291,0.535436,0.456481,0.161585,0.995153,0.556252,0.628155,0.026205,0.999283,0.526273,0.622416,-0.026769,0.998737
2026-08-22 00:26:40,Night_001,No Person Detected,,,,,,,,,,,,,,,,,,,,,,,,,,,,,,,,
2026-08-22 00:26:41,Night_001,Right Side,0.620596,0.442652,0.159192,0.982614,0.59921,0.436543,0.13993,0.980571,0.618722,0.451939,0.285364,0.987268,0.582309,0.441209,0.196053,0.984272,0.623542,0.486393,0.261755,0.99839,0.521578,0.464966,0.18334,0.995213,0.589169,0.638003,0.022668,0.999189,0.530161,0.622955,-0.022716,0.998468
2026-08-22 00:26:41,Night_001,No Person Detected,,,,,,,,,,,,,,,,,,,,,,,,,,,,,,,,
2026-08-22 00:26:41,Night_001,Right Side,0.61582,0.439007,0.17607,0.982368,0.595865,0.433468,0.164907,0.980111,0.615482,0.450571,0.28148,0.986885,0.581329,0.439364,0.229422,0.983996,0.618093,0.478562,0.23973,0.998374,0.525203,0.460421,0.202568,0.994664,0.583725,0.630418,0.005631,0.999047,0.527182,0.620991,-0.005753,0.998284
2026-08-22 00:26:41,Night_001,No Person Detected,,,,,,,,,,,,,,,,,,,,,,,,,,,,,,,,
2026-08-22 00:26:42,Night_001,Right Side,0.618511,0.450566,0.181222,0.983516,0.60069,0.439984,0.164394,0.981376,0.614034,0.459323,0.288546,0.98772,0.584385,0.441259,0.21046,0.984959,0.603046,0.492429,0.26267,0.998393,0.511721,0.45357,0.174841,0.995101,0.567844,0.630007,0.040167,0.999073,0.515898,0.620743,-0.040373,0.998371
2026-08-22 00:26:42,Night_001,No Person Detected,,,,,,,,,,,,,,,,,,,,,,,,,,,,,,,,
2026-08-22 00:26:43,Night_001,Right Side,0.617882,0.440767,0.168682,0.984261,0.599948,0.430324,0.153048,0.982314,0.613839,0.452284,0.289919,0.988423,0.583216,0.438095,0.217692,0.986036,0.606131,0.494417,0.273885,0.998419,0.517307,0.461714,0.181655,0.995471,0.570699,0.634301,0.039061,0.999114,0.513721,0.621488,-0.039277,0.998458
2026-08-22 00:26:43,Night_001,No Person Detected,,,,,,,,,,,,,,,,,,,,,,,,,,,,,,,,
2026-08-22 00:26:43,Night_001,Right Side,0.617249,0.440391,0.167077,0.984757,0.597728,0.432887,0.156195,0.982993,0.616022,0.451865,0.275953,0.988806,0.582188,0.438279,0.225398,0.986516,0.610669,0.485833,0.242069,0.998419,0.519755,0.457139,0.195303,0.995571,0.574173,0.632558,0.017395,0.99914,0.520931,0.616873,-0.017575,0.998496
2026-08-22 00:26:43,Night_001,No Person Detected,,,,,,,,,,,,,,,,,,,,,,,,,,,,,,,,
2026-08-22 00:26:44,Night_001,Right Side,0.619641,0.445657,0.168281,0.98485,0.600737,0.437174,0.149964,0.982969,0.61548,0.454806,0.283578,0.988905,0.582721,0.438992,0.197573,0.98646,0.605484,0.485719,0.252928,0.998459,0.519372,0.45224,0.17115,0.995817,0.569306,0.634932,0.028606,0.999171,0.523503,0.625757,-0.02884,0.998546
2026-08-22 00:26:44,Night_001,No Person Detected,,,,,,,,,,,,,,,,,,,,,,,,,,,,,,,,
2026-08-22 00:26:44,Night_001,Right Side,0.619826,0.445183,0.190015,0.986019,0.602297,0.436041,0.17538,0.984252,0.616435,0.45403,0.304349,0.989787,0.58592,0.43983,0.236085,0.987543,0.608087,0.488462,0.283335,0.998515,0.518996,0.458604,0.204774,0.996076,0.573856,0.629073,0.031551,0.999187,0.515788,0.620831,-0.031654,0.998581
2026-08-22 00:26:44,Night_001,No Person Detected,,,,,,,,,,,,,,,,,,,,,,,,,,,,,,,,
2026-08-22 00:26:45,Night_001,Right Side,0.617464,0.442929,0.063562,0.986325,0.598001,0.434454,0.048025,0.984611,0.615704,0.452282,0.180148,0.990103,0.581131,0.438039,0.106625,0.987852,0.616268,0.485495,0.159258,0.998586,0.514963,0.454114,0.1065,0.995842,0.574433,0.652131,-0.000997,0.999159,0.518284,0.635054,0.000869,0.99845
2026-08-22 00:26:45,Night_001,No Person Detected,,,,,,,,,,,,,,,,,,,,,,,,,,,,,,,,
2026-08-22 00:26:45,Night_001,Right Side,0.618584,0.442984,0.169994,0.981916,0.599229,0.437701,0.15147,0.979949,0.615372,0.449169,0.277796,0.986869,0.584952,0.442964,0.193638,0.984572,0.613256,0.46943,0.244417,0.998453,0.530097,0.454776,0.164137,0.995287,0.575045,0.645881,0.012705,0.99913,0.532856,0.637445,-0.013132,0.998353
2026-08-22 00:26:46,Night_001,No Person Detected,,,,,,,,,,,,,,,,,,,,,,,,,,,,,,,,
2026-08-22 00:26:46,Night_001,Right Side,0.619127,0.445163,0.169625,0.986655,0.60094,0.438843,0.152355,0.984893,0.615235,0.453313,0.290065,0.989855,0.584642,0.441647,0.20928,0.988575,0.611534,0.489286,0.261218,0.998774,0.518997,0.456243,0.187736,0.995734,0.580121,0.636681,0.025795,0.999162,0.524103,0.622852,-0.025897,0.998327
2026-08-22 00:26:46,Night_001,No Person Detected,,,,,,,,,,,,,,,,,,,,,,,,,,,,,,,,
2026-08-22 00:26:46,Night_001,Right Side,0.608222,0.44122,0.178749,0.983476,0.587373,0.440106,0.167311,0.982081,0.612385,0.44698,0.290964,0.987665,0.578153,0.443818,0.23662,0.986476,0.618822,0.465735,0.240023,0.998704,0.521959,0.460048,0.219536,0.995136,0.593648,0.646866,-0.006147,0.999164,0.54236,0.642149,0.005966,0.99833
2026-08-22 00:26:47,Night_001,No Person Detected,,,,,,,,,,,,,,,,,,,,,,,,,,,,,,,,
2026-08-22 00:26:48,Night_001,Right Side,0.618827,0.442224,0.178834,0.986268,0.602047,0.433852,0.160753,0.985123,0.616517,0.451649,0.304599,0.989762,0.58404,0.438132,0.221565,0.988961,0.611313,0.49727,0.302385,0.998655,0.52299,0.455924,0.173748,0.995903,0.578501,0.627257,0.055681,0.999187,0.520204,0.613003,-0.055943,0.998516
2026-08-22 00:26:48,Night_001,No Person Detected,,,,,,,,,,,,,,,,,,,,,,,,,,,,,,,,
2026-08-22 00:26:48,Night_001,Right Side,0.614725,0.444038,0.162544,0.98301,0.596539,0.437015,0.147368,0.981502,0.608927,0.45034,0.259068,0.986969,0.58114,0.438632,0.188142,0.985683,0.60276,0.475083,0.236774,0.998618,0.513712,0.453226,0.158638,0.995696,0.567701,0.625547,0.024772,0.999118,0.513005,0.612223,-0.024833,0.99842
2026-08-22 00:26:48,Night_001,No Person Detected,,,,,,,,,,,,,,,,,,,,,,,,,,,,,,,,
2026-08-22 00:26:48,Night_001,Right Side,0.610466,0.448074,0.270966,0.984364,0.600964,0.447285,0.259265,0.982999,0.605426,0.449478,0.277476,0.988069,0.592373,0.451006,0.225618,0.986854,0.56439,0.450999,0.192528,0.998747,0.586499,0.486131,0.164867,0.996106,0.561426,0.626705,0.017231,0.999204,0.574479,0.640512,-0.018092,0.998574
2026-08-22 00:26:48,Night_001,No Person Detected,,,,,,,,,,,,,,,,,,,,,,,,,,,,,,,,
2026-08-22 00:26:49,Night_001,Right Side,0.617226,0.439118,0.170903,0.980983,0.59792,0.4326,0.154697,0.979811,0.615754,0.449822,0.29158,0.985045,0.581544,0.438266,0.217409,0.984811,0.61325,0.485388,0.271851,0.998579,0.518148,0.461239,0.179679,0.995637,0.582275,0.627842,0.031973,0.999116,0.525538,0.61343,-0.032138,0.998465
2026-08-22 00:26:49,Night_001,No Person Detected,,,,,,,,,,,,,,,,,,,,,,,,,,,,,,,,
2026-08-22 00:26:49,Night_001,Right Side,0.62087,0.449707,0.167188,0.981238,0.602963,0.441092,0.147693,0.979849,0.616551,0.456203,0.280347,0.98536,0.584287,0.440918,0.191,0.984735,0.610043,0.48733,0.251605,0.998526,0.517766,0.461303,0.165483,0.995739,0.571495,0.639332,0.030277,0.999112,0.520427,0.629661,-0.030479,0.998443
2026-08-22 00:26:49,Night_001,No Person Detected,,,,,,,,,,,,,,,,,,,,,,,,,,,,,,,,
2026-08-22 00:26:49,Night_001,Right Side,0.618444,0.445689,0.175939,0.982336,0.601403,0.43767,0.161953,0.980893,0.61537,0.455816,0.286293,0.986327,0.585075,0.441459,0.221022,0.985531,0.606098,0.487611,0.250432,0.998511,0.519445,0.45999,0.19379,0.995934,0.566341,0.634256,0.021931,0.999113,0.517695,0.622849,-0.0221,0.998426
2026-08-22 00:26:50,Night_001,No Person Detected,,,,,,,,,,,,,,,,,,,,,,,,,,,,,,,,
2026-08-22 00:26:50,Night_001,Right Side,0.616772,0.441544,0.217629,0.984917,0.597884,0.434637,0.202391,0.983681,0.615077,0.452621,0.332357,0.987984,0.583433,0.441619,0.261941,0.987903,0.613525,0.489037,0.294864,0.99847,0.516935,0.462416,0.226029,0.996588,0.588214,0.632255,0.03266,0.998853,0.527444,0.624852,-0.032814,0.998273
2026-08-22 00:26:50,Night_001,No Person Detected,,,,,,,,,,,,,,,,,,,,,,,,,,,,,,,,
2026-08-22 00:26:51,Night_001,Right Side,0.620673,0.44535,0.165268,0.98534,0.600784,0.436709,0.148009,0.984311,0.617057,0.452834,0.284203,0.988294,0.584463,0.439424,0.204063,0.988328,0.617615,0.481454,0.253403,0.998504,0.516203,0.452783,0.184414,0.99647,0.575944,0.635096,0.013446,0.998791,0.520865,0.616751,-0.013521,0.99815
2026-08-22 00:26:51,Night_001,No Person Detected,,,,,,,,,,,,,,,,,,,,,,,,,,,,,,,,
2026-08-22 00:26:52,Night_001,Right Side,0.61497,0.438408,0.195953,0.981256,0.595415,0.432659,0.18259,0.979969,0.613173,0.449306,0.303933,0.985496,0.580791,0.43854,0.243174,0.985199,0.611948,0.471163,0.270263,0.998347,0.515386,0.457805,0.21016,0.9962,0.579863,0.622261,0.030265,0.998645,0.518824,0.612214,-0.030397,0.99798
2026-08-22 00:26:52,Night_001,No Person Detected,,,,,,,,,,,,,,,,,,,,,,,,,,,,,,,,
2026-08-22 00:26:52,Night_001,Right Side,0.620233,0.440788,0.119406,0.982132,0.601603,0.431018,0.10655,0.980992,0.618614,0.45276,0.229212,0.986177,0.584523,0.43908,0.1692,0.98588,0.614423,0.493598,0.211852,0.998342,0.516918,0.461919,0.160235,0.996201,0.575489,0.637276,0.019168,0.998611,0.515758,0.617202,-0.019242,0.997849
2026-08-22 00:26:52,Night_001,No Person Detected,,,,,,,,,,,,,,,,,,,,,,,,,,,,,,,,
2026-08-22 00:26:53,Night_001,Right Side,0.621025,0.44488,0.145421,0.983133,0.601796,0.437097,0.129236,0.98189,0.61772,0.452689,0.261054,0.986993,0.586543,0.440351,0.185182,0.986432,0.619405,0.491002,0.238157,0.998432,0.516679,0.462608,0.170407,0.996124,0.58449,0.647998,0.02279,0.998572,0.524155,0.63032,-0.022829,0.997706
2026-08-22 00:26:53,Night_001,No Person Detected,,,,,,,,,,,,,,,,,,,,,,,,,,,,,,,,
2026-08-22 00:26:53,Night_001,Right Side,0.615585,0.443383,0.226085,0.980011,0.598714,0.435514,0.211357,0.976783,0.612146,0.451278,0.345823,0.986789,0.581375,0.440249,0.277525,0.984408,0.610092,0.495031,0.31764,0.998749,0.51642,0.459524,0.23325,0.996823,0.583138,0.626677,0.033911,0.998905,0.523108,0.614438,-0.034014,0.99836
2026-08-22 00:26:54,Night_001,No Person Detected,,,,,,,,,,,,,,,,,,,,,,,,,,,,,,,,
2026-08-22 00:26:54,Night_001,Right Side,0.614631,0.441798,0.167068,0.979507,0.595079,0.437035,0.153406,0.976949,0.61439,0.450186,0.272532,0.985255,0.58214,0.442032,0.21008,0.983376,0.620141,0.472651,0.244043,0.998556,0.524905,0.460395,0.184543,0.996679,0.588414,0.628919,0.029003,0.999089,0.534549,0.626046,-0.029306,0.998581
2026-08-22 00:26:55,Night_001,No Person Detected,,,,,,,,,,,,,,,,,,,,,,,,,,,,,,,,
2026-08-22 00:26:55,Night_001,Right Side,0.61836,0.442429,0.097009,0.976155,0.599691,0.435365,0.081503,0.973714,0.616326,0.453504,0.20877,0.981835,0.580517,0.439511,0.136175,0.982664,0.610356,0.477666,0.189788,0.998593,0.512718,0.458385,0.130287,0.995994,0.565862,0.64231,0.007187,0.999152,0.516012,0.626403,-0.007258,0.998567
2026-08-22 00:26:55,Night_001,No Person Detected,,,,,,,,,,,,,,,,,,,,,,,,,,,,,,,,
2026-08-22 00:26:56,Night_001,Right Side,0.619555,0.442953,0.161619,0.978192,0.600542,0.434293,0.146729,0.975973,0.618743,0.455216,0.279326,0.983408,0.583379,0.439126,0.210143,0.984158,0.610179,0.496227,0.261547,0.998654,0.515576,0.466531,0.183876,0.996224,0.570516,0.633929,0.031641,0.99914,0.509054,0.617924,-0.03181,0.998531
2026-08-22 00:26:56,Night_001,No Person Detected,,,,,,,,,,,,,,,,,,,,,,,,,,,,,,,,
2026-08-22 00:26:56,Night_001,Right Side,0.61501,0.44523,0.17211,0.972348,0.597333,0.439886,0.155611,0.970168,0.610494,0.451761,0.274963,0.978974,0.582056,0.441329,0.198398,0.979574,0.607188,0.478161,0.233812,0.998227,0.521156,0.456757,0.166966,0.995844,0.575362,0.6372,0.020838,0.999082,0.526153,0.63118,-0.0211,0.998472
2026-08-22 00:26:56,Night_001,No Person Detected,,,,,,,,,,,,,,,,,,,,,,,,,,,,,,,,
2026-08-22 00:26:57,Night_001,Right Side,0.615872,0.445124,0.166141,0.965285,0.600394,0.439797,0.147978,0.962541,0.612176,0.449025,0.257402,0.974761,0.584189,0.442561,0.173918,0.972823,0.605015,0.460155,0.215979,0.998172,0.536356,0.447492,0.1453,0.99551,0.568952,0.63215,0.017618,0.999103,0.535419,0.627074,-0.018021,0.998438
2026-08-22 00:26:57,Night_001,No Person Detected,,,,,,,,,,,,,,,,,,,,,,,,,,,,,,,,
2026-08-22 00:26:58,Night_001,Right Side,0.615877,0.450662,0.188101,0.966084,0.601672,0.445396,0.168846,0.963759,0.61034,0.452124,0.229297,0.976,0.589408,0.445605,0.142297,0.973834,0.578331,0.454275,0.195075,0.998304,0.561471,0.461682,0.080612,0.995915,0.555188,0.630499,0.041927,0.999187,0.546903,0.631128,-0.04247,0.998583
2026-08-22 00:26:58,Night_001,No Person Detected,,,,,,,,,,,,,,,,,,,,,,,,,,,,,,,,
2026-08-22 00:26:58,Night_001,Right Side,0.619086,0.448603,0.198181,0.969077,0.602068,0.441548,0.178249,0.966924,0.614577,0.455663,0.316381,0.978147,0.585579,0.439691,0.224384,0.976126,0.60262,0.491925,0.303501,0.998425,0.51795,0.457135,0.191549,0.996283,0.568325,0.638958,0.056825,0.999231,0.518424,0.628383,-0.057083,0.998669
2026-08-22 00:26:58,Night_001,No Person Detected,,,,,,,,,,,,,,,,,,,,,,,,,,,,,,,,
2026-08-22 00:26:59,Night_001,Right Side,0.622283,0.447741,0.16633,0.972536,0.604932,0.438764,0.149664,0.970043,0.617202,0.455164,0.283218,0.980557,0.585636,0.440266,0.205899,0.978542,0.610259,0.483877,0.264059,0.998471,0.518315,0.455938,0.177193,0.996436,0.572776,0.622395,0.035153,0.999205,0.515699,0.613077,-0.035328,0.998668
2026-08-22 00:26:59,Night_001,No Person Detected,,,,,,,,,,,,,,,,,,,,,,,,,,,,,,,,
2026-08-22 00:26:59,Night_001,Right Side,0.618366,0.446761,0.136173,0.974128,0.600056,0.439588,0.119181,0.97174,0.615257,0.455448,0.250764,0.981744,0.581216,0.441216,0.171488,0.979667,0.605217,0.481334,0.230318,0.998562,0.513932,0.457112,0.154816,0.996569,0.566274,0.63526,0.026538,0.999197,0.516211,0.622295,-0.0267,0.998596
2026-08-22 00:26:59,Night_001,No Person Detected,,,,,,,,,,,,,,,,,,,,,,,,,,,,,,,,
2026-08-22 00:26:59,Night_001,Right Side,0.620862,0.445778,0.146235,0.975462,0.601004,0.438193,0.13168,0.973296,0.616951,0.454776,0.262503,0.982685,0.585077,0.441437,0.1952,0.980686,0.620416,0.483509,0.236377,0.998559,0.523561,0.451832,0.175653,0.996582,0.580609,0.639426,0.016093,0.999165,0.525077,0.624229,-0.016229,0.998534
2026-08-22 00:26:59,Night_001,No Person Detected,,,,,,,,,,,,,,,,,,,,,,,,,,,,,,,,
2026-08-22 00:27:00,Night_001,Right Side,0.621434,0.444564,0.176151,0.977555,0.603031,0.434404,0.155834,0.975487,0.616565,0.453873,0.306823,0.984118,0.58451,0.435124,0.213262,0.982323,0.609897,0.497139,0.301184,0.998613,0.516733,0.458473,0.177425,0.996862,0.576403,0.628977,0.049965,0.999141,0.51713,0.616688,-0.050199,0.998569
2026-08-22 00:27:00,Night_001,No Person Detected,,,,,,,,,,,,,,,,,,,,,,,,,,,,,,,,
2026-08-22 00:27:00,Night_001,Right Side,0.617954,0.446468,0.066145,0.974202,0.600962,0.435866,0.051563,0.972443,0.614751,0.453905,0.174432,0.982381,0.582355,0.435193,0.106848,0.98081,0.611634,0.479147,0.170643,0.998401,0.514992,0.451349,0.095845,0.996552,0.567447,0.643558,0.020574,0.999093,0.51029,0.626554,-0.020795,0.998487
2026-08-22 00:27:00,Night_001,No Person Detected,,,,,,,,,,,,,,,,,,,,,,,,,,,,,,,,
2026-08-22 00:27:02,Night_001,Right Side,0.619094,0.44418,0.191139,0.979243,0.600474,0.437799,0.175687,0.977547,0.61482,0.452907,0.294978,0.985523,0.583493,0.4415,0.223752,0.984272,0.613632,0.481672,0.25331,0.998438,0.526544,0.460754,0.194164,0.995982,0.582857,0.626703,0.022701,0.999056,0.527042,0.620038,-0.022948,0.998494
2026-08-22 00:27:02,Night_001,No Person Detected,,,,,,,,,,,,,,,,,,,,,,,,,,,,,,,,
2026-08-22 00:27:02,Night_001,Right Side,0.618986,0.44661,0.17908,0.97722,0.601693,0.440025,0.160866,0.975902,0.614867,0.451755,0.285515,0.983593,0.586725,0.438515,0.201677,0.982455,0.610178,0.480973,0.256914,0.99828,0.519202,0.454386,0.16729,0.996253,0.571474,0.632404,0.027576,0.999017,0.522394,0.61646,-0.027663,0.998501
2026-08-22 00:27:03,Night_001,No Person Detected,,,,,,,,,,,,,,,,,,,,,,,,,,,,,,,,
2026-08-22 00:27:03,Night_001,Right Side,0.616611,0.441151,0.160245,0.979503,0.597813,0.434033,0.145324,0.978185,0.614665,0.450208,0.279056,0.984225,0.582054,0.43952,0.209664,0.982861,0.614125,0.4864,0.248706,0.998037,0.517577,0.461779,0.186759,0.996167,0.582711,0.640936,0.02143,0.998893,0.52786,0.630431,-0.021576,0.998253
2026-08-22 00:27:04,Night_001,No Person Detected,,,,,,,,,,,,,,,,,,,,,,,,,,,,,,,,
2026-08-22 00:27:04,Night_001,Right Side,0.617676,0.441438,0.14164,0.983353,0.598704,0.43492,0.126032,0.982244,0.616277,0.453319,0.249864,0.98723,0.582375,0.439958,0.176647,0.986681,0.618512,0.488917,0.227594,0.998435,0.516536,0.464681,0.173109,0.99616,0.578553,0.638215,0.022095,0.998916,0.518909,0.619077,-0.022181,0.998114
2026-08-22 00:27:04,Night_001,No Person Detected,,,,,,,,,,,,,,,,,,,,,,,,,,,,,,,,
2026-08-22 00:27:04,Night_001,Right Side,0.618701,0.440488,0.158333,0.984791,0.59989,0.432396,0.144474,0.983941,0.617175,0.451973,0.273597,0.988261,0.582618,0.437673,0.208961,0.987892,0.611882,0.485971,0.24821,0.998557,0.515323,0.458091,0.188442,0.996353,0.57603,0.632856,0.022336,0.998996,0.519115,0.617549,-0.022455,0.998205
2026-08-22 00:27:04,Night_001,No Person Detected,,,,,,,,,,,,,,,,,,,,,,,,,,,,,,,,
2026-08-22 00:27:05,Night_001,Right Side,0.619296,0.453503,0.17925,0.984435,0.602784,0.446293,0.162839,0.983129,0.615715,0.458187,0.268015,0.988484,0.587033,0.445428,0.192335,0.987238,0.605686,0.47679,0.231877,0.998615,0.538774,0.450078,0.171598,0.996534,0.56431,0.638051,0.032661,0.999054,0.521391,0.626834,-0.033024,0.998309
2026-08-22 00:27:05,Night_001,No Person Detected,,,,,,,,,,,,,,,,,,,,,,,,,,,,,,,,
2026-08-22 00:27:06,Night_001,Right Side,0.614229,0.446967,0.158156,0.981148,0.5951,0.440255,0.142699,0.978527,0.613091,0.453574,0.255222,0.986467,0.5834,0.443743,0.184669,0.982662,0.611499,0.474591,0.228136,0.998613,0.531321,0.457997,0.151053,0.99658,0.577871,0.632094,0.035637,0.99911,0.535233,0.632129,-0.036088,0.998414
2026-08-22 00:27:06,Night_001,No Person Detected,,,,,,,,,,,,,,,,,,,,,,,,,,,,,,,,
2026-08-22 00:27:06,Night_001,Right Side,0.619249,0.447072,0.178415,0.980617,0.599572,0.440537,0.164479,0.97778,0.614628,0.45403,0.273515,0.986089,0.582895,0.443176,0.209475,0.981619,0.614432,0.466148,0.227723,0.998603,0.533421,0.455398,0.186885,0.99621,0.577625,0.628332,0.012871,0.999142,0.535091,0.627751,-0.013282,0.998434
2026-08-22 00:27:06,Night_001,No Person Detected,,,,,,,,,,,,,,,,,,,,,,,,,,,,,,,,
2026-08-22 00:27:07,Night_001,Right Side,0.617381,0.440833,0.166804,0.981672,0.597927,0.435023,0.152191,0.978977,0.615278,0.449928,0.280356,0.986631,0.583082,0.440107,0.212313,0.982512,0.62469,0.482127,0.248282,0.998619,0.514963,0.463512,0.202822,0.995506,0.591543,0.636373,0.005182,0.998659,0.527529,0.621942,-0.005133,0.997659
2026-08-22 00:27:07,Night_001,No Person Detected,,,,,,,,,,,,,,,,,,,,,,,,,,,,,,,,
2026-08-22 00:27:07,Night_001,Right Side,0.613929,0.441038,0.201597,0.979697,0.594643,0.435251,0.184485,0.977673,0.608855,0.448314,0.306158,0.985061,0.580556,0.440654,0.227029,0.981855,0.604682,0.468051,0.257511,0.99853,0.520896,0.452947,0.193587,0.99541,0.576766,0.637709,0.00573,0.998666,0.53153,0.630527,-0.006034,0.997695
2026-08-22 00:27:07,Night_001,No Person Detected,,,,,,,,,,,,,,,,,,,,,,,,,,,,,,,,
2026-08-22 00:27:07,Night_001,Right Side,0.618709,0.449499,0.160729,0.979298,0.604039,0.442828,0.14341,0.977455,0.614005,0.455973,0.258048,0.984174,0.587938,0.442397,0.177415,0.982648,0.602838,0.478952,0.228411,0.998519,0.528844,0.453638,0.142518,0.995549,0.562588,0.631872,0.037697,0.998832,0.520513,0.6219,-0.037962,0.997951
2026-08-22 00:27:08,Night_001,No Person Detected,,,,,,,,,,,,,,,,,,,,,,,,,,,,,,,,
2026-08-22 00:27:09,Night_001,Right Side,0.617603,0.445859,0.146215,0.981073,0.599644,0.435556,0.131801,0.979306,0.614855,0.454799,0.263426,0.985559,0.58227,0.437983,0.196778,0.984114,0.607365,0.481291,0.233764,0.998598,0.517617,0.457658,0.18252,0.995674,0.561993,0.63344,0.007234,0.998913,0.517429,0.626499,-0.007396,0.998046
2026-08-22 00:27:09,Night_001,No Person Detected,,,,,,,,,,,,,,,,,,,,,,,,,,,,,,,,
2026-08-22 00:27:10,Night_001,Right Side,0.619114,0.441697,0.17267,0.981827,0.599789,0.434635,0.158268,0.980152,0.617872,0.453389,0.286137,0.986122,0.582184,0.440093,0.220257,0.984867,0.61133,0.487077,0.268236,0.998606,0.517643,0.459546,0.193712,0.995764,0.572563,0.636348,0.025737,0.998849,0.514569,0.619512,-0.025867,0.997938
2026-08-22 00:27:10,Night_001,No Person Detected,,,,,,,,,,,,,,,,,,,,,,,,,,,,,,,,
2026-08-22 00:27:10,Night_001,Right Side,0.621685,0.445095,0.159559,0.982991,0.603921,0.438167,0.143692,0.981367,0.616369,0.453404,0.27797,0.987034,0.585348,0.441153,0.204341,0.985798,0.618277,0.484836,0.243527,0.998623,0.521606,0.459235,0.183839,0.995676,0.578821,0.646591,0.011768,0.998817,0.522152,0.634638,-0.011833,0.997852
2026-08-22 00:27:10,Night_001,No Person Detected,,,,,,,,,,,,,,,,,,,,,,,,,,,,,,,,
2026-08-22 00:27:11,Night_001,Right Side,0.620682,0.444606,0.197584,0.987386,0.602196,0.436614,0.181687,0.986443,0.61682,0.454735,0.318126,0.990059,0.584913,0.440762,0.244014,0.990095,0.611585,0.49709,0.293098,0.998849,0.520806,0.460319,0.200155,0.996614,0.580394,0.628619,0.042055,0.999092,0.51983,0.619135,-0.042253,0.998414
2026-08-22 00:27:11,Night_001,No Person Detected,,,,,,,,,,,,,,,,,,,,,,,,,,,,,,,,
2026-08-22 00:27:11,Night_001,Right Side,0.617727,0.448777,0.146401,0.985937,0.599154,0.437539,0.133525,0.98521,0.614995,0.4595,0.259898,0.989437,0.581217,0.441407,0.201043,0.990011,0.604916,0.487986,0.246279,0.998319,0.515477,0.460593,0.180669,0.996785,0.559606,0.636854,0.020008,0.999113,0.504524,0.625088,-0.020278,0.998558
2026-08-22 00:27:11,Night_001,No Person Detected,,,,,,,,,,,,,,,,,,,,,,,,,,,,,,,,
2026-08-22 00:27:13,Night_001,Right Side,0.617793,0.44425,0.116024,0.98509,0.598875,0.43786,0.099506,0.984109,0.615202,0.453328,0.239729,0.988966,0.583446,0.440975,0.163666,0.989022,0.616488,0.477665,0.213332,0.998371,0.519307,0.450807,0.147668,0.996579,0.572472,0.638728,0.007894,0.999112,0.522464,0.625472,-0.008075,0.998484
2026-08-22 00:27:13,Night_001,No Person Detected,,,,,,,,,,,,,,,,,,,,,,,,,,,,,,,,
2026-08-22 00:27:13,Night_001,Right Side,0.615022,0.442384,0.185042,0.98044,0.597159,0.436597,0.168212,0.978532,0.613281,0.449877,0.280199,0.985196,0.582104,0.440971,0.202136,0.981189,0.611336,0.476095,0.242856,0.997851,0.5206,0.456779,0.175066,0.995739,0.58537,0.628117,0.025231,0.998953,0.52587,0.618053,-0.02538,0.998299
2026-08-22 00:27:13,Night_001,No Person Detected,,,,,,,,,,,,,,,,,,,,,,,,,,,,,,,,
2026-08-22 00:27:14,Night_001,Right Side,0.619178,0.443679,0.034092,0.97679,0.599672,0.435224,0.017032,0.975289,0.616851,0.45398,0.14236,0.982679,0.579711,0.438448,0.060868,0.978673,0.606465,0.483288,0.137445,0.997843,0.500478,0.457312,0.0729,0.994993,0.563722,0.655593,0.016974,0.998907,0.503017,0.634913,-0.01693,0.998068
2026-08-22 00:27:15,Night_001,No Person Detected,,,,,,,,,,,,,,,,,,,,,,,,,,,,,,,,
2026-08-22 00:27:16,Night_001,Right Side,0.617258,0.445489,0.09412,0.98271,0.599717,0.435701,0.08083,0.981826,0.61643,0.454603,0.201701,0.987728,0.584054,0.436298,0.139129,0.985579,0.610645,0.489444,0.190461,0.998292,0.517998,0.461482,0.123024,0.995666,0.560412,0.647087,0.021565,0.999177,0.509599,0.624976,-0.021591,0.998472
2026-08-22 00:27:16,Night_001,No Person Detected,,,,,,,,,,,,,,,,,,,,,,,,,,,,,,,,
2026-08-22 00:27:17,Night_001,Right Side,0.618984,0.444011,0.173136,0.983939,0.600689,0.434405,0.157729,0.983092,0.615975,0.451847,0.304019,0.988572,0.582481,0.438394,0.229695,0.98659,0.612059,0.49545,0.258845,0.998389,0.513038,0.45873,0.20628,0.995817,0.577938,0.647594,0.012285,0.999083,0.522113,0.631285,-0.012363,0.998318
2026-08-22 00:27:17,Night_001,No Person Detected,,,,,,,,,,,,,,,,,,,,,,,,,,,,,,,,
2026-08-22 00:27:18,Night_001,Right Side,0.618639,0.447692,0.16764,0.982899,0.600638,0.44137,0.15226,0.981495,0.61614,0.453542,0.266319,0.987321,0.584681,0.443544,0.194755,0.984969,0.615967,0.477811,0.239205,0.998343,0.52105,0.456529,0.176273,0.995562,0.586996,0.633923,0.033844,0.999039,0.527458,0.627267,-0.034007,0.998271
2026-08-22 00:27:18,Night_001,No Person Detected,,,,,,,,,,,,,,,,,,,,,,,,,,,,,,,,
2026-08-22 00:27:18,Night_001,Right Side,0.617646,0.44068,0.174996,0.985745,0.600426,0.432248,0.158309,0.984578,0.615785,0.449914,0.297999,0.989207,0.583477,0.437048,0.221494,0.987716,0.61162,0.493795,0.283555,0.998544,0.519279,0.455429,0.189819,0.995888,0.578875,0.631277,0.037627,0.998989,0.518517,0.611849,-0.037862,0.998284
2026-08-22 00:27:18,Night_001,No Person Detected,,,,,,,,,,,,,,,,,,,,,,,,,,,,,,,,
2026-08-22 00:27:19,Night_001,Right Side,0.620677,0.450701,0.179354,0.986639,0.601207,0.441904,0.158425,0.985424,0.617306,0.456548,0.288565,0.989953,0.582995,0.440989,0.192764,0.988404,0.60638,0.487214,0.26447,0.998607,0.525532,0.460717,0.162784,0.996215,0.571711,0.641181,0.042922,0.999058,0.524628,0.635201,-0.043319,0.998406
2026-08-22 00:27:20,Night_001,No Person Detected,,,,,,,,,,,,,,,,,,,,,,,,,,,,,,,,
2026-08-22 00:27:20,Night_001,Right Side,0.61626,0.452352,0.125724,0.986474,0.597764,0.441925,0.114941,0.985125,0.614665,0.462601,0.233994,0.990219,0.581235,0.44252,0.183692,0.98856,0.612962,0.49328,0.210293,0.998683,0.525555,0.46417,0.169047,0.996274,0.565059,0.637762,0.01698,0.9991,0.511853,0.62199,-0.017187,0.998479
2026-08-22 00:27:20,Night_001,No Person Detected,,,,,,,,,,,,,,,,,,,,,,,,,,,,,,,,
2026-08-22 00:27:20,Night_001,Right Side,0.621094,0.450111,0.172522,0.987005,0.602706,0.440744,0.149128,0.985593,0.615059,0.455485,0.293038,0.990604,0.582731,0.440562,0.184254,0.988868,0.602724,0.490572,0.279519,0.998693,0.518774,0.451903,0.144474,0.996572,0.565931,0.635042,0.05795,0.999137,0.514203,0.622584,-0.058219,0.998557
2026-08-22 00:27:21,Night_001,No Person Detected,,,,,,,,,,,,,,,,,,,,,,,,,,,,,,,,
2026-08-22 00:27:21,Night_001,Right Side,0.615409,0.439605,0.1528,0.987341,0.596001,0.432502,0.141716,0.98607,0.609448,0.450299,0.251123,0.991004,0.58061,0.438409,0.199905,0.989638,0.606688,0.470169,0.222908,0.998637,0.519423,0.457974,0.170072,0.996491,0.569331,0.631927,0.017212,0.999315,0.516063,0.622914,-0.017361,0.998844
2026-08-22 00:27:22,Night_001,No Person Detected,,,,,,,,,,,,,,,,,,,,,,,,,,,,,,,,
2026-08-22 00:27:22,Night_001,Right Side,0.617265,0.44723,0.197596,0.98574,0.598588,0.440617,0.180855,0.984344,0.611024,0.453614,0.281846,0.990361,0.582386,0.443061,0.205905,0.988047,0.606664,0.466577,0.233486,0.998667,0.535195,0.449189,0.167916,0.996687,0.574794,0.630143,0.033124,0.999359,0.536099,0.624775,-0.033622,0.998923
2026-08-22 00:27:22,Night_001,No Person Detected,,,,,,,,,,,,,,,,,,,,,,,,,,,,,,,,
2026-08-22 00:27:23,Night_001,Right Side,0.61653,0.452501,0.206443,0.985959,0.599642,0.445224,0.186306,0.98441,0.612669,0.456953,0.297125,0.990537,0.583861,0.443429,0.205356,0.988113,0.59321,0.481618,0.286372,0.998648,0.52814,0.461503,0.15152,0.996903,0.561991,0.614114,0.057984,0.999403,0.528859,0.611722,-0.058351,0.998999
2026-08-22 00:27:23,Night_001,No Person Detected,,,,,,,,,,,,,,,,,,,,,,,,,,,,,,,,
2026-08-22 00:27:24,Night_001,Right Side,0.616858,0.440296,0.160745,0.98492,0.595914,0.43353,0.146143,0.983732,0.616672,0.450828,0.27943,0.98929,0.582836,0.439661,0.211184,0.987352,0.623693,0.482471,0.24309,0.998552,0.515015,0.460843,0.194999,0.996405,0.591794,0.642233,0.010407,0.999143,0.527718,0.622915,-0.010421,0.998527
2026-08-22 00:27:24,Night_001,No Person Detected,,,,,,,,,,,,,,,,,,,,,,,,,,,,,,,,
2026-08-22 00:27:24,Night_001,Right Side,0.613074,0.438553,0.174871,0.977515,0.590105,0.434712,0.160087,0.976448,0.609742,0.448324,0.291873,0.98431,0.57855,0.442446,0.222533,0.982341,0.607618,0.470775,0.244266,0.998483,0.511182,0.458225,0.200498,0.995677,0.578666,0.653143,-0.000809,0.999269,0.526759,0.642851,0.000536,0.998655
2026-08-22 00:27:25,Night_001,No Person Detected,,,,,,,,,,,,,,,,,,,,,,,,,,,,,,,,
2026-08-22 00:27:25,Night_001,Right Side,0.615514,0.443025,0.154832,0.98087,0.595381,0.43686,0.137602,0.979313,0.614714,0.450803,0.265895,0.986665,0.580772,0.44106,0.186998,0.9848,0.611586,0.4734,0.239946,0.998725,0.526685,0.452914,0.15615,0.99577,0.574806,0.632163,0.027084,0.999448,0.533279,0.628736,-0.0275,0.99895
2026-08-22 00:27:25,Night_001,No Person Detected,,,,,,,,,,,,,,,,,,,,,,,,,,,,,,,,
2026-08-22 00:27:26,Night_001,Right Side,0.618629,0.442174,0.047148,0.954774,0.601926,0.437481,0.034169,0.951781,0.616824,0.450519,0.131322,0.968103,0.589081,0.442675,0.071556,0.961143,0.61934,0.465383,0.123166,0.998214,0.526771,0.449199,0.05989,0.994401,0.571938,0.645842,0.015888,0.999366,0.521059,0.635474,-0.016224,0.998819
2026-08-22 00:27:27,Night_001,No Person Detected,,,,,,,,,,,,,,,,,,,,,,,,,,,,,,,,
2026-08-22 00:27:27,Night_001,Right Side,0.619209,0.449154,0.173604,0.961515,0.602929,0.438477,0.157818,0.958249,0.617306,0.459446,0.274549,0.973146,0.586355,0.438364,0.200736,0.966639,0.59983,0.498848,0.249429,0.998379,0.529617,0.455845,0.173745,0.993988,0.557906,0.636898,0.03171,0.999367,0.513002,0.623066,-0.032135,0.998812
2026-08-22 00:27:27,Night_001,No Person Detected,,,,,,,,,,,,,,,,,,,,,,,,,,,,,,,,
2026-08-22 00:27:27,Night_001,Right Side,0.620381,0.44387,0.192191,0.962971,0.599308,0.43705,0.175171,0.959774,0.616894,0.45261,0.297544,0.973873,0.58396,0.441028,0.219827,0.967805,0.615903,0.480165,0.271845,0.998307,0.523407,0.460823,0.195411,0.99373,0.58108,0.632884,0.027546,0.999273,0.524822,0.623438,-0.027734,0.998633
2026-08-22 00:27:27,Night_001,No Person Detected,,,,,,,,,,,,,,,,,,,,,,,,,,,,,,,,
2026-08-22 00:27:28,Night_001,Right Side,0.619761,0.437851,0.066909,0.962552,0.598778,0.428718,0.052675,0.960051,0.619111,0.450941,0.183051,0.973187,0.580831,0.438419,0.116227,0.967258,0.620918,0.488813,0.169287,0.998299,0.514698,0.460429,0.107515,0.993713,0.57643,0.653604,0.017967,0.999217,0.516289,0.626539,-0.018105,0.998498
2026-08-22 00:27:28,Night_001,No Person Detected,,,,,,,,,,,,,,,,,,,,,,,,,,,,,,,,
2026-08-22 00:27:28,Night_001,Right Side,0.616238,0.44222,0.196119,0.971572,0.5979,0.435555,0.179872,0.968994,0.613613,0.451436,0.306248,0.979663,0.583028,0.440088,0.231596,0.976339,0.61216,0.48148,0.279652,0.998549,0.516077,0.459461,0.204393,0.994173,0.577975,0.628796,0.025774,0.999019,0.522,0.615026,-0.025804,0.998239
2026-08-22 00:27:28,Night_001,No Person Detected,,,,,,,,,,,,,,,,,,,,,,,,,,,,,,,,
2026-08-22 00:27:29,Night_001,Right Side,0.616906,0.451786,0.211586,0.97236,0.6027,0.444927,0.196423,0.970077,0.611907,0.457423,0.27646,0.980377,0.587718,0.442916,0.206589,0.976612,0.598643,0.469302,0.227017,0.998639,0.550603,0.448131,0.159674,0.994684,0.566394,0.620944,0.030668,0.999106,0.533004,0.607621,-0.031231,0.9984
2026-08-22 00:27:29,Night_001,No Person Detected,,,,,,,,,,,,,,,,,,,,,,,,,,,,,,,,
2026-08-22 00:27:29,Night_001,Right Side,0.618017,0.44939,0.152626,0.974163,0.602114,0.44014,0.141571,0.971771,0.614903,0.459825,0.255956,0.981645,0.587134,0.44246,0.205349,0.978002,0.611422,0.489587,0.225606,0.998669,0.536673,0.459356,0.173899,0.994968,0.566729,0.63099,0.0162,0.999162,0.526267,0.621177,-0.016595,0.998491
2026-08-22 00:27:29,Night_001,No Person Detected,,,,,,,,,,,,,,,,,,,,,,,,,,,,,,,,
2026-08-22 00:27:31,Night_001,Right Side,0.620832,0.44098,0.14177,0.975013,0.601503,0.433405,0.128472,0.972522,0.619063,0.452001,0.253148,0.982324,0.584747,0.438511,0.190709,0.978512,0.618188,0.480272,0.225148,0.998711,0.52255,0.46024,0.181696,0.994778,0.574936,0.636976,0.008699,0.999145,0.52232,0.622575,-0.008783,0.998362
2026-08-22 00:27:31,Night_001,No Person Detected,,,,,,,,,,,,,,,,,,,,,,,,,,,,,,,,
2026-08-22 00:27:32,Night_001,Right Side,0.615685,0.448759,0.136833,0.97628,0.599076,0.440942,0.120157,0.973853,0.614526,0.457986,0.243291,0.983498,0.583556,0.438884,0.165231,0.979609,0.603978,0.484929,0.221544,0.998747,0.518884,0.45737,0.151328,0.995123,0.562841,0.64061,0.029527,0.999206,0.516217,0.630364,-0.029794,0.998476
2026-08-22 00:27:32,Night_001,No Person Detected,,,,,,,,,,,,,,,,,,,,,,,,,,,,,,,,
2026-08-22 00:27:33,Night_001,Right Side,0.622199,0.446705,0.141871,0.978455,0.604329,0.434106,0.122971,0.976286,0.61738,0.456921,0.266206,0.985034,0.582888,0.438501,0.176841,0.981554,0.605768,0.492209,0.256242,0.998787,0.517012,0.454487,0.144696,0.995549,0.563955,0.638887,0.047377,0.999249,0.506178,0.620529,-0.04747,0.998568
2026-08-22 00:27:33,Night_001,No Person Detected,,,,,,,,,,,,,,,,,,,,,,,,,,,,,,,,
2026-08-22 00:27:34,Night_001,Right Side,0.621398,0.445022,0.179888,0.980332,0.603091,0.433951,0.166543,0.978312,0.617779,0.455217,0.293859,0.986314,0.584704,0.439159,0.231549,0.983113,0.612061,0.4935,0.254642,0.998835,0.526658,0.461036,0.202894,0.995833,0.576794,0.626466,0.020056,0.999238,0.525922,0.615799,-0.02027,0.998548
2026-08-22 00:27:34,Night_001,No Person Detected,,,,,,,,,,,,,,,,,,,,,,,,,,,,,,,,
2026-08-22 00:27:34,Night_001,Right Side,0.621063,0.442294,0.236977,0.980263,0.601894,0.435948,0.21799,0.978229,0.616189,0.452037,0.36051,0.986128,0.583668,0.440333,0.273596,0.98344,0.613744,0.486776,0.33508,0.998813,0.523221,0.458664,0.226942,0.996052,0.58505,0.626279,0.037064,0.99923,0.526378,0.613685,-0.03723,0.998564
2026-08-22 00:27:34,Night_001,No Person Detected,,,,,,,,,,,,,,,,,,,,,,,,,,,,,,,,
2026-08-22 00:27:35,Night_001,Right Side,0.61695,0.446116,0.133085,0.9755,0.599841,0.43751,0.116672,0.974045,0.613741,0.457353,0.247386,0.983491,0.581393,0.440435,0.170961,0.980877,0.606117,0.490113,0.236045,0.998487,0.506965,0.459782,0.150197,0.995351,0.56252,0.644376,0.029868,0.999212,0.501673,0.623352,-0.029914,0.998528
2026-08-22 00:27:36,Night_001,No Person Detected,,,,,,,,,,,,,,,,,,,,,,,,,,,,,,,,
2026-08-22 00:27:37,Night_001,Right Side,0.616476,0.443221,0.164175,0.982609,0.596955,0.437882,0.150032,0.981157,0.615167,0.451109,0.266589,0.988162,0.582461,0.442415,0.201926,0.986613,0.622302,0.475472,0.233678,0.998854,0.53209,0.459285,0.181552,0.996315,0.588167,0.631384,0.009045,0.999432,0.538165,0.623339,-0.009285,0.998876
2026-08-22 00:27:37,Night_001,No Person Detected,,,,,,,,,,,,,,,,,,,,,,,,,,,,,,,,
2026-08-22 00:27:37,Night_001,Right Side,0.621791,0.447621,0.181974,0.983676,0.602802,0.43935,0.166916,0.982343,0.615955,0.456003,0.295084,0.988958,0.587039,0.441408,0.226579,0.987637,0.611588,0.48306,0.274254,0.998838,0.526206,0.457726,0.193755,0.996576,0.573046,0.635105,0.027367,0.99942,0.519698,0.62311,-0.027639,0.998884
2026-08-22 00:27:37,Night_001,No Person Detected,,,,,,,,,,,,,,,,,,,,,,,,,,,,,,,,
2026-08-22 00:27:37,Night_001,Right Side,0.615869,0.449599,0.159333,0.982037,0.599029,0.44291,0.141965,0.980455,0.612634,0.456033,0.262795,0.988228,0.58258,0.441721,0.183395,0.986252,0.603443,0.468217,0.234494,0.998778,0.526027,0.44842,0.162065,0.996547,0.55963,0.631308,0.024455,0.999417,0.521573,0.625477,-0.024775,0.998846
2026-08-22 00:27:38,Night_001,No Person Detected,,,,,,,,,,,,,,,,,,,,,,,,,,,,,,,,
2026-08-22 00:27:39,Night_001,Right Side,0.61965,0.447041,0.155734,0.983597,0.601948,0.439829,0.138157,0.982174,0.615055,0.45263,0.269317,0.988553,0.585036,0.441117,0.1875,0.987064,0.61613,0.480967,0.243512,0.998668,0.519896,0.447943,0.165372,0.997077,0.58402,0.635296,0.031501,0.99939,0.527864,0.623678,-0.03165,0.998864
2026-08-22 00:27:39,Night_001,No Person Detected,,,,,,,,,,,,,,,,,,,,,,,,,,,,,,,,
2026-08-22 00:27:40,Night_001,Right Side,0.618785,0.444265,0.137463,0.984975,0.600039,0.432217,0.126691,0.983622,0.618118,0.45863,0.245543,0.989516,0.583272,0.438735,0.196024,0.988156,0.616846,0.496669,0.220906,0.998659,0.526407,0.465559,0.15911,0.997247,0.57826,0.623744,0.0284,0.99937,0.520734,0.6133,-0.028674,0.998878
2026-08-22 00:27:40,Night_001,No Person Detected,,,,,,,,,,,,,,,,,,,,,,,,,,,,,,,,
2026-08-22 00:27:41,Night_001,Right Side,0.617301,0.445327,0.201041,0.984388,0.599905,0.434335,0.187117,0.982724,0.615463,0.457099,0.316399,0.98748,0.580689,0.436788,0.251393,0.985946,0.613727,0.506643,0.284353,0.998163,0.526994,0.459503,0.213792,0.997189,0.58217,0.617406,0.024218,0.999341,0.514028,0.593624,-0.024368,0.998912
2026-08-22 00:27:41,Night_001,No Person Detected,,,,,,,,,,,,,,,,,,,,,,,,,,,,,,,,
2026-08-22 00:27:42,Night_001,Right Side,0.61785,0.446716,0.166486,0.97805,0.595937,0.439647,0.15322,0.973761,0.615077,0.454138,0.261089,0.983203,0.584291,0.444528,0.200314,0.974691,0.615441,0.475853,0.233598,0.998156,0.533083,0.458108,0.173448,0.996943,0.581978,0.632432,0.032424,0.999358,0.537172,0.629542,-0.032819,0.998922
2026-08-22 00:27:42,Night_001,No Person Detected,,,,,,,,,,,,,,,,,,,,,,,,,,,,,,,,
2026-08-22 00:27:42,Night_001,Right Side,0.618242,0.447915,0.208043,0.979666,0.600307,0.438287,0.195955,0.97567,0.613668,0.455455,0.307603,0.98452,0.584425,0.440641,0.251627,0.976673,0.605573,0.474666,0.262903,0.998263,0.531006,0.451377,0.218018,0.997104,0.56852,0.622827,0.022327,0.999397,0.52479,0.617282,-0.022668,0.998977
2026-08-22 00:27:42,Night_001,No Person Detected,,,,,,,,,,,,,,,,,,,,,,,,,,,,,,,,
2026-08-22 00:27:43,Night_001,Right Side,0.614757,0.445868,0.147912,0.972762,0.596599,0.438817,0.133141,0.969449,0.613451,0.454017,0.251172,0.980711,0.581986,0.442028,0.183996,0.971214,0.613779,0.468929,0.223559,0.998256,0.525406,0.448203,0.164518,0.996964,0.571908,0.633565,0.021271,0.999418,0.524978,0.621799,-0.021558,0.998993
2026-08-22 00:27:43,Night_001,No Person Detected,,,,,,,,,,,,,,,,,,,,,,,,,,,,,,,,
2026-08-22 00:27:44,Night_001,Right Side,0.617172,0.447515,0.189429,0.975405,0.599229,0.436066,0.17529,0.97345,0.614217,0.458922,0.303281,0.982069,0.582835,0.441246,0.238305,0.975967,0.609982,0.499198,0.277587,0.998379,0.519212,0.46089,0.199243,0.997427,0.572487,0.628276,0.03563,0.999399,0.516517,0.61536,-0.035855,0.999023
2026-08-22 00:27:44,Night_001,No Person Detected,,,,,,,,,,,,,,,,,,,,,,,,,,,,,,,,
2026-08-22 00:27:45,Night_001,Right Side,0.619133,0.449318,0.176585,0.975881,0.600803,0.44248,0.161064,0.973967,0.614298,0.455492,0.2583,0.982501,0.584786,0.441947,0.186521,0.976499,0.60455,0.460991,0.215893,0.998426,0.541559,0.445652,0.155525,0.997457,0.563297,0.627874,0.022781,0.999413,0.533387,0.624998,-0.023246,0.999017
2026-08-22 00:27:45,Night_001,No Person Detected,,,,,,,,,,,,,,,,,,,,,,,,,,,,,,,,
2026-08-22 00:27:46,Night_001,Right Side,0.61742,0.445564,0.11734,0.974801,0.598039,0.437015,0.102367,0.972036,0.615063,0.454777,0.222817,0.982428,0.58139,0.439819,0.154546,0.975957,0.611097,0.470453,0.188218,0.998468,0.530862,0.44798,0.139417,0.997237,0.566756,0.633107,0.006557,0.999444,0.530761,0.627514,-0.006903,0.999042
2026-08-22 00:27:46,Night_001,No Person Detected,,,,,,,,,,,,,,,,,,,,,,,,,,,,,,,,
2026-08-22 00:27:46,Night_001,Right Side,0.616986,0.445244,0.136059,0.975556,0.598457,0.437809,0.119107,0.972953,0.614765,0.452137,0.247869,0.982989,0.582384,0.440358,0.16983,0.976766,0.613592,0.483712,0.230752,0.998488,0.516876,0.458433,0.145602,0.997068,0.573518,0.649102,0.030812,0.99945,0.520042,0.634705,-0.030964,0.999004
2026-08-22 00:27:46,Night_001,No Person Detected,,,,,,,,,,,,,,,,,,,,,,,,,,,,,,,,
2026-08-22 00:27:47,Night_001,Right Side,0.621245,0.450075,0.176615,0.977802,0.603115,0.441087,0.155984,0.975667,0.616757,0.455884,0.287518,0.984396,0.584124,0.441294,0.192503,0.97948,0.612116,0.488216,0.270251,0.99838,0.519659,0.451395,0.152977,0.997404,0.574719,0.630102,0.049747,0.99925,0.514504,0.613341,-0.04992,0.998924
2026-08-22 00:27:47,Night_001,No Person Detected,,,,,,,,,,,,,,,,,,,,,,,,,,,,,,,,
2026-08-22 00:27:47,Night_001,Right Side,0.618285,0.445318,0.200644,0.977629,0.5992,0.442404,0.185318,0.975712,0.613083,0.451262,0.264746,0.984413,0.584865,0.44436,0.193867,0.979666,0.601226,0.46738,0.205983,0.998338,0.546117,0.449735,0.14696,0.997438,0.577919,0.640291,0.019211,0.999309,0.550888,0.632549,-0.019712,0.999005
2026-08-22 00:27:47,Night_001,No Person Detected,,,,,,,,,,,,,,,,,,,,,,,,,,,,,,,,
2026-08-22 00:27:48,Night_001,Right Side,0.61905,0.454478,0.221356,0.977178,0.606375,0.446775,0.195313,0.9746,0.613037,0.455235,0.291739,0.984278,0.589429,0.445342,0.17206,0.978913,0.574366,0.468786,0.287165,0.998307,0.556552,0.447597,0.104323,0.997624,0.548455,0.632615,0.066805,0.999293,0.537245,0.62378,-0.067323,0.998988
2026-08-22 00:27:48,Night_001,No Person Detected,,,,,,,,,,,,,,,,,,,,,,,,,,,,,,,,
2026-08-22 00:27:48,Night_001,Right Side,0.616224,0.443881,0.160207,0.978959,0.596909,0.438507,0.143805,0.976979,0.614018,0.451325,0.265555,0.98529,0.583608,0.440683,0.190301,0.981496,0.609303,0.472833,0.230069,0.998471,0.531512,0.457418,0.162598,0.997767,0.570019,0.633803,0.014141,0.999404,0.537216,0.633094,-0.014662,0.999132
2026-08-22 00:27:48,Night_001,No Person Detected,,,,,,,,,,,,,,,,,,,,,,,,,,,,,,,,
2026-08-22 00:27:49,Night_001,Right Side,0.617788,0.443082,0.182653,0.979977,0.598754,0.437063,0.16594,0.978216,0.614569,0.451097,0.284865,0.985939,0.584433,0.441904,0.206677,0.982418,0.61105,0.483539,0.244066,0.998488,0.517507,0.459379,0.183929,0.997526,0.581468,0.644877,0.015977,0.999304,0.529571,0.632639,-0.016205,0.998907
2026-08-22 00:27:49,Night_001,No Person Detected,,,,,,,,,,,,,,,,,,,,,,,,,,,,,,,,
2026-08-22 00:27:50,Night_001,Right Side,0.618014,0.442871,0.184687,0.982242,0.599135,0.436562,0.168218,0.981224,0.612935,0.451164,0.293656,0.98596,0.584025,0.441598,0.216934,0.985206,0.609492,0.485297,0.262039,0.998336,0.515647,0.462766,0.184153,0.997361,0.582433,0.639295,0.027847,0.999386,0.522445,0.631854,-0.028127,0.999025
2026-08-22 00:27:50,Night_001,No Person Detected,,,,,,,,,,,,,,,,,,,,,,,,,,,,,,,,
2026-08-22 00:27:50,Night_001,Right Side,0.61647,0.440642,0.163114,0.981464,0.598174,0.433842,0.14933,0.9799,0.614198,0.451073,0.280442,0.985533,0.58222,0.439257,0.216179,0.985067,0.613871,0.485721,0.252737,0.998279,0.51677,0.46001,0.18905,0.994951,0.580095,0.641018,0.025643,0.999296,0.523383,0.621958,-0.02587,0.998833
2026-08-22 00:27:50,Night_001,No Person Detected,,,,,,,,,,,,,,,,,,,,,,,,,,,,,,,,
2026-08-22 00:27:51,Night_001,Right Side,0.617675,0.452106,0.152509,0.982268,0.600614,0.445334,0.132364,0.980528,0.613272,0.455673,0.252456,0.986448,0.583966,0.441898,0.158063,0.985619,0.596297,0.476854,0.227094,0.99837,0.527951,0.445062,0.141262,0.995338,0.557821,0.640553,0.035729,0.999335,0.521149,0.631953,-0.035972,0.998883
2026-08-22 00:27:51,Night_001,No Person Detected,,,,,,,,,,,,,,,,,,,,,,,,,,,,,,,,
2026-08-22 00:27:52,Night_001,Right Side,0.61604,0.437606,0.159306,0.97813,0.594292,0.432895,0.148131,0.975691,0.615979,0.448112,0.263449,0.983575,0.582415,0.441334,0.213353,0.981167,0.624088,0.467256,0.230109,0.998309,0.525439,0.458933,0.191412,0.994242,0.582136,0.628936,0.007565,0.999232,0.527547,0.621876,-0.007738,0.998644
2026-08-22 00:27:52,Night_001,No Person Detected,,,,,,,,,,,,,,,,,,,,,,,,,,,,,,,,
2026-08-22 00:27:52,Night_001,Right Side,0.621484,0.451646,0.214195,0.980096,0.604478,0.441649,0.199721,0.977809,0.617292,0.458321,0.320641,0.985086,0.586273,0.441878,0.252114,0.982822,0.609036,0.48772,0.280137,0.998429,0.520611,0.457866,0.225958,0.99475,0.574891,0.623285,0.030211,0.999248,0.518009,0.616875,-0.030416,0.99871
2026-08-22 00:27:52,Night_001,No Person Detected,,,,,,,,,,,,,,,,,,,,,,,,,,,,,,,,
2026-08-22 00:27:53,Night_001,Right Side,0.618736,0.444402,0.167044,0.980388,0.600384,0.436558,0.153971,0.9778,0.616616,0.454033,0.270456,0.985379,0.585571,0.440684,0.209905,0.982346,0.610988,0.479678,0.239966,0.998411,0.522911,0.457718,0.176911,0.994744,0.573555,0.634274,0.023622,0.999242,0.519886,0.628229,-0.023795,0.998684
2026-08-22 00:27:53,Night_001,No Person Detected,,,,,,,,,,,,,,,,,,,,,,,,,,,,,,,,
2026-08-22 00:27:53,Night_001,Right Side,0.611046,0.445113,0.156807,0.979207,0.593965,0.43881,0.140424,0.977029,0.609472,0.45218,0.251081,0.984759,0.581331,0.440098,0.175156,0.981839,0.5991,0.470524,0.221303,0.998444,0.523334,0.450815,0.145264,0.995009,0.559684,0.628985,0.020732,0.999295,0.523849,0.621551,-0.021114,0.998759
2026-08-22 00:27:53,Night_001,No Person Detected,,,,,,,,,,,,,,,,,,,,,,,,,,,,,,,,
2026-08-22 00:27:53,Night_001,Right Side,0.615299,0.43978,0.187049,0.98202,0.596776,0.433657,0.169774,0.980275,0.614056,0.451096,0.300801,0.986626,0.580745,0.44039,0.220199,0.98445,0.611059,0.481566,0.264596,0.99852,0.513996,0.461377,0.194044,0.995226,0.578211,0.637334,0.019194,0.999125,0.517016,0.62323,-0.019248,0.998463
2026-08-22 00:27:54,Night_001,No Person Detected,,,,,,,,,,,,,,,,,,,,,,,,,,,,,,,,
2026-08-22 00:27:54,Night_001,Right Side,0.615678,0.453459,0.152746,0.979132,0.600138,0.442281,0.137899,0.978206,0.613794,0.459659,0.241312,0.984064,0.586194,0.441059,0.172311,0.983662,0.597081,0.483379,0.207706,0.998524,0.536802,0.456067,0.15621,0.995454,0.557484,0.62846,0.025796,0.999315,0.527239,0.616116,-0.026273,0.998766
2026-08-22 00:27:54,Night_001,No Person Detected,,,,,,,,,,,,,,,,,,,,,,,,,,,,,,,,
2026-08-22 00:27:55,Night_001,Right Side,0.620385,0.451043,0.196302,0.980052,0.605227,0.442861,0.175067,0.978917,0.614861,0.456364,0.281814,0.98479,0.587704,0.441003,0.183436,0.983794,0.596523,0.482474,0.256317,0.9985,0.54097,0.449387,0.132609,0.995759,0.562256,0.631027,0.053957,0.999349,0.526709,0.621557,-0.054394,0.998825
2026-08-22 00:27:55,Night_001,No Person Detected,,,,,,,,,,,,,,,,,,,,,,,,,,,,,,,,
2026-08-22 00:27:55,Night_001,Right Side,0.615708,0.443966,0.166571,0.977574,0.596313,0.438213,0.151905,0.976441,0.6135,0.450072,0.260394,0.983354,0.583217,0.443362,0.193772,0.981639,0.61342,0.466525,0.220956,0.998482,0.532093,0.448666,0.166714,0.995878,0.574475,0.629328,0.020701,0.999344,0.534269,0.623509,-0.021109,0.998814
2026-08-22 00:27:55,Night_001,No Person Detected,,,,,,,,,,,,,,,,,,,,,,,,,,,,,,,,
2026-08-22 00:27:56,Night_001,Right Side,0.617307,0.438902,0.156598,0.9793,0.598028,0.431361,0.144533,0.978212,0.61605,0.450936,0.271284,0.984601,0.582047,0.44047,0.216744,0.983101,0.622963,0.484726,0.251209,0.998536,0.525756,0.463597,0.184553,0.996211,0.588085,0.628852,0.030091,0.999323,0.526177,0.620205,-0.030276,0.998839
2026-08-22 00:27:56,Night_001,No Person Detected,,,,,,,,,,,,,,,,,,,,,,,,,,,,,,,,
2026-08-22 00:27:56,Night_001,Right Side,0.61953,0.448543,0.161463,0.980691,0.601345,0.439598,0.144519,0.979532,0.613175,0.454294,0.269588,0.985811,0.582657,0.44017,0.19076,0.984315,0.599115,0.469783,0.231591,0.998632,0.516486,0.452707,0.175979,0.996434,0.561512,0.637196,0.011307,0.999362,0.523366,0.631284,-0.011614,0.998882
2026-08-22 00:27:56,Night_001,No Person Detected,,,,,,,,,,,,,,,,,,,,,,,,,,,,,,,,
2026-08-22 00:27:58,Night_001,Right Side,0.619665,0.445329,0.182409,0.98237,0.600101,0.437919,0.164851,0.980912,0.614674,0.454015,0.300145,0.986863,0.584404,0.44141,0.219636,0.985461,0.616614,0.488226,0.282737,0.99867,0.522731,0.459209,0.187505,0.996607,0.583927,0.637089,0.039768,0.999312,0.525282,0.626668,-0.039942,0.998752
2026-08-22 00:27:58,Night_001,No Person Detected,,,,,,,,,,,,,,,,,,,,,,,,,,,,,,,,
2026-08-22 00:27:59,Night_001,Right Side,0.611508,0.438602,0.177606,0.974897,0.592631,0.433222,0.164962,0.973499,0.609358,0.449245,0.28246,0.980987,0.581233,0.439248,0.225323,0.978908,0.609621,0.470989,0.261251,0.998444,0.516001,0.455052,0.183283,0.99619,0.575629,0.627245,0.034865,0.999206,0.516991,0.615849,-0.035075,0.998563
2026-08-22 00:27:59,Night_001,No Person Detected,,,,,,,,,,,,,,,,,,,,,,,,,,,,,,,,
2026-08-22 00:27:59,Night_001,Right Side,0.618337,0.44178,0.169731,0.977615,0.598102,0.434995,0.152711,0.976409,0.615523,0.452892,0.276244,0.983069,0.582376,0.440539,0.197402,0.981241,0.615902,0.493186,0.249369,0.998397,0.519938,0.464189,0.174367,0.9956,0.587163,0.638168,0.023436,0.999035,0.529782,0.624898,-0.023536,0.998292
2026-08-22 00:27:59,Night_001,No Person Detected,,,,,,,,,,,,,,,,,,,,,,,,,,,,,,,,
2026-08-22 00:28:00,Night_001,Right Side,0.62134,0.448775,0.109729,0.978567,0.604191,0.440337,0.092363,0.977603,0.615863,0.456017,0.207755,0.984106,0.585558,0.442287,0.126413,0.982401,0.605656,0.480437,0.183816,0.998415,0.515214,0.460221,0.10861,0.995776,0.562144,0.648909,0.018381,0.999072,0.515584,0.630273,-0.018495,0.99832
2026-08-22 00:28:00,Night_001,No Person Detected,,,,,,,,,,,,,,,,,,,,,,,,,,,,,,,,
2026-08-22 00:28:00,Night_001,Right Side,0.622416,0.446157,0.117407,0.98341,0.604268,0.433888,0.102997,0.982683,0.621502,0.458322,0.229882,0.987693,0.585603,0.439551,0.160933,0.986546,0.614735,0.500834,0.207132,0.998664,0.52279,0.461772,0.15226,0.996413,0.573417,0.644195,0.015161,0.999107,0.517156,0.620812,-0.015097,0.998264
2026-08-22 00:28:00,Night_001,No Person Detected,,,,,,,,,,,,,,,,,,,,,,,,,,,,,,,,
2026-08-22 00:28:02,Night_001,Right Side,0.616632,0.450309,0.106148,0.983607,0.600318,0.442518,0.09146,0.983073,0.614797,0.45872,0.204792,0.988278,0.586599,0.443289,0.136567,0.987254,0.603086,0.486118,0.189861,0.99859,0.520694,0.452704,0.116309,0.99662,0.554114,0.651855,0.026327,0.999112,0.503255,0.631674,-0.026572,0.998357
2026-08-22 00:28:02,Night_001,No Person Detected,,,,,,,,,,,,,,,,,,,,,,,,,,,,,,,,
2026-08-22 00:28:02,Night_001,Right Side,0.618494,0.444522,0.159882,0.987077,0.596677,0.437587,0.143487,0.986532,0.616673,0.452519,0.264973,0.990681,0.580238,0.441075,0.189778,0.990065,0.614936,0.476036,0.234176,0.998655,0.515897,0.461034,0.17786,0.996509,0.57835,0.624501,0.011212,0.998955,0.524428,0.622001,-0.011267,0.998186
2026-08-22 00:28:02,Night_001,No Person Detected,,,,,,,,,,,,,,,,,,,,,,,,,,,,,,,,
2026-08-22 00:28:03,Night_001,Right Side,0.615728,0.444688,0.12984,0.973487,0.598776,0.439606,0.115815,0.972136,0.611183,0.45379,0.218865,0.983069,0.584132,0.442335,0.154671,0.978989,0.609208,0.469443,0.194769,0.998503,0.527253,0.455622,0.131857,0.995728,0.565441,0.641676,0.018595,0.998979,0.520114,0.63046,-0.018933,0.998179
2026-08-22 00:28:04,Night_001,No Person Detected,,,,,,,,,,,,,,,,,,,,,,,,,,,,,,,,
2026-08-22 00:28:04,Night_001,Right Side,0.621011,0.45193,0.281302,0.984925,0.603349,0.439749,0.26316,0.984126,0.615628,0.460864,0.400074,0.990008,0.585395,0.441345,0.31766,0.988351,0.601395,0.506632,0.360511,0.997683,0.522261,0.459044,0.255338,0.996773,0.567797,0.619508,0.042351,0.999205,0.51015,0.597101,-0.042676,0.998656
2026-08-22 00:28:04,Night_001,No Person Detected,,,,,,,,,,,,,,,,,,,,,,,,,,,,,,,,
2026-08-22 00:28:04,Night_001,Right Side,0.618845,0.452877,0.157556,0.985784,0.603024,0.443013,0.142382,0.985045,0.61464,0.458812,0.263787,0.990696,0.586771,0.442427,0.194093,0.989236,0.607445,0.490113,0.238338,0.997832,0.526273,0.458978,0.175866,0.997015,0.563563,0.634983,0.019855,0.999143,0.517728,0.625237,-0.020208,0.998639
2026-08-22 00:28:04,Night_001,No Person Detected,,,,,,,,,,,,,,,,,,,,,,,,,,,,,,,,
2026-08-22 00:28:05,Night_001,Right Side,0.615587,0.44688,0.137321,0.984375,0.597856,0.438245,0.121691,0.983821,0.613705,0.458589,0.243984,0.990362,0.581155,0.440778,0.172149,0.988985,0.604127,0.48374,0.223663,0.997857,0.505759,0.458408,0.147957,0.99717,0.562294,0.64685,0.029453,0.999158,0.502498,0.627826,-0.029698,0.99871
2026-08-22 00:28:05,Night_001,No Person Detected,,,,,,,,,,,,,,,,,,,,,,,,,,,,,,,,
2026-08-22 00:28:05,Night_001,Right Side,0.617322,0.44589,0.098843,0.981165,0.597841,0.438335,0.082474,0.980516,0.61215,0.452493,0.196963,0.988701,0.584911,0.437414,0.12249,0.986554,0.611636,0.466632,0.183915,0.998381,0.522647,0.442532,0.100679,0.996245,0.56765,0.634225,0.023254,0.999319,0.518226,0.622215,-0.023546,0.998721
2026-08-22 00:28:05,Night_001,No Person Detected,,,,,,,,,,,,,,,,,,,,,,,,,,,,,,,,
2026-08-22 00:28:07,Night_001,Right Side,0.615518,0.445958,0.141176,0.98196,0.598014,0.439405,0.123609,0.981187,0.613964,0.453146,0.253022,0.989122,0.58254,0.441234,0.172172,0.986879,0.614042,0.481592,0.223275,0.998464,0.51695,0.459257,0.154851,0.996053,0.571984,0.641065,0.012613,0.999298,0.519692,0.629823,-0.012747,0.998632
2026-08-22 00:28:07,Night_001,No Person Detected,,,,,,,,,,,,,,,,,,,,,,,,,,,,,,,,
2026-08-22 00:28:08,Night_001,Right Side,0.619509,0.448673,0.172988,0.98103,0.602205,0.441834,0.150097,0.979415,0.613994,0.45322,0.269038,0.988379,0.584252,0.440489,0.163673,0.984553,0.599703,0.474964,0.249043,0.998485,0.528227,0.453629,0.129302,0.996209,0.56612,0.633451,0.04357,0.999329,0.526832,0.625431,-0.044033,0.998698
2026-08-22 00:28:08,Night_001,No Person Detected,,,,,,,,,,,,,,,,,,,,,,,,,,,,,,,,
2026-08-22 00:28:08,Night_001,Right Side,0.621922,0.447863,0.187135,0.981909,0.602113,0.43704,0.171582,0.980081,0.619392,0.45854,0.294276,0.988785,0.583862,0.438341,0.221877,0.984737,0.609295,0.492765,0.257502,0.998453,0.529368,0.457383,0.189553,0.996286,0.571331,0.630125,0.025526,0.999323,0.51842,0.621034,-0.025779,0.998698
2026-08-22 00:28:08,Night_001,No Person Detected,,,,,,,,,,,,,,,,,,,,,,,,,,,,,,,,
2026-08-22 00:28:09,Night_001,Right Side,0.615281,0.44359,0.151547,0.980684,0.594004,0.434738,0.137031,0.979371,0.610744,0.451001,0.258138,0.987864,0.580915,0.440053,0.190597,0.984022,0.604344,0.473964,0.236901,0.998413,0.512587,0.455597,0.159725,0.996274,0.568742,0.639353,0.027771,0.999284,0.513808,0.625578,-0.02804,0.998628
2026-08-22 00:28:09,Night_001,No Person Detected,,,,,,,,,,,,,,,,,,,,,,,,,,,,,,,,
2026-08-22 00:28:10,Night_001,Right Side,0.616839,0.452295,0.184999,0.980712,0.601421,0.446523,0.166748,0.97886,0.610693,0.454614,0.247434,0.988324,0.588558,0.44773,0.162322,0.983981,0.590225,0.460254,0.191152,0.99854,0.550578,0.450819,0.130429,0.996491,0.55778,0.638793,0.024484,0.999375,0.541349,0.634577,-0.02493,0.998786
2026-08-22 00:28:10,Night_001,No Person Detected,,,,,,,,,,,,,,,,,,,,,,,,,,,,,,,,
2026-08-22 00:28:10,Night_001,Right Side,0.613887,0.445153,0.175925,0.977303,0.596526,0.439747,0.160573,0.976174,0.611897,0.450637,0.256878,0.985838,0.583444,0.443222,0.18588,0.981733,0.605407,0.470276,0.210648,0.998474,0.530634,0.454377,0.155942,0.996423,0.57115,0.62965,0.014216,0.999409,0.533174,0.624089,-0.014502,0.998855
2026-08-22 00:28:10,Night_001,No Person Detected,,,,,,,,,,,,,,,,,,,,,,,,,,,,,,,,
2026-08-22 00:28:11,Night_001,Right Side,0.617898,0.449889,0.186356,0.977586,0.600479,0.441963,0.169043,0.976065,0.612787,0.455813,0.276388,0.985677,0.583324,0.441729,0.196794,0.981624,0.602834,0.473615,0.246752,0.998241,0.533113,0.448578,0.157069,0.99526,0.565557,0.63275,0.043265,0.999347,0.523044,0.624717,-0.043622,0.998744
2026-08-22 00:28:11,Night_001,No Person Detected,,,,,,,,,,,,,,,,,,,,,,,,,,,,,,,,
2026-08-22 00:28:11,Night_001,Right Side,0.617144,0.442402,0.18233,0.976393,0.596552,0.436683,0.167545,0.975083,0.614024,0.452174,0.290396,0.984391,0.58196,0.441767,0.223162,0.980383,0.612032,0.475281,0.247925,0.998095,0.525248,0.464356,0.195881,0.99503,0.577429,0.627953,0.014522,0.999279,0.52971,0.622196,-0.014964,0.998648
2026-08-22 00:28:11,Night_001,No Person Detected,,,,,,,,,,,,,,,,,,,,,,,,,,,,,,,,
2026-08-22 00:28:12,Night_001,Right Side,0.617603,0.443587,0.1968,0.975392,0.600039,0.437219,0.185981,0.973653,0.616001,0.451961,0.293731,0.984251,0.58721,0.442934,0.244156,0.980057,0.612021,0.474544,0.251586,0.998043,0.535361,0.457873,0.202454,0.994969,0.572536,0.633511,0.019357,0.99931,0.524434,0.624078,-0.019659,0.998703
2026-08-22 00:28:12,Night_001,No Person Detected,,,,,,,,,,,,,,,,,,,,,,,,,,,,,,,,
2026-08-22 00:28:12,Night_001,Right Side,0.619697,0.446234,0.176548,0.976269,0.600932,0.436195,0.162281,0.974451,0.616855,0.455715,0.293006,0.984474,0.583003,0.437105,0.227902,0.980725,0.613735,0.48671,0.270377,0.99779,0.516807,0.454128,0.198487,0.99491,0.574999,0.62761,0.024976,0.999142,0.512762,0.616482,-0.025149,0.998409
2026-08-22 00:28:12,Night_001,No Person Detected,,,,,,,,,,,,,,,,,,,,,,,,,,,,,,,,
2026-08-22 00:28:14,Night_001,Right Side,0.617249,0.444693,0.146334,0.976763,0.597522,0.437535,0.131729,0.975055,0.615618,0.453159,0.258574,0.984752,0.581519,0.44061,0.191533,0.981195,0.614173,0.473324,0.223633,0.997877,0.525228,0.448251,0.164739,0.995185,0.57286,0.63973,0.019156,0.999199,0.528462,0.631073,-0.01958,0.998507
2026-08-22 00:28:14,Night_001,No Person Detected,,,,,,,,,,,,,,,,,,,,,,,,,,,,,,,,
2026-08-22 00:28:14,Night_001,Right Side,0.620866,0.440417,0.132945,0.976155,0.600622,0.432986,0.120896,0.974266,0.620645,0.453468,0.246049,0.983876,0.58379,0.438056,0.189248,0.980616,0.621871,0.489738,0.226212,0.997888,0.524725,0.465484,0.181857,0.994673,0.578685,0.627631,0.01527,0.998983,0.514913,0.606464,-0.015262,0.997974
2026-08-22 00:28:14,Night_001,No Person Detected,,,,,,,,,,,,,,,,,,,,,,,,,,,,,,,,
2026-08-22 00:28:16,Night_001,Right Side,0.616309,0.446155,0.135742,0.97579,0.597879,0.439806,0.12086,0.973224,0.614213,0.453514,0.245306,0.983935,0.581809,0.439703,0.177176,0.979637,0.60841,0.47658,0.223386,0.997977,0.517876,0.458505,0.161439,0.994658,0.569146,0.638123,0.021166,0.999041,0.523847,0.632259,-0.021492,0.998056
2026-08-22 00:28:16,Night_001,No Person Detected,,,,,,,,,,,,,,,,,,,,,,,,,,,,,,,,
2026-08-22 00:28:17,Night_001,Right Side,0.61851,0.443279,0.174271,0.976784,0.599544,0.436891,0.159617,0.973949,0.614614,0.452219,0.289119,0.984504,0.583232,0.44137,0.22124,0.980291,0.61179,0.478996,0.254538,0.997949,0.526762,0.460989,0.194794,0.994682,0.576405,0.629786,0.020455,0.999038,0.52578,0.626264,-0.020646,0.998068
2026-08-22 00:28:17,Night_001,No Person Detected,,,,,,,,,,,,,,,,,,,,,,,,,,,,,,,,
2026-08-22 00:28:17,Night_001,Right Side,0.619657,0.44995,0.207744,0.97884,0.600778,0.439094,0.191882,0.976254,0.615103,0.458818,0.326201,0.985904,0.584264,0.44001,0.251885,0.982085,0.60137,0.49109,0.289322,0.998045,0.519797,0.457155,0.222742,0.995126,0.563983,0.6323,0.025106,0.999092,0.514641,0.620331,-0.025312,0.99818
2026-08-22 00:28:17,Night_001,No Person Detected,,,,,,,,,,,,,,,,,,,,,,,,,,,,,,,,
2026-08-22 00:28:18,Night_001,Right Side,0.621096,0.449765,0.111414,0.981689,0.602532,0.438373,0.096133,0.979789,0.617906,0.459518,0.214611,0.987573,0.584381,0.43923,0.144135,0.985038,0.609232,0.499121,0.204536,0.998132,0.519906,0.462957,0.137515,0.995795,0.558169,0.645772,0.028731,0.999024,0.50407,0.625677,-0.028846,0.998199
2026-08-22 00:28:18,Night_001,No Person Detected,,,,,,,,,,,,,,,,,,,,,,,,,,,,,,,,
2026-08-22 00:28:19,Night_001,Right Side,0.619029,0.448715,0.19237,0.975583,0.603652,0.443506,0.170533,0.973479,0.612744,0.45321,0.259864,0.983684,0.589296,0.442651,0.16097,0.97958,0.58951,0.457822,0.230511,0.998135,0.552678,0.452783,0.103686,0.995996,0.560267,0.63116,0.048271,0.999085,0.539602,0.630717,-0.048867,0.998309
2026-08-22 00:28:19,Night_001,No Person Detected,,,,,,,,,,,,,,,,,,,,,,,,,,,,,,,,
2026-08-22 00:28:19,Night_001,Right Side,0.618253,0.44549,0.102968,0.974185,0.599862,0.4356,0.086676,0.972717,0.616226,0.45329,0.214314,0.98259,0.582696,0.437886,0.137627,0.978747,0.613107,0.486048,0.202761,0.998144,0.515951,0.45965,0.127575,0.995695,0.563467,0.651129,0.024811,0.999026,0.507931,0.626547,-0.024789,0.998069
2026-08-22 00:28:20,Night_001,No Person Detected,,,,,,,,,,,,,,,,,,,,,,,,,,,,,,,,
2026-08-22 00:28:20,Night_001,Right Side,0.620725,0.444188,0.152803,0.979709,0.601226,0.43709,0.137612,0.978129,0.616169,0.45339,0.274764,0.986474,0.584374,0.440899,0.203562,0.983965,0.617924,0.485116,0.239273,0.998475,0.521532,0.463437,0.189777,0.995005,0.575997,0.642386,0.002096,0.999108,0.522906,0.627499,-0.002116,0.998134
2026-08-22 00:28:20,Night_001,No Person Detected,,,,,,,,,,,,,,,,,,,,,,,,,,,,,,,,
2026-08-22 00:28:21,Night_001,Right Side,0.616672,0.445118,0.154367,0.978338,0.599147,0.438324,0.140958,0.976484,0.613947,0.452757,0.264222,0.985653,0.582287,0.44194,0.203003,0.983247,0.613205,0.472371,0.230141,0.998423,0.517494,0.459772,0.180228,0.994728,0.567236,0.626219,0.006972,0.999126,0.521019,0.617907,-0.007212,0.998128
2026-08-22 00:28:21,Night_001,No Person Detected,,,,,,,,,,,,,,,,,,,,,,,,,,,,,,,,
2026-08-22 00:28:21,Night_001,Right Side,0.620006,0.448034,0.157465,0.979817,0.602681,0.439188,0.13899,0.978053,0.614992,0.455097,0.263893,0.98665,0.584728,0.440309,0.17801,0.984335,0.602106,0.477175,0.235672,0.998477,0.520721,0.451637,0.15087,0.995068,0.559113,0.63845,0.028032,0.999178,0.516874,0.627251,-0.028237,0.998229
2026-08-22 00:28:21,Night_001,No Person Detected,,,,,,,,,,,,,,,,,,,,,,,,,,,,,,,,
2026-08-22 00:28:23,Night_001,Right Side,0.618518,0.455251,0.172665,0.984325,0.602563,0.443423,0.155259,0.982884,0.6143,0.460321,0.271755,0.989596,0.587496,0.441934,0.190471,0.987899,0.598098,0.487365,0.249268,0.998796,0.528194,0.456366,0.174739,0.996303,0.556769,0.633157,0.031746,0.999327,0.516711,0.621451,-0.032156,0.998636
2026-08-22 00:28:23,Night_001,No Person Detected,,,,,,,,,,,,,,,,,,,,,,,,,,,,,,,,
2026-08-22 00:28:23,Night_001,Right Side,0.62185,0.445673,0.102687,0.981506,0.603244,0.438615,0.085572,0.980084,0.616475,0.45246,0.205869,0.9881,0.582466,0.441467,0.126209,0.986374,0.607596,0.476316,0.189484,0.998715,0.518197,0.456034,0.115466,0.996038,0.56256,0.643699,0.017755,0.999313,0.513417,0.628224,-0.017819,0.998582
2026-08-22 00:28:24,Night_001,No Person Detected,,,,,,,,,,,,,,,,,,,,,,,,,,,,,,,,
2026-08-22 00:28:24,Night_001,Right Side,0.618378,0.448399,0.186562,0.981585,0.601914,0.440897,0.171506,0.980361,0.614279,0.456449,0.280715,0.98809,0.585414,0.443277,0.211994,0.986186,0.609197,0.474672,0.250679,0.998633,0.525098,0.452152,0.176197,0.995767,0.569567,0.63293,0.029752,0.999346,0.517591,0.624062,-0.030024,0.998658
2026-08-22 00:28:24,Night_001,No Person Detected,,,,,,,,,,,,,,,,,,,,,,,,,,,,,,,,
2026-08-22 00:28:26,Night_001,Right Side,0.621463,0.444913,0.150454,0.982324,0.603465,0.438732,0.133682,0.981008,0.615841,0.450004,0.256286,0.988604,0.585321,0.442083,0.177873,0.986456,0.615368,0.475171,0.224502,0.998677,0.526316,0.448057,0.151266,0.995763,0.577333,0.642185,0.023444,0.99931,0.526653,0.629173,-0.023594,0.99857
2026-08-22 00:28:26,Night_001,No Person Detected,,,,,,,,,,,,,,,,,,,,,,,,,,,,,,,,
2026-08-22 00:28:26,Night_001,Right Side,0.617164,0.446004,0.173621,0.982085,0.598119,0.437019,0.156616,0.980939,0.615194,0.453286,0.288819,0.988356,0.581909,0.439858,0.210615,0.986186,0.60942,0.477864,0.261211,0.998672,0.514591,0.459385,0.18007,0.995805,0.573008,0.6352,0.031475,0.99931,0.519188,0.622113,-0.031713,0.998557
2026-08-22 00:28:26,Night_001,No Person Detected,,,,,,,,,,,,,,,,,,,,,,,,,,,,,,,,
2026-08-22 00:28:27,Night_001,Right Side,0.61591,0.444515,0.119137,0.983209,0.599091,0.43769,0.103396,0.982204,0.610394,0.453651,0.215791,0.989124,0.583659,0.441457,0.14181,0.987426,0.600191,0.476949,0.19238,0.99881,0.519944,0.462127,0.126019,0.996172,0.55687,0.642876,0.012372,0.999374,0.517831,0.631142,-0.012551,0.998653
2026-08-22 00:28:27,Night_001,No Person Detected,,,,,,,,,,,,,,,,,,,,,,,,,,,,,,,,
2026-08-22 00:28:28,Night_001,Right Side,0.621525,0.451663,0.235667,0.982785,0.605624,0.439249,0.223227,0.980843,0.618321,0.461894,0.340297,0.986912,0.587974,0.439057,0.284385,0.983818,0.622001,0.504738,0.30258,0.998099,0.536886,0.453466,0.23705,0.996515,0.589023,0.608265,0.030515,0.998726,0.525226,0.582225,-0.030904,0.998438
2026-08-22 00:28:28,Night_001,No Person Detected,,,,,,,,,,,,,,,,,,,,,,,,,,,,,,,,
2026-08-22 00:28:28,Night_001,Right Side,0.620488,0.449264,0.180994,0.983915,0.602165,0.440604,0.163529,0.981994,0.615964,0.456453,0.28842,0.987903,0.58519,0.44241,0.207776,0.984779,0.607794,0.476414,0.258711,0.998228,0.529481,0.456559,0.173121,0.996702,0.571484,0.639424,0.036967,0.998831,0.525301,0.633187,-0.037263,0.998541
2026-08-22 00:28:28,Night_001,No Person Detected,,,,,,,,,,,,,,,,,,,,,,,,,,,,,,,,
2026-08-22 00:28:28,Night_001,Right Side,0.617199,0.450155,0.154516,0.983956,0.598854,0.439304,0.140581,0.98176,0.615961,0.457792,0.266729,0.988075,0.583705,0.440358,0.202172,0.984679,0.611088,0.485551,0.233196,0.998192,0.519304,0.45617,0.186954,0.996204,0.566189,0.62874,0.011429,0.998847,0.516176,0.615441,-0.011594,0.998406
2026-08-22 00:28:28,Night_001,No Person Detected,,,,,,,,,,,,,,,,,,,,,,,,,,,,,,,,
2026-08-22 00:28:29,Night_001,Right Side,0.614477,0.441723,0.173625,0.981086,0.595566,0.433038,0.159651,0.978953,0.610931,0.450028,0.281399,0.985658,0.581832,0.438135,0.217464,0.9822,0.605973,0.482261,0.251634,0.99801,0.507516,0.456886,0.183178,0.996048,0.573412,0.627365,0.031898,0.998569,0.511567,0.616189,-0.032053,0.998157
2026-08-22 00:28:29,Night_001,No Person Detected,,,,,,,,,,,,,,,,,,,,,,,,,,,,,,,,
2026-08-22 00:28:29,Night_001,Right Side,0.619738,0.449423,0.163468,0.98258,0.602234,0.441132,0.1399,0.980452,0.613771,0.453903,0.267133,0.986827,0.584012,0.440616,0.157009,0.983464,0.592218,0.476312,0.252038,0.998155,0.528347,0.453144,0.120207,0.996375,0.555428,0.635322,0.045953,0.99868,0.527658,0.625807,-0.046396,0.998277
2026-08-22 00:28:29,Night_001,No Person Detected,,,,,,,,,,,,,,,,,,,,,,,,,,,,,,,,
2026-08-22 00:28:30,Night_001,Right Side,0.620465,0.445783,0.179247,0.984166,0.600666,0.438523,0.164026,0.982311,0.616228,0.455226,0.296965,0.987854,0.58097,0.440835,0.227727,0.985319,0.616746,0.492361,0.275132,0.998197,0.512628,0.461804,0.204746,0.996596,0.579917,0.640502,0.022674,0.998558,0.512771,0.623546,-0.022702,0.99816
2026-08-22 00:28:30,Night_001,No Person Detected,,,,,,,,,,,,,,,,,,,,,,,,,,,,,,,,
2026-08-22 00:28:31,Night_001,Right Side,0.614221,0.442137,0.195147,0.982958,0.595576,0.437575,0.180225,0.981339,0.612812,0.448855,0.311208,0.986767,0.581307,0.440084,0.241904,0.985199,0.609967,0.475249,0.268454,0.998326,0.521081,0.460138,0.215035,0.99646,0.581003,0.639908,0.009124,0.998674,0.532854,0.633425,-0.009443,0.998191
2026-08-22 00:28:31,Night_001,No Person Detected,,,,,,,,,,,,,,,,,,,,,,,,,,,,,,,,
2026-08-22 00:28:32,Night_001,Right Side,0.622328,0.451456,0.198463,0.97878,0.603931,0.440807,0.183427,0.976848,0.620333,0.459972,0.305293,0.982764,0.586051,0.44107,0.235669,0.983784,0.610904,0.490216,0.261898,0.998273,0.537167,0.459556,0.202041,0.995195,0.569717,0.633287,0.024878,0.998814,0.523979,0.622769,-0.025194,0.998263
2026-08-22 00:28:32,Night_001,No Person Detected,,,,,,,,,,,,,,,,,,,,,,,,,,,,,,,,
2026-08-22 00:28:32,Night_001,Right Side,0.617598,0.446138,0.158799,0.980213,0.598678,0.438394,0.144824,0.978157,0.61518,0.453941,0.270547,0.984025,0.581981,0.440517,0.205217,0.984718,0.607104,0.477107,0.228625,0.998368,0.520915,0.459766,0.189403,0.99538,0.566892,0.630027,0.005726,0.998878,0.525289,0.626638,-0.005952,0.998306
2026-08-22 00:28:33,Night_001,No Person Detected,,,,,,,,,,,,,,,,,,,,,,,,,,,,,,,,
2026-08-22 00:28:33,Night_001,Right Side,0.618112,0.453094,0.123048,0.983757,0.602162,0.44374,0.1098,0.982567,0.614028,0.4607,0.22431,0.986798,0.585758,0.443187,0.162963,0.98831,0.610245,0.49095,0.200527,0.998413,0.519462,0.459114,0.154467,0.996316,0.565432,0.632086,0.012666,0.999087,0.515011,0.618431,-0.012863,0.998638
2026-08-22 00:28:33,Night_001,No Person Detected,,,,,,,,,,,,,,,,,,,,,,,,,,,,,,,,
2026-08-22 00:28:33,Night_001,Right Side,0.617199,0.440321,0.117103,0.984609,0.597993,0.433947,0.100655,0.983465,0.61629,0.449626,0.231338,0.987638,0.582262,0.439993,0.154273,0.988973,0.614171,0.478353,0.212705,0.998513,0.512765,0.461743,0.153291,0.996312,0.57047,0.63364,0.012582,0.999104,0.519209,0.622374,-0.012696,0.998541
2026-08-22 00:28:34,Night_001,No Person Detected,,,,,,,,,,,,,,,,,,,,,,,,,,,,,,,,
2026-08-22 00:28:34,Night_001,Right Side,0.623445,0.447368,0.146202,0.984519,0.606065,0.438802,0.130022,0.983383,0.619326,0.456093,0.260979,0.987645,0.585993,0.440475,0.185457,0.988636,0.612232,0.492321,0.234932,0.998463,0.517686,0.459599,0.172248,0.996271,0.567637,0.642218,0.019503,0.999045,0.513583,0.625268,-0.019555,0.998343
2026-08-22 00:28:34,Night_001,No Person Detected,,,,,,,,,,,,,,,,,,,,,,,,,,,,,,,,
2026-08-22 00:28:35,Night_001,Right Side,0.61924,0.448288,0.122463,0.983773,0.601317,0.442246,0.101605,0.982543,0.613434,0.453808,0.213714,0.987639,0.583784,0.441368,0.116403,0.988186,0.596287,0.463896,0.184073,0.998515,0.53364,0.453227,0.110664,0.996219,0.557782,0.643897,0.010636,0.999105,0.530724,0.638359,-0.010989,0.998406
2026-08-22 00:28:36,Night_001,No Person Detected,,,,,,,,,,,,,,,,,,,,,,,,,,,,,,,,
2026-08-22 00:28:36,Night_001,Right Side,0.618179,0.449292,0.139726,0.985532,0.602452,0.438366,0.120699,0.984344,0.614537,0.456669,0.248495,0.989078,0.585431,0.43962,0.159635,0.989304,0.594426,0.491104,0.223936,0.998498,0.520542,0.456651,0.132525,0.996688,0.553933,0.635341,0.034264,0.999188,0.508953,0.6209,-0.034542,0.998541
2026-08-22 00:28:36,Night_001,No Person Detected,,,,,,,,,,,,,,,,,,,,,,,,,,,,,,,,
2026-08-22 00:28:36,Night_001,Right Side,0.618176,0.443744,0.198832,0.983111,0.595971,0.436151,0.181101,0.982358,0.614881,0.454036,0.31603,0.987218,0.579952,0.440913,0.237044,0.987557,0.61998,0.479769,0.290924,0.99812,0.519132,0.45499,0.201575,0.996131,0.583922,0.63236,0.03104,0.998938,0.521127,0.614192,-0.031232,0.99823
2026-08-22 00:28:36,Night_001,No Person Detected,,,,,,,,,,,,,,,,,,,,,,,,,,,,,,,,
2026-08-22 00:28:37,Night_001,Right Side,0.618406,0.44736,0.094461,0.982599,0.602,0.437028,0.078112,0.982333,0.614095,0.455977,0.207909,0.987237,0.582213,0.435899,0.131722,0.987947,0.606911,0.485264,0.196908,0.99792,0.512031,0.459041,0.120823,0.996163,0.555197,0.646191,0.017264,0.998876,0.502499,0.624875,-0.01744,0.998166
2026-08-22 00:28:37,Night_001,No Person Detected,,,,,,,,,,,,,,,,,,,,,,,,,,,,,,,,
2026-08-22 00:28:37,Night_001,Right Side,0.616594,0.441096,0.16557,0.980103,0.59751,0.436372,0.146642,0.980101,0.613111,0.447314,0.28462,0.985528,0.580287,0.436444,0.19728,0.986018,0.612305,0.475799,0.24331,0.997931,0.520024,0.45546,0.172273,0.995786,0.579417,0.651889,0.011237,0.998913,0.529949,0.638223,-0.011583,0.99813
2026-08-22 00:28:38,Night_001,No Person Detected,,,,,,,,,,,,,,,,,,,,,,,,,,,,,,,,
2026-08-22 00:28:38,Night_001,Right Side,0.619965,0.451161,0.174821,0.981815,0.604323,0.441936,0.157108,0.981484,0.614991,0.45773,0.29012,0.986322,0.587122,0.442081,0.208438,0.987747,0.605662,0.491187,0.263862,0.99806,0.528728,0.45551,0.173814,0.9954,0.56979,0.637428,0.041152,0.998988,0.52002,0.62404,-0.041477,0.998313
2026-08-22 00:28:38,Night_001,No Person Detected,,,,,,,,,,,,,,,,,,,,,,,,,,,,,,,,
2026-08-22 00:28:39,Night_001,Right Side,0.617361,0.4452,0.164771,0.978507,0.599369,0.438559,0.152431,0.97758,0.614914,0.454651,0.255608,0.983782,0.584753,0.442939,0.199912,0.983889,0.616193,0.46461,0.219492,0.997902,0.530515,0.446917,0.164752,0.995176,0.575392,0.626902,0.017871,0.99899,0.524979,0.623426,-0.018175,0.998339
2026-08-22 00:28:39,Night_001,No Person Detected,,,,,,,,,,,,,,,,,,,,,,,,,,,,,,,,
2026-08-22 00:28:39,Night_001,Right Side,0.618566,0.438037,0.182314,0.977376,0.59952,0.429897,0.167399,0.976779,0.617566,0.451639,0.308168,0.982261,0.582805,0.434504,0.23854,0.982808,0.616284,0.493748,0.271438,0.997801,0.516608,0.462895,0.208759,0.994974,0.575946,0.641701,0.015926,0.998844,0.517125,0.617842,-0.016028,0.998057
2026-08-22 00:28:39,Night_001,No Person Detected,,,,,,,,,,,,,,,,,,,,,,,,,,,,,,,,
2026-08-22 00:28:40,Night_001,Right Side,0.622013,0.45012,0.181113,0.978929,0.605664,0.440842,0.16294,0.978284,0.617705,0.457125,0.291652,0.983525,0.586326,0.441539,0.20654,0.983953,0.607076,0.494356,0.275115,0.997906,0.520024,0.458055,0.165976,0.995358,0.575422,0.630166,0.050953,0.998833,0.518617,0.615992,-0.051097,0.998096
2026-08-22 00:28:40,Night_001,No Person Detected,,,,,,,,,,,,,,,,,,,,,,,,,,,,,,,,
2026-08-22 00:28:40,Night_001,Right Side,0.619391,0.443975,0.064648,0.978438,0.601883,0.434508,0.049238,0.977829,0.617525,0.456301,0.166698,0.983388,0.583426,0.441446,0.094012,0.983504,0.612276,0.483053,0.154837,0.997917,0.514516,0.460737,0.095773,0.994887,0.568353,0.644589,0.014652,0.998871,0.515101,0.627565,-0.014689,0.998035
2026-08-22 00:28:40,Night_001,No Person Detected,,,,,,,,,,,,,,,,,,,,,,,,,,,,,,,,
2026-08-22 00:28:40,Night_001,Right Side,0.619329,0.448211,0.183004,0.981852,0.599125,0.438284,0.17169,0.98108,0.614171,0.455248,0.280912,0.986091,0.581764,0.439682,0.227995,0.985905,0.610045,0.474989,0.23871,0.998199,0.531175,0.453789,0.206042,0.995456,0.570245,0.627231,0.014753,0.999036,0.524115,0.622846,-0.01502,0.998288
2026-08-22 00:28:40,Night_001,No Person Detected,,,,,,,,,,,,,,,,,,,,,,,,,,,,,,,,
2026-08-22 00:28:41,Night_001,Right Side,0.614695,0.444592,0.15195,0.979232,0.59586,0.437877,0.133094,0.978454,0.610949,0.451321,0.268909,0.984675,0.583182,0.442393,0.181249,0.984085,0.601979,0.472888,0.225637,0.998223,0.513103,0.454809,0.160633,0.995095,0.567598,0.645963,0.004685,0.999004,0.521306,0.636117,-0.005069,0.99815
2026-08-22 00:28:41,Night_001,No Person Detected,,,,,,,,,,,,,,,,,,,,,,,,,,,,,,,,
2026-08-22 00:28:41,Night_001,Right Side,0.612648,0.4367,0.170692,0.979045,0.592963,0.432718,0.154311,0.978666,0.612915,0.447401,0.296987,0.984434,0.580403,0.439764,0.220926,0.984143,0.614056,0.477028,0.254098,0.998387,0.512744,0.460538,0.202925,0.994708,0.58445,0.645597,0.002044,0.999125,0.527883,0.632876,-0.00232,0.99825
2026-08-22 00:28:42,Night_001,No Person Detected,,,,,,,,,,,,,,,,,,,,,,,,,,,,,,,,
2026-08-22 00:28:42,Night_001,Right Side,0.61929,0.451,0.146394,0.981133,0.601752,0.438438,0.134678,0.979621,0.617534,0.463084,0.25783,0.986113,0.586367,0.442666,0.202673,0.985085,0.609556,0.499255,0.231746,0.99864,0.520964,0.461528,0.17146,0.994677,0.562378,0.639262,0.02364,0.999355,0.507734,0.623159,-0.023855,0.998652
2026-08-22 00:28:43,Night_001,No Person Detected,,,,,,,,,,,,,,,,,,,,,,,,,,,,,,,,
2026-08-22 00:28:43,Night_001,Right Side,0.618484,0.449337,0.146558,0.981601,0.59951,0.444077,0.126128,0.980115,0.613564,0.453257,0.252295,0.98654,0.583443,0.443467,0.15842,0.985521,0.610722,0.473181,0.22064,0.998631,0.526058,0.450519,0.129348,0.994889,0.573516,0.634037,0.028805,0.999352,0.528536,0.626036,-0.029075,0.998661
2026-08-22 00:28:43,Night_001,No Person Detected,,,,,,,,,,,,,,,,,,,,,,,,,,,,,,,,
2026-08-22 00:28:43,Night_001,Right Side,0.61901,0.446497,0.185162,0.978172,0.600584,0.43974,0.167469,0.976559,0.613556,0.45225,0.286936,0.984155,0.583568,0.441375,0.206169,0.982158,0.610783,0.477442,0.255016,0.998371,0.520283,0.456682,0.172067,0.994559,0.578494,0.623864,0.031442,0.999304,0.527575,0.616382,-0.031832,0.998573
2026-08-22 00:28:43,Night_001,No Person Detected,,,,,,,,,,,,,,,,,,,,,,,,,,,,,,,,
2026-08-22 00:28:44,Night_001,Right Side,0.617479,0.44882,0.077201,0.976938,0.599442,0.43653,0.064396,0.975544,0.614895,0.461059,0.182709,0.983807,0.58123,0.436437,0.122844,0.98217,0.613398,0.509548,0.18384,0.998196,0.513004,0.462539,0.112933,0.994637,0.562223,0.646173,0.028448,0.999031,0.502591,0.625236,-0.028539,0.998201
2026-08-22 00:28:44,Night_001,No Person Detected,,,,,,,,,,,,,,,,,,,,,,,,,,,,,,,,
2026-08-22 00:28:44,Night_001,Right Side,0.620634,0.447953,0.203533,0.978836,0.602031,0.436535,0.190965,0.977452,0.618984,0.460791,0.312146,0.985153,0.58392,0.439451,0.253855,0.983573,0.613781,0.49782,0.278508,0.998293,0.524878,0.462279,0.209885,0.995073,0.57816,0.616902,0.030224,0.999073,0.516686,0.60588,-0.030362,0.998304
2026-08-22 00:28:44,Night_001,No Person Detected,,,,,,,,,,,,,,,,,,,,,,,,,,,,,,,,
2026-08-22 00:28:46,Night_001,Right Side,0.620225,0.444622,0.166751,0.979479,0.601549,0.436091,0.15142,0.977965,0.615918,0.454679,0.285528,0.985513,0.584217,0.441158,0.215575,0.983971,0.614338,0.488739,0.269858,0.998267,0.524364,0.462069,0.187987,0.995246,0.577208,0.633329,0.033156,0.998995,0.519261,0.619644,-0.033305,0.998158
2026-08-22 00:28:46,Night_001,No Person Detected,,,,,,,,,,,,,,,,,,,,,,,,,,,,,,,,
2026-08-22 00:28:47,Night_001,Right Side,0.615643,0.443356,0.197734,0.980972,0.597151,0.434792,0.187052,0.979366,0.612752,0.455987,0.296856,0.986607,0.582579,0.440471,0.246505,0.985028,0.60516,0.483808,0.258733,0.998348,0.521215,0.458039,0.199438,0.995632,0.573955,0.619494,0.029406,0.999049,0.520449,0.61797,-0.029577,0.99829
2026-08-22 00:28:47,Night_001,No Person Detected,,,,,,,,,,,,,,,,,,,,,,,,,,,,,,,,
2026-08-22 00:28:48,Night_001,Right Side,0.622605,0.448422,0.20844,0.982342,0.605325,0.439438,0.187071,0.980783,0.616134,0.454942,0.333509,0.987583,0.584236,0.439301,0.234948,0.986074,0.607044,0.499701,0.321002,0.998356,0.518737,0.457352,0.190013,0.995979,0.573241,0.635531,0.05771,0.99905,0.517045,0.623891,-0.05795,0.998347
2026-08-22 00:28:48,Night_001,No Person Detected,,,,,,,,,,,,,,,,,,,,,,,,,,,,,,,,
2026-08-22 00:28:48,Night_001,Right Side,0.619403,0.446846,0.076782,0.982155,0.602271,0.439666,0.064701,0.981122,0.616055,0.458008,0.174269,0.98771,0.583436,0.439262,0.116334,0.986698,0.611854,0.4918,0.166398,0.998189,0.522208,0.46063,0.118366,0.995738,0.555848,0.647761,0.014713,0.998841,0.508417,0.623204,-0.014648,0.997806
2026-08-22 00:28:48,Night_001,No Person Detected,,,,,,,,,,,,,,,,,,,,,,,,,,,,,,,,
2026-08-22 00:28:48,Night_001,Right Side,0.618765,0.44681,0.160775,0.983064,0.599459,0.439499,0.144345,0.982068,0.615561,0.4533,0.269731,0.988347,0.585545,0.442649,0.193386,0.987349,0.616503,0.478588,0.239572,0.998279,0.527241,0.453428,0.185874,0.995734,0.575543,0.637178,0.01051,0.998827,0.528094,0.624322,-0.01058,0.997703
2026-08-22 00:28:48,Night_001,No Person Detected,,,,,,,,,,,,,,,,,,,,,,,,,,,,,,,,
2026-08-22 00:28:49,Night_001,Right Side,0.620885,0.446876,0.165814,0.984008,0.601378,0.437115,0.152055,0.982988,0.61907,0.458853,0.281386,0.989021,0.582943,0.439979,0.217694,0.98813,0.615757,0.493076,0.262918,0.998262,0.522766,0.457773,0.180695,0.99606,0.577214,0.625534,0.036252,0.998773,0.514946,0.612683,-0.036431,0.997739
2026-08-22 00:28:49,Night_001,No Person Detected,,,,,,,,,,,,,,,,,,,,,,,,,,,,,,,,
2026-08-22 00:28:49,Night_001,Right Side,0.619601,0.44974,0.182511,0.985219,0.603615,0.440093,0.163893,0.984265,0.614974,0.455809,0.301128,0.989821,0.585235,0.440473,0.215383,0.989036,0.605498,0.490711,0.28082,0.998333,0.521294,0.452204,0.173727,0.996382,0.567851,0.62969,0.047479,0.998826,0.519522,0.615258,-0.047776,0.997865
2026-08-22 00:28:49,Night_001,No Person Detected,,,,,,,,,,,,,,,,,,,,,,,,,,,,,,,,
2026-08-22 00:28:50,Night_001,Right Side,0.61634,0.444935,0.179776,0.983526,0.599097,0.43932,0.163472,0.982358,0.61386,0.453461,0.284248,0.988378,0.582754,0.442112,0.209494,0.987299,0.61221,0.480546,0.26507,0.998211,0.517769,0.455725,0.181377,0.996196,0.578492,0.628741,0.032716,0.998722,0.520982,0.614473,-0.032845,0.997745
2026-08-22 00:28:50,Night_001,No Person Detected,,,,,,,,,,,,,,,,,,,,,,,,,,,,,,,,
2026-08-22 00:28:50,Night_001,Right Side,0.618906,0.443285,0.17057,0.980763,0.599936,0.43709,0.157122,0.979247,0.616213,0.451601,0.281332,0.985912,0.58474,0.44304,0.220083,0.984321,0.620779,0.478137,0.247565,0.998106,0.528007,0.451283,0.1911,0.996025,0.583934,0.631233,0.022541,0.998676,0.528997,0.620481,-0.022805,0.9977
2026-08-22 00:28:50,Night_001,No Person Detected,,,,,,,,,,,,,,,,,,,,,,,,,,,,,,,,
2026-08-22 00:28:51,Night_001,Right Side,0.618901,0.443508,0.190122,0.981949,0.599152,0.435293,0.17465,0.980194,0.613349,0.453049,0.292701,0.986853,0.582929,0.436783,0.221868,0.984801,0.612112,0.48827,0.253424,0.998222,0.528606,0.458547,0.191011,0.996285,0.582711,0.631049,0.024328,0.998768,0.53382,0.624534,-0.024653,0.997873
2026-08-22 00:28:51,Night_001,No Person Detected,,,,,,,,,,,,,,,,,,,,,,,,,,,,,,,,
2026-08-22 00:28:51,Night_001,Right Side,0.616994,0.455826,0.240775,0.981831,0.604428,0.447413,0.218321,0.979814,0.611526,0.459218,0.304803,0.986941,0.590585,0.446166,0.2005,0.984051,0.584474,0.475105,0.261352,0.998253,0.547244,0.456651,0.142578,0.996538,0.554094,0.629141,0.054949,0.998865,0.528175,0.621946,-0.055348,0.998043
2026-08-22 00:28:51,Night_001,No Person Detected,,,,,,,,,,,,,,,,,,,,,,,,,,,,,,,,
2026-08-22 00:28:52,Night_001,Right Side,0.617948,0.446225,0.152476,0.982061,0.598638,0.437885,0.135782,0.980304,0.615559,0.454213,0.271746,0.986913,0.581418,0.439923,0.194564,0.984334,0.616592,0.488312,0.245103,0.998277,0.515078,0.462502,0.175154,0.996368,0.579529,0.641159,0.016999,0.998824,0.521105,0.622719,-0.017071,0.997945
2026-08-22 00:28:52,Night_001,No Person Detected,,,,,,,,,,,,,,,,,,,,,,,,,,,,,,,,
2026-08-22 00:28:52,Night_001,Right Side,0.620084,0.446645,0.187764,0.981828,0.602082,0.441986,0.167768,0.980252,0.614984,0.45337,0.273993,0.986943,0.584957,0.443117,0.183113,0.984049,0.602768,0.472233,0.239195,0.998401,0.5428,0.456157,0.140373,0.996834,0.571355,0.632096,0.039277,0.998994,0.540063,0.627017,-0.039901,0.998261
2026-08-22 00:28:53,Night_001,No Person Detected,,,,,,,,,,,,,,,,,,,,,,,,,,,,,,,,
2026-08-22 00:28:53,Night_001,Right Side,0.618902,0.448701,0.151162,0.981276,0.599814,0.440416,0.133496,0.979874,0.612733,0.457556,0.270152,0.986812,0.582371,0.442488,0.189762,0.984342,0.608215,0.484538,0.253113,0.998127,0.516462,0.455516,0.16324,0.996724,0.568345,0.640104,0.02883,0.998975,0.512029,0.626503,-0.028941,0.998224
2026-08-22 00:28:53,Night_001,No Person Detected,,,,,,,,,,,,,,,,,,,,,,,,,,,,,,,,
2026-08-22 00:28:53,Night_001,Right Side,0.618978,0.444539,0.225971,0.982151,0.600651,0.436942,0.207911,0.980757,0.615223,0.452873,0.329739,0.987503,0.583651,0.440948,0.247559,0.985137,0.607744,0.477908,0.303107,0.998247,0.527578,0.459934,0.18546,0.996991,0.575191,0.624788,0.050593,0.999062,0.530622,0.619183,-0.051086,0.998381
2026-08-22 00:28:53,Night_001,No Person Detected,,,,,,,,,,,,,,,,,,,,,,,,,,,,,,,,
2026-08-22 00:28:55,Night_001,Right Side,0.618701,0.457413,0.283127,0.983901,0.606383,0.442774,0.262815,0.982618,0.61224,0.462004,0.414736,0.988702,0.589824,0.43883,0.32032,0.986557,0.594638,0.512198,0.408743,0.997958,0.537536,0.451198,0.226194,0.997241,0.556646,0.611115,0.071147,0.998893,0.514775,0.57964,-0.071515,0.998181
2026-08-22 00:28:55,Night_001,No Person Detected,,,,,,,,,,,,,,,,,,,,,,,,,,,,,,,,
2026-08-22 00:28:55,Night_001,Right Side,0.618946,0.444959,0.151917,0.982507,0.603733,0.437197,0.136278,0.981419,0.612908,0.452663,0.257839,0.988313,0.585297,0.437712,0.186129,0.986232,0.610429,0.481465,0.234114,0.997881,0.517343,0.456041,0.165717,0.997105,0.568145,0.636158,0.021503,0.998857,0.516538,0.625151,-0.021669,0.998115
2026-08-22 00:28:55,Night_001,No Person Detected,,,,,,,,,,,,,,,,,,,,,,,,,,,,,,,,
2026-08-22 00:28:56,Night_001,Right Side,0.619933,0.448139,0.180589,0.982863,0.600742,0.439629,0.165288,0.981608,0.615317,0.455178,0.289064,0.988515,0.585397,0.441958,0.218456,0.986167,0.608481,0.480108,0.26335,0.997984,0.528725,0.449847,0.184694,0.99727,0.570459,0.626926,0.038154,0.998926,0.523315,0.618363,-0.038446,0.998221
2026-08-22 00:28:56,Night_001,No Person Detected,,,,,,,,,,,,,,,,,,,,,,,,,,,,,,,,
2026-08-22 00:28:56,Night_001,Right Side,0.623367,0.449404,0.095449,0.982901,0.607419,0.441817,0.07479,0.981725,0.620276,0.458262,0.207974,0.988579,0.58657,0.442294,0.110288,0.986451,0.605919,0.482971,0.19143,0.998023,0.512044,0.458064,0.099881,0.996892,0.558644,0.651197,0.02379,0.998948,0.507,0.631844,-0.02377,0.998109
2026-08-22 00:28:56,Night_001,No Person Detected,,,,,,,,,,,,,,,,,,,,,,,,,,,,,,,,
2026-08-22 00:28:56,Night_001,Right Side,0.619813,0.442478,0.136053,0.97892,0.598857,0.433967,0.120643,0.977794,0.618225,0.452465,0.250018,0.984798,0.579489,0.436891,0.179297,0.982274,0.618389,0.483295,0.223594,0.997962,0.511819,0.458044,0.164253,0.996383,0.576357,0.635644,0.01105,0.998903,0.517879,0.616705,-0.010967,0.998023
2026-08-22 00:28:56,Night_001,No Person Detected,,,,,,,,,,,,,,,,,,,,,,,,,,,,,,,,
2026-08-22 00:28:57,Night_001,Right Side,0.618514,0.444274,0.174003,0.97431,0.597133,0.439304,0.159185,0.974115,0.614727,0.450673,0.278191,0.981084,0.583703,0.441417,0.211084,0.980131,0.621382,0.465513,0.244823,0.998181,0.532219,0.452388,0.183865,0.996772,0.583254,0.634654,0.018351,0.999099,0.535892,0.627531,-0.018653,0.998379
2026-08-22 00:28:57,Night_001,No Person Detected,,,,,,,,,,,,,,,,,,,,,,,,,,,,,,,,
2026-08-22 00:28:58,Night_001,Right Side,0.619741,0.447046,0.153834,0.980244,0.599486,0.438849,0.139494,0.979487,0.615469,0.454244,0.258526,0.985766,0.584989,0.440977,0.191977,0.984412,0.61356,0.477614,0.231332,0.99845,0.525026,0.450233,0.167935,0.996539,0.575634,0.6371,0.026916,0.999242,0.525563,0.626107,-0.02714,0.998569
2026-08-22 00:28:58,Night_001,No Person Detected,,,,,,,,,,,,,,,,,,,,,,,,,,,,,,,,
2026-08-22 00:28:59,Night_001,Right Side,0.621725,0.445976,0.172911,0.981641,0.604342,0.436523,0.156973,0.980803,0.61747,0.453953,0.283141,0.986845,0.587329,0.439387,0.209468,0.985411,0.607606,0.485031,0.260348,0.998526,0.522507,0.456072,0.17311,0.996777,0.567269,0.631425,0.037282,0.99929,0.512972,0.624588,-0.037529,0.998674
2026-08-22 00:28:59,Night_001,No Person Detected,,,,,,,,,,,,,,,,,,,,,,,,,,,,,,,,
2026-08-22 00:28:59,Night_001,Right Side,0.616343,0.443138,0.131695,0.975608,0.597885,0.434839,0.120693,0.975085,0.614878,0.452321,0.237007,0.983775,0.582603,0.442837,0.186162,0.982018,0.61289,0.479904,0.215538,0.998091,0.517241,0.460057,0.155495,0.996119,0.570782,0.637693,0.027201,0.999248,0.516281,0.621191,-0.027363,0.998585
2026-08-22 00:28:59,Night_001,No Person Detected,,,,,,,,,,,,,,,,,,,,,,,,,,,,,,,,
2026-08-22 00:28:59,Night_001,Right Side,0.616753,0.44941,0.163749,0.977294,0.598681,0.442246,0.147522,0.976619,0.614618,0.45662,0.267731,0.984987,0.584068,0.444876,0.193109,0.983222,0.600223,0.469324,0.23302,0.998256,0.526484,0.45705,0.171675,0.996396,0.55865,0.621898,0.014816,0.999306,0.525916,0.621454,-0.015371,0.998693
2026-08-22 00:29:00,Night_001,No Person Detected,,,,,,,,,,,,,,,,,,,,,,,,,,,,,,,,
2026-08-22 00:29:00,Night_001,Right Side,0.618643,0.447137,0.146032,0.97697,0.600276,0.438044,0.136694,0.975682,0.618952,0.456222,0.246472,0.985238,0.587653,0.442377,0.203019,0.982806,0.622073,0.489648,0.220228,0.998318,0.536085,0.463947,0.181267,0.996381,0.575029,0.639996,0.017833,0.999284,0.522487,0.624163,-0.018089,0.998694
2026-08-22 00:29:00,Night_001,No Person Detected,,,,,,,,,,,,,,,,,,,,,,,,,,,,,,,,
2026-08-22 00:29:02,Night_001,Right Side,0.621062,0.443896,0.161361,0.978084,0.600334,0.438262,0.145014,0.976794,0.616065,0.451796,0.271705,0.985793,0.585232,0.442473,0.196201,0.983347,0.621473,0.482034,0.239537,0.998339,0.517906,0.459462,0.175545,0.996016,0.58898,0.641461,0.020179,0.999213,0.530565,0.625869,-0.020245,0.998553
2026-08-22 00:29:02,Night_001,No Person Detected,,,,,,,,,,,,,,,,,,,,,,,,,,,,,,,,
2026-08-22 00:29:03,Night_001,Right Side,0.617137,0.446445,0.14046,0.97912,0.597416,0.436159,0.129699,0.977791,0.615454,0.455937,0.248059,0.98633,0.58066,0.439632,0.198785,0.984055,0.609379,0.482569,0.224083,0.998337,0.516992,0.463909,0.180581,0.996087,0.570918,0.625339,0.01471,0.999172,0.513991,0.617799,-0.014827,0.998502
2026-08-22 00:29:03,Night_001,No Person Detected,,,,,,,,,,,,,,,,,,,,,,,,,,,,,,,,
2026-08-22 00:29:04,Night_001,Right Side,0.61743,0.452956,0.141362,0.978618,0.60039,0.444171,0.119991,0.976645,0.612871,0.456953,0.24235,0.985853,0.583876,0.441546,0.143224,0.98234,0.596363,0.479935,0.225173,0.998158,0.528957,0.452756,0.116672,0.996218,0.559363,0.632551,0.042667,0.99906,0.52267,0.624668,-0.042919,0.998336
2026-08-22 00:29:04,Night_001,No Person Detected,,,,,,,,,,,,,,,,,,,,,,,,,,,,,,,,
2026-08-22 00:29:04,Night_001,Right Side,0.618459,0.441448,0.081737,0.97877,0.596657,0.435565,0.065577,0.97663,0.619325,0.451447,0.194696,0.985781,0.580357,0.436412,0.120864,0.982039,0.624685,0.477779,0.180713,0.998232,0.520366,0.452035,0.122981,0.995965,0.577222,0.643096,0.005959,0.999077,0.523191,0.627183,-0.006001,0.998294
2026-08-22 00:29:04,Night_001,No Person Detected,,,,,,,,,,,,,,,,,,,,,,,,,,,,,,,,
2026-08-22 00:29:05,Night_001,Right Side,0.616594,0.440977,0.142996,0.977584,0.595877,0.435833,0.127937,0.975415,0.615677,0.448465,0.258785,0.984644,0.580976,0.441453,0.190061,0.98064,0.619702,0.477037,0.226258,0.998212,0.520599,0.456675,0.178034,0.995207,0.582631,0.642382,0.003783,0.999025,0.532214,0.631426,-0.004017,0.998118
2026-08-22 00:29:05,Night_001,No Person Detected,,,,,,,,,,,,,,,,,,,,,,,,,,,,,,,,
2026-08-22 00:29:05,Night_001,Right Side,0.617849,0.44366,0.152938,0.978758,0.599452,0.436032,0.140564,0.976932,0.614945,0.456856,0.255678,0.985475,0.583466,0.439482,0.198597,0.982068,0.615472,0.488083,0.238609,0.998067,0.519353,0.461035,0.177865,0.995414,0.572713,0.628897,0.028261,0.998842,0.512327,0.616695,-0.028441,0.998022
2026-08-22 00:29:05,Night_001,No Person Detected,,,,,,,,,,,,,,,,,,,,,,,,,,,,,,,,
2026-08-22 00:29:06,Night_001,Right Side,0.61621,0.449121,0.092041,0.980293,0.596827,0.43523,0.081267,0.978663,0.615129,0.46208,0.199734,0.986607,0.582424,0.440648,0.14928,0.983611,0.611306,0.495277,0.197107,0.99812,0.516237,0.461361,0.128763,0.9958,0.559303,0.64316,0.030537,0.998829,0.504998,0.624936,-0.030738,0.998118
2026-08-22 00:29:06,Night_001,No Person Detected,,,,,,,,,,,,,,,,,,,,,,,,,,,,,,,,
2026-08-22 00:29:07,Night_001,Right Side,0.616642,0.443529,0.180117,0.980829,0.598186,0.435681,0.165824,0.979199,0.615485,0.452811,0.285159,0.987021,0.582546,0.439965,0.219223,0.983948,0.610668,0.475895,0.264976,0.998155,0.5182,0.456904,0.179152,0.996041,0.575252,0.629807,0.039141,0.998889,0.521934,0.619292,-0.039393,0.998219
2026-08-22 00:29:07,Night_001,No Person Detected,,,,,,,,,,,,,,,,,,,,,,,,,,,,,,,,
2026-08-22 00:29:07,Night_001,Right Side,0.621291,0.4442,0.132986,0.982116,0.601998,0.433309,0.119119,0.980624,0.619641,0.456499,0.24803,0.987825,0.584279,0.440676,0.183598,0.985085,0.618427,0.488626,0.231511,0.998207,0.524454,0.463008,0.16828,0.996213,0.58204,0.631296,0.028313,0.998801,0.523539,0.618909,-0.028404,0.998035
2026-08-22 00:29:07,Night_001,No Person Detected,,,,,,,,,,,,,,,,,,,,,,,,,,,,,,,,
2026-08-22 00:29:08,Night_001,Right Side,0.617048,0.443085,0.159051,0.982207,0.597407,0.440332,0.144848,0.980605,0.614988,0.449547,0.261281,0.987803,0.582138,0.445553,0.196884,0.98525,0.618004,0.471658,0.206996,0.998304,0.5301,0.462608,0.183513,0.99606,0.583335,0.64764,-0.018446,0.99889,0.545807,0.645037,0.017953,0.998149
2026-08-22 00:29:09,Night_001,No Person Detected,,,,,,,,,,,,,,,,,,,,,,,,,,,,,,,,
2026-08-22 00:29:09,Night_001,Right Side,0.622649,0.442884,0.190819,0.984087,0.602233,0.435361,0.174321,0.982585,0.618524,0.453061,0.30471,0.989078,0.585646,0.440087,0.228612,0.986793,0.613219,0.486567,0.285172,0.998447,0.518034,0.45767,0.188127,0.996762,0.578329,0.625696,0.045762,0.999096,0.518762,0.617873,-0.045924,0.998529
2026-08-22 00:29:09,Night_001,No Person Detected,,,,,,,,,,,,,,,,,,,,,,,,,,,,,,,,
2026-08-22 00:29:09,Night_001,Right Side,0.616432,0.450315,0.156812,0.984933,0.599389,0.440735,0.139509,0.98345,0.61482,0.460021,0.260659,0.989814,0.584097,0.442028,0.180189,0.987657,0.597733,0.489742,0.240538,0.998383,0.520204,0.459425,0.145521,0.996758,0.553194,0.63818,0.036289,0.99915,0.501903,0.622978,-0.036446,0.998576
2026-08-22 00:29:09,Night_001,No Person Detected,,,,,,,,,,,,,,,,,,,,,,,,,,,,,,,,
2026-08-22 00:29:10,Night_001,Right Side,0.619997,0.448273,0.140607,0.986374,0.603269,0.43467,0.128793,0.985016,0.620266,0.461861,0.239157,0.990792,0.587998,0.439851,0.183996,0.988841,0.613107,0.500331,0.221797,0.998487,0.529661,0.462598,0.166593,0.997046,0.570876,0.635214,0.026998,0.999068,0.514699,0.625773,-0.027288,0.998565
2026-08-22 00:29:10,Night_001,No Person Detected,,,,,,,,,,,,,,,,,,,,,,,,,,,,,,,,
2026-08-22 00:29:11,Night_001,Right Side,0.619048,0.44528,0.15367,0.983334,0.59872,0.438134,0.137993,0.981496,0.616042,0.452381,0.258413,0.988663,0.58288,0.441208,0.185481,0.985393,0.616856,0.478393,0.225105,0.998386,0.52215,0.460325,0.164774,0.996237,0.583627,0.631925,0.018689,0.999023,0.530463,0.625916,-0.018818,0.998434
2026-08-22 00:29:11,Night_001,No Person Detected,,,,,,,,,,,,,,,,,,,,,,,,,,,,,,,,
2026-08-22 00:29:11,Night_001,Right Side,0.616169,0.448952,0.149687,0.984782,0.600025,0.438413,0.134439,0.983132,0.614028,0.458311,0.26439,0.989643,0.583529,0.441131,0.19584,0.986752,0.608773,0.498915,0.252392,0.998438,0.520357,0.460976,0.164841,0.996581,0.571033,0.625544,0.026227,0.999068,0.51343,0.612876,-0.026396,0.99855
2026-08-22 00:29:11,Night_001,No Person Detected,,,,,,,,,,,,,,,,,,,,,,,,,,,,,,,,
2026-08-22 00:29:11,Night_001,Right Side,0.620607,0.445145,0.186808,0.984066,0.598912,0.43734,0.173081,0.9826,0.614465,0.451747,0.285338,0.989009,0.583829,0.442499,0.222314,0.986451,0.616035,0.472138,0.238936,0.998363,0.529694,0.452642,0.197302,0.996278,0.573165,0.635233,0.006394,0.999037,0.528121,0.6278,-0.006635,0.998486
2026-08-22 00:29:12,Night_001,No Person Detected,,,,,,,,,,,,,,,,,,,,,,,,,,,,,,,,
2026-08-22 00:29:12,Night_001,Right Side,0.621058,0.451088,0.168387,0.983702,0.602393,0.44113,0.153212,0.981986,0.618613,0.458087,0.265432,0.989054,0.584751,0.439992,0.194341,0.986021,0.609657,0.480528,0.222414,0.99835,0.527132,0.453586,0.176767,0.996345,0.569052,0.634064,0.020296,0.999093,0.526221,0.624989,-0.020517,0.998559
2026-08-22 00:29:12,Night_001,No Person Detected,,,,,,,,,,,,,,,,,,,,,,,,,,,,,,,,
2026-08-22 00:29:12,Night_001,Right Side,0.619216,0.445959,0.158972,0.984142,0.599436,0.437388,0.140975,0.982472,0.614674,0.452326,0.27946,0.98916,0.579647,0.437874,0.19569,0.986313,0.613749,0.486279,0.247129,0.998357,0.516579,0.456694,0.180728,0.996231,0.576267,0.634664,0.012902,0.998997,0.518419,0.616427,-0.012899,0.998384
2026-08-22 00:29:13,Night_001,No Person Detected,,,,,,,,,,,,,,,,,,,,,,,,,,,,,,,,
2026-08-22 00:29:13,Night_001,Right Side,0.616156,0.445664,0.190568,0.985354,0.599917,0.436462,0.171475,0.983757,0.612904,0.455435,0.313472,0.990008,0.582488,0.43862,0.225243,0.987376,0.595289,0.49482,0.300598,0.998464,0.516717,0.456519,0.188758,0.99652,0.561519,0.636626,0.051136,0.999048,0.513202,0.624381,-0.051351,0.998445
2026-08-22 00:29:13,Night_001,No Person Detected,,,,,,,,,,,,,,,,,,,,,,,,,,,,,,,,
2026-08-22 00:29:13,Night_001,Right Side,0.619466,0.453068,0.199418,0.988177,0.603347,0.443019,0.183481,0.986855,0.614982,0.458916,0.297945,0.991805,0.586566,0.443043,0.223443,0.989756,0.604881,0.477435,0.261109,0.998661,0.534213,0.451855,0.183762,0.99728,0.565289,0.625573,0.037313,0.999229,0.524161,0.617714,-0.037628,0.998743
2026-08-22 00:29:13,Night_001,No Person Detected,,,,,,,,,,,,,,,,,,,,,,,,,,,,,,,,
2026-08-22 00:29:14,Night_001,Right Side,0.614767,0.446112,0.188642,0.985621,0.597026,0.438221,0.174675,0.984312,0.608532,0.451717,0.28906,0.990309,0.580684,0.438833,0.224483,0.98779,0.599913,0.470317,0.24057,0.998624,0.52332,0.453594,0.194725,0.997045,0.561012,0.63275,0.007042,0.999249,0.522357,0.625237,-0.007385,0.998734
2026-08-22 00:29:14,Night_001,No Person Detected,,,,,,,,,,,,,,,,,,,,,,,,,,,,,,,,
2026-08-22 00:29:15,Night_001,Right Side,0.615897,0.442946,0.179203,0.983819,0.596883,0.435951,0.165272,0.982505,0.614101,0.452042,0.277831,0.989042,0.582099,0.440688,0.213602,0.986284,0.614305,0.477614,0.246415,0.998635,0.523445,0.460897,0.192851,0.996689,0.58034,0.638878,0.02165,0.999294,0.524649,0.630109,-0.021855,0.998781
2026-08-22 00:29:15,Night_001,No Person Detected,,,,,,,,,,,,,,,,,,,,,,,,,,,,,,,,
2026-08-22 00:29:15,Night_001,Right Side,0.619835,0.446464,0.175795,0.981792,0.598013,0.437088,0.16071,0.98067,0.615348,0.454241,0.280269,0.987699,0.583305,0.440094,0.212084,0.984867,0.613945,0.464566,0.244331,0.998532,0.531773,0.447617,0.181072,0.996497,0.572836,0.627247,0.02312,0.999324,0.531161,0.622349,-0.023559,0.998799
2026-08-22 00:29:15,Night_001,No Person Detected,,,,,,,,,,,,,,,,,,,,,,,,,,,,,,,,
2026-08-22 00:29:15,Night_001,Right Side,0.617314,0.442205,0.14913,0.982346,0.597377,0.434892,0.134322,0.98128,0.615263,0.453605,0.269212,0.988093,0.581244,0.439534,0.200722,0.985298,0.609416,0.475818,0.239102,0.998481,0.520285,0.453624,0.174139,0.996397,0.5691,0.633992,0.01888,0.999332,0.524517,0.623419,-0.019115,0.998755
2026-08-22 00:29:15,Night_001,No Person Detected,,,,,,,,,,,,,,,,,,,,,,,,,,,,,,,,
2026-08-22 00:29:16,Night_001,Right Side,0.620103,0.447419,0.180722,0.983582,0.603483,0.442212,0.162209,0.98259,0.614498,0.455682,0.301967,0.988918,0.582842,0.44086,0.215162,0.986385,0.607129,0.485355,0.260549,0.99856,0.51342,0.454553,0.194794,0.996609,0.570175,0.641908,0.015443,0.999253,0.519187,0.628155,-0.015575,0.998602
2026-08-22 00:29:16,Night_001,No Person Detected,,,,,,,,,,,,,,,,,,,,,,,,,,,,,,,,
2026-08-22 00:29:16,Night_001,Right Side,0.620793,0.442994,0.185056,0.982957,0.601546,0.436853,0.169228,0.982109,0.616093,0.453041,0.294144,0.988251,0.584426,0.440646,0.221854,0.986044,0.615624,0.476898,0.257749,0.998449,0.516598,0.460407,0.189782,0.996346,0.577827,0.63287,0.021165,0.999172,0.525061,0.622518,-0.021437,0.99848
2026-08-22 00:29:16,Night_001,No Person Detected,,,,,,,,,,,,,,,,,,,,,,,,,,,,,,,,
2026-08-22 00:29:18,Night_001,Right Side,0.622767,0.44281,0.169795,0.98385,0.603241,0.43586,0.156353,0.98282,0.61766,0.452986,0.280225,0.988821,0.585777,0.439782,0.217688,0.986411,0.615277,0.47878,0.242775,0.998503,0.526829,0.458439,0.191456,0.996397,0.575372,0.632203,0.021296,0.999202,0.523535,0.62374,-0.021503,0.998519
2026-08-22 00:29:18,Night_001,No Person Detected,,,,,,,,,,,,,,,,,,,,,,,,,,,,,,,,
2026-08-22 00:29:18,Night_001,Right Side,0.618486,0.441762,0.153843,0.982785,0.597972,0.435283,0.140696,0.981763,0.615686,0.449781,0.265148,0.988125,0.581514,0.441562,0.205048,0.985474,0.623272,0.48031,0.233222,0.998297,0.521417,0.461305,0.180069,0.99595,0.584043,0.646198,0.017179,0.999146,0.523184,0.633714,-0.017256,0.998444
2026-08-22 00:29:18,Night_001,No Person Detected,,,,,,,,,,,,,,,,,,,,,,,,,,,,,,,,
2026-08-22 00:29:19,Night_001,Right Side,0.619266,0.453765,0.131824,0.984108,0.603039,0.442721,0.116987,0.983176,0.616036,0.460003,0.234088,0.989112,0.586844,0.441735,0.164068,0.98668,0.606605,0.489566,0.217909,0.99834,0.521245,0.456902,0.143624,0.99621,0.559188,0.639356,0.037684,0.99907,0.506823,0.621348,-0.037746,0.998376
2026-08-22 00:29:19,Night_001,No Person Detected,,,,,,,,,,,,,,,,,,,,,,,,,,,,,,,,
2026-08-22 00:29:19,Night_001,Right Side,0.618289,0.446404,0.136749,0.984879,0.600641,0.436484,0.11696,0.984104,0.615728,0.455401,0.256297,0.989558,0.581765,0.437736,0.16464,0.987448,0.608917,0.497693,0.24561,0.998409,0.513939,0.456328,0.147453,0.996343,0.570203,0.647735,0.037886,0.998971,0.510013,0.623044,-0.038045,0.998226
2026-08-22 00:29:20,Night_001,No Person Detected,,,,,,,,,,,,,,,,,,,,,,,,,,,,,,,,
2026-08-22 00:29:20,Night_001,Right Side,0.617717,0.444863,0.045217,0.984855,0.596659,0.436269,0.027487,0.983381,0.615317,0.452242,0.162056,0.989406,0.581116,0.438987,0.079146,0.986885,0.614665,0.478806,0.147239,0.998548,0.513757,0.455828,0.086782,0.996024,0.568568,0.65438,0.004862,0.999082,0.517302,0.638045,-0.004993,0.998345
2026-08-22 00:29:20,Night_001,No Person Detected,,,,,,,,,,,,,,,,,,,,,,,,,,,,,,,,
2026-08-22 00:29:22,Night_001,Right Side,0.621467,0.451464,0.217499,0.985465,0.604864,0.442623,0.193719,0.984032,0.615256,0.456864,0.328117,0.989824,0.584503,0.44078,0.218733,0.987336,0.599965,0.495406,0.321556,0.998451,0.518582,0.458191,0.163559,0.996289,0.56736,0.63059,0.071607,0.999131,0.52027,0.617559,-0.071894,0.998429
2026-08-22 00:29:22,Night_001,No Person Detected,,,,,,,,,,,,,,,,,,,,,,,,,,,,,,,,
2026-08-22 00:29:25,Night_001,Right Side,0.616677,0.442714,0.069565,0.986192,0.598253,0.434692,0.05806,0.984837,0.614281,0.45516,0.177097,0.990381,0.581767,0.436724,0.123762,0.988184,0.615383,0.494091,0.173989,0.998469,0.523874,0.465162,0.103507,0.996584,0.573434,0.630382,0.031565,0.99901,0.517659,0.621026,-0.031744,0.9984
2026-08-22 00:29:25,Night_001,No Person Detected,,,,,,,,,,,,,,,,,,,,,,,,,,,,,,,,
2026-08-22 00:29:27,Night_001,Right Side,0.615203,0.437026,0.162919,0.982819,0.594353,0.43281,0.147616,0.981243,0.614117,0.446034,0.277603,0.987882,0.580241,0.440381,0.208018,0.985045,0.619495,0.472587,0.244895,0.998469,0.524066,0.461821,0.189069,0.995402,0.58326,0.644831,0.004093,0.998995,0.532055,0.635744,-0.004395,0.998193
2026-08-22 00:29:27,Night_001,No Person Detected,,,,,,,,,,,,,,,,,,,,,,,,,,,,,,,,
2026-08-22 00:29:27,Night_001,Right Side,0.619182,0.445917,0.165622,0.983157,0.596176,0.43672,0.149829,0.981711,0.61489,0.454066,0.27928,0.988066,0.581141,0.440506,0.207747,0.985419,0.613602,0.470211,0.252213,0.998475,0.523137,0.454171,0.1838,0.995515,0.57222,0.626661,0.021895,0.999036,0.526137,0.623403,-0.022303,0.998234
2026-08-22 00:29:27,Night_001,No Person Detected,,,,,,,,,,,,,,,,,,,,,,,,,,,,,,,,
2026-08-22 00:29:27,Night_001,Right Side,0.616577,0.445005,0.133532,0.978206,0.597916,0.437551,0.114604,0.976074,0.614414,0.452664,0.240871,0.98449,0.582893,0.440947,0.153932,0.978534,0.608869,0.48197,0.22579,0.998183,0.514613,0.463853,0.117948,0.995169,0.575281,0.642273,0.049258,0.999034,0.520271,0.632253,-0.049461,0.998195
2026-08-22 00:29:27,Night_001,No Person Detected,,,,,,,,,,,,,,,,,,,,,,,,,,,,,,,,
2026-08-22 00:29:27,Night_001,Right Side,0.619636,0.442211,0.141137,0.977337,0.601404,0.435977,0.128602,0.975199,0.617952,0.454857,0.23952,0.984078,0.586227,0.441728,0.181108,0.977719,0.618276,0.480262,0.215513,0.998156,0.516177,0.461523,0.164729,0.995036,0.575066,0.641895,0.022115,0.999023,0.516018,0.624321,-0.022203,0.998167
2026-08-22 00:29:28,Night_001,No Person Detected,,,,,,,,,,,,,,,,,,,,,,,,,,,,,,,,
2026-08-22 00:29:28,Night_001,Right Side,0.619908,0.45105,0.144243,0.978411,0.603409,0.443211,0.124437,0.976527,0.613049,0.454864,0.24155,0.985022,0.584,0.438669,0.150128,0.979181,0.603531,0.477413,0.219784,0.998135,0.526079,0.449282,0.128728,0.995264,0.562475,0.643073,0.03223,0.999018,0.517408,0.629617,-0.032399,0.998138
2026-08-22 00:29:28,Night_001,No Person Detected,,,,,,,,,,,,,,,,,,,,,,,,,,,,,,,,
2026-08-22 00:29:30,Night_001,Right Side,0.618584,0.440711,0.159681,0.978957,0.600035,0.433866,0.144424,0.977478,0.616239,0.452158,0.272077,0.984575,0.582151,0.439462,0.20203,0.980081,0.61357,0.485042,0.251818,0.998107,0.516428,0.459534,0.171504,0.995277,0.577724,0.627833,0.029267,0.99893,0.518444,0.61133,-0.029465,0.998041
2026-08-22 00:29:31,Night_001,No Person Detected,,,,,,,,,,,,,,,,,,,,,,,,,,,,,,,,
2026-08-22 00:29:31,Night_001,Right Side,0.618599,0.44225,0.218672,0.978544,0.598312,0.435732,0.203994,0.977622,0.615724,0.453787,0.324747,0.983485,0.582227,0.440981,0.258137,0.980838,0.612986,0.48262,0.281765,0.998317,0.517019,0.463483,0.226348,0.995909,0.583127,0.629867,0.02333,0.999066,0.526355,0.620606,-0.023599,0.998325
2026-08-22 00:29:31,Night_001,No Person Detected,,,,,,,,,,,,,,,,,,,,,,,,,,,,,,,,
2026-08-22 00:29:32,Night_001,Right Side,0.620089,0.443549,0.128423,0.979791,0.595916,0.434931,0.115118,0.978562,0.620582,0.453113,0.242955,0.984599,0.581732,0.438626,0.183047,0.981777,0.62579,0.481189,0.214533,0.998413,0.528634,0.462781,0.179169,0.995573,0.576634,0.632631,-0.001222,0.999108,0.528187,0.627011,0.000946,0.99831
2026-08-22 00:29:32,Night_001,No Person Detected,,,,,,,,,,,,,,,,,,,,,,,,,,,,,,,,
2026-08-22 00:29:32,Night_001,Right Side,0.616186,0.447583,0.194118,0.981231,0.596721,0.43854,0.179518,0.979607,0.615147,0.458736,0.315145,0.986265,0.580443,0.441241,0.248487,0.983619,0.610793,0.48752,0.29254,0.99852,0.516234,0.45503,0.198874,0.99612,0.570288,0.630616,0.040163,0.999209,0.508908,0.614936,-0.040363,0.998535
2026-08-22 00:29:32,Night_001,No Person Detected,,,,,,,,,,,,,,,,,,,,,,,,,,,,,,,,
2026-08-22 00:29:33,Night_001,Right Side,0.619554,0.44957,0.112026,0.980255,0.602345,0.442629,0.092384,0.978705,0.615202,0.454246,0.219126,0.986045,0.585372,0.438229,0.129333,0.983389,0.610388,0.474962,0.203694,0.998453,0.53255,0.449508,0.118875,0.996017,0.567747,0.643643,0.017833,0.999241,0.528718,0.633596,-0.018193,0.998543
2026-08-22 00:29:34,Night_001,No Person Detected,,,,,,,,,,,,,,,,,,,,,,,,,,,,,,,,
2026-08-22 00:29:37,Night_001,Right Side,0.621954,0.445157,0.177102,0.98608,0.603428,0.43593,0.162332,0.984695,0.618311,0.454753,0.280257,0.990205,0.586771,0.439768,0.211347,0.988265,0.612603,0.480945,0.243493,0.998855,0.519462,0.456416,0.187448,0.996757,0.571837,0.623607,0.020062,0.99945,0.517358,0.615032,-0.020237,0.998919
2026-08-22 00:29:37,Night_001,No Person Detected,,,,,,,,,,,,,,,,,,,,,,,,,,,,,,,,
2026-08-22 00:29:38,Night_001,Right Side,0.619473,0.450937,0.191327,0.984211,0.603215,0.445108,0.16841,0.982087,0.612896,0.453801,0.271001,0.988877,0.587571,0.442616,0.166831,0.986056,0.590808,0.464521,0.249928,0.998832,0.550238,0.454375,0.109953,0.996965,0.56428,0.629969,0.053549,0.999484,0.538197,0.627696,-0.054169,0.998988
2026-08-22 00:29:38,Night_001,No Person Detected,,,,,,,,,,,,,,,,,,,,,,,,,,,,,,,,
2026-08-22 00:29:38,Night_001,Right Side,0.618915,0.449696,0.163868,0.983785,0.600109,0.441598,0.14984,0.981211,0.614827,0.455837,0.262172,0.988594,0.584278,0.441349,0.197846,0.985114,0.606793,0.469527,0.232958,0.998844,0.53564,0.454549,0.172984,0.996939,0.566338,0.623378,0.025035,0.99948,0.527979,0.623282,-0.025413,0.998946
2026-08-22 00:29:39,Night_001,No Person Detected,,,,,,,,,,,,,,,,,,,,,,,,,,,,,,,,
2026-08-22 00:29:41,Night_001,Right Side,0.617177,0.448024,0.193546,0.984981,0.600059,0.438903,0.176508,0.982691,0.61386,0.457637,0.318394,0.989489,0.58106,0.440517,0.239169,0.986439,0.602391,0.492309,0.300833,0.998849,0.512361,0.46192,0.189995,0.997209,0.562635,0.635519,0.045463,0.999498,0.50227,0.620424,-0.045586,0.999015
2026-08-22 00:29:41,Night_001,No Person Detected,,,,,,,,,,,,,,,,,,,,,,,,,,,,,,,,
2026-08-22 00:29:42,Night_001,Right Side,0.620144,0.453379,0.184427,0.985952,0.60112,0.444489,0.1693,0.983664,0.61912,0.460398,0.281537,0.990304,0.585489,0.44241,0.211158,0.987288,0.61519,0.479961,0.240533,0.998941,0.538701,0.450869,0.202228,0.997421,0.576542,0.634802,0.017032,0.999513,0.527927,0.62523,-0.017411,0.999059
2026-08-22 00:29:42,Night_001,No Person Detected,,,,,,,,,,,,,,,,,,,,,,,,,,,,,,,,
2026-08-22 00:29:42,Night_001,Right Side,0.615441,0.443048,0.082402,0.984614,0.596654,0.433594,0.06562,0.981999,0.61218,0.453075,0.200016,0.989585,0.579372,0.436205,0.119376,0.986261,0.604738,0.482036,0.181544,0.998823,0.511901,0.461563,0.11222,0.996267,0.567743,0.645212,0.013196,0.999412,0.511878,0.628686,-0.013255,0.998592
2026-08-22 00:29:43,Night_001,No Person Detected,,,,,,,,,,,,,,,,,,,,,,,,,,,,,,,,
2026-08-22 00:29:43,Night_001,Right Side,0.613661,0.444363,0.054417,0.979003,0.596638,0.438583,0.037734,0.976648,0.605826,0.450383,0.145569,0.986875,0.579359,0.436338,0.069543,0.983817,0.600455,0.463783,0.13779,0.998781,0.511385,0.447242,0.076747,0.996183,0.554766,0.638177,0.007685,0.999412,0.510771,0.627415,-0.007892,0.998584
2026-08-22 00:29:43,Night_001,No Person Detected,,,,,,,,,,,,,,,,,,,,,,,,,,,,,,,,
2026-08-22 00:29:44,Night_001,Right Side,0.611389,0.452599,0.240397,0.980891,0.605289,0.449756,0.22601,0.977511,0.605764,0.452895,0.248605,0.988663,0.593174,0.447647,0.181798,0.98298,0.565026,0.450491,0.174382,0.999084,0.579127,0.469129,0.129597,0.997179,0.541247,0.622001,0.029364,0.999581,0.545481,0.627181,-0.030012,0.999019
2026-08-22 00:29:44,Night_001,No Person Detected,,,,,,,,,,,,,,,,,,,,,,,,,,,,,,,,
2026-08-22 00:29:44,Night_001,Right Side,0.620364,0.448574,0.190528,0.981986,0.601819,0.439376,0.174074,0.978738,0.615378,0.455788,0.296486,0.989292,0.583875,0.440811,0.220046,0.983881,0.606741,0.477941,0.261682,0.999104,0.527219,0.455153,0.190604,0.997381,0.569935,0.63262,0.032753,0.999577,0.521888,0.623272,-0.03305,0.999038
2026-08-22 00:29:45,Night_001,No Person Detected,,,,,,,,,,,,,,,,,,,,,,,,,,,,,,,,
2026-08-22 00:29:45,Night_001,Right Side,0.614891,0.451271,0.210983,0.983205,0.599971,0.44168,0.196348,0.980117,0.613143,0.458418,0.312739,0.990067,0.587643,0.4423,0.245422,0.985148,0.605071,0.487496,0.278219,0.999114,0.528485,0.458239,0.20089,0.997589,0.566309,0.631514,0.031927,0.999555,0.517112,0.620251,-0.032256,0.999066
2026-08-22 00:29:45,Night_001,No Person Detected,,,,,,,,,,,,,,,,,,,,,,,,,,,,,,,,
2026-08-22 00:29:46,Night_001,Right Side,0.620629,0.44555,0.213473,0.983755,0.599443,0.43713,0.196623,0.980873,0.616939,0.454813,0.319395,0.990324,0.581845,0.440444,0.243229,0.985745,0.613274,0.483012,0.279034,0.999103,0.523885,0.464133,0.211454,0.997629,0.58094,0.626523,0.024548,0.99957,0.526601,0.61725,-0.024939,0.99911
2026-08-22 00:29:46,Night_001,No Person Detected,,,,,,,,,,,,,,,,,,,,,,,,,,,,,,,,
2026-08-22 00:29:47,Night_001,Right Side,0.613663,0.438713,0.126165,0.972361,0.595872,0.436001,0.109123,0.968222,0.611859,0.446183,0.220518,0.981109,0.580736,0.443507,0.142694,0.976213,0.605455,0.467842,0.188114,0.998965,0.541156,0.458474,0.116081,0.996846,0.571495,0.655424,0.003075,0.99954,0.540515,0.647623,-0.003536,0.998972
2026-08-22 00:29:47,Night_001,No Person Detected,,,,,,,,,,,,,,,,,,,,,,,,,,,,,,,,
2026-08-22 00:29:48,Night_001,Right Side,0.618713,0.441625,0.188042,0.97413,0.600923,0.431608,0.172329,0.970407,0.616887,0.455419,0.310127,0.982356,0.583337,0.436697,0.237211,0.978039,0.608908,0.497145,0.292671,0.998928,0.509148,0.461347,0.199441,0.997089,0.574835,0.630919,0.040624,0.999529,0.511325,0.618136,-0.040782,0.999007
2026-08-22 00:29:48,Night_001,No Person Detected,,,,,,,,,,,,,,,,,,,,,,,,,,,,,,,,
2026-08-22 00:29:49,Night_001,Right Side,0.617183,0.445236,0.120237,0.975303,0.597069,0.437162,0.105277,0.971528,0.615591,0.453438,0.235666,0.983225,0.580789,0.440039,0.167034,0.978732,0.612388,0.47686,0.205493,0.998943,0.517808,0.461544,0.155877,0.996833,0.569545,0.632205,0.002921,0.999543,0.528035,0.626585,-0.00317,0.999
2026-08-22 00:29:49,Night_001,No Person Detected,,,,,,,,,,,,,,,,,,,,,,,,,,,,,,,,
2026-08-22 00:29:49,Night_001,Right Side,0.617407,0.444825,0.152576,0.972203,0.598812,0.436742,0.139202,0.968335,0.614938,0.453215,0.256796,0.981236,0.581253,0.440255,0.195724,0.975755,0.616641,0.471612,0.232797,0.998875,0.514649,0.458913,0.17925,0.99639,0.575055,0.635131,0.015571,0.999479,0.51952,0.621747,-0.015702,0.998863
2026-08-22 00:29:49,Night_001,No Person Detected,,,,,,,,,,,,,,,,,,,,,,,,,,,,,,,,
2026-08-22 00:29:50,Night_001,Right Side,0.619915,0.452115,0.146914,0.97203,0.601335,0.443773,0.131838,0.968056,0.615584,0.457796,0.242684,0.981489,0.584579,0.442423,0.173758,0.975422,0.608866,0.478924,0.210542,0.998875,0.533456,0.455171,0.159836,0.996241,0.569538,0.635385,0.019505,0.99945,0.525553,0.627636,-0.01985,0.998816
2026-08-22 00:29:50,Night_001,No Person Detected,,,,,,,,,,,,,,,,,,,,,,,,,,,,,,,,
2026-08-22 00:29:50,Night_001,Right Side,0.615739,0.45269,0.163873,0.964673,0.600395,0.446634,0.148835,0.959466,0.61127,0.457207,0.239262,0.977939,0.585597,0.44433,0.16939,0.967063,0.603424,0.465709,0.200542,0.998855,0.539768,0.436994,0.145015,0.996368,0.566276,0.625993,0.033143,0.999477,0.527804,0.614498,-0.033602,0.998877
2026-08-22 00:29:51,Night_001,No Person Detected,,,,,,,,,,,,,,,,,,,,,,,,,,,,,,,,
2026-08-22 00:29:51,Night_001,Right Side,0.616335,0.448051,0.127399,0.966227,0.596887,0.439856,0.110475,0.961131,0.613882,0.454412,0.230221,0.978834,0.579363,0.43882,0.151523,0.968212,0.602516,0.481195,0.20729,0.998857,0.510693,0.452147,0.149928,0.996365,0.559555,0.630935,0.017355,0.999469,0.512047,0.62137,-0.017539,0.998819
2026-08-22 00:29:52,Night_001,No Person Detected,,,,,,,,,,,,,,,,,,,,,,,,,,,,,,,,
2026-08-22 00:29:52,Night_001,Right Side,0.617076,0.444464,0.117779,0.972187,0.599962,0.434544,0.100061,0.968119,0.614848,0.452224,0.229786,0.982492,0.583163,0.435416,0.1468,0.973989,0.61366,0.486505,0.214422,0.998827,0.520069,0.457987,0.141741,0.996859,0.57083,0.642936,0.026356,0.999463,0.518099,0.626197,-0.026519,0.998814
2026-08-22 00:29:52,Night_001,No Person Detected,,,,,,,,,,,,,,,,,,,,,,,,,,,,,,,,
2026-08-22 00:29:52,Night_001,Right Side,0.617359,0.444388,0.128242,0.967608,0.595534,0.439422,0.112203,0.963916,0.61546,0.452365,0.227316,0.979841,0.580407,0.441477,0.156109,0.970494,0.617027,0.469413,0.198612,0.998695,0.529502,0.463905,0.13932,0.996525,0.5787,0.635062,0.01614,0.999454,0.533166,0.634371,-0.016574,0.9988
2026-08-22 00:29:52,Night_001,No Person Detected,,,,,,,,,,,,,,,,,,,,,,,,,,,,,,,,
2026-08-22 00:29:53,Night_001,Right Side,0.614021,0.445235,0.143678,0.950604,0.5957,0.4401,0.130413,0.945124,0.612412,0.451515,0.235304,0.969479,0.583276,0.443416,0.17636,0.956123,0.615038,0.457798,0.211229,0.998373,0.534204,0.448922,0.148972,0.995754,0.57276,0.626661,0.019343,0.999431,0.527655,0.624016,-0.019693,0.998744
2026-08-22 00:29:53,Night_001,No Person Detected,,,,,,,,,,,,,,,,,,,,,,,,,,,,,,,,
2026-08-22 00:29:53,Night_001,Right Side,0.617546,0.441973,0.185452,0.952585,0.598413,0.435144,0.170392,0.947331,0.615123,0.451981,0.295719,0.970067,0.583494,0.440154,0.226608,0.95779,0.613802,0.483547,0.272233,0.998258,0.516793,0.460294,0.193056,0.995739,0.581605,0.631691,0.038125,0.999231,0.523142,0.620362,-0.03827,0.998503
2026-08-22 00:29:53,Night_001,No Person Detected,,,,,,,,,,,,,,,,,,,,,,,,,,,,,,,,
2026-08-22 00:29:53,Night_001,Right Side,0.619388,0.440967,0.174335,0.954111,0.59668,0.435339,0.160411,0.948161,0.615414,0.448578,0.285654,0.970857,0.582205,0.44224,0.223657,0.957997,0.629235,0.479213,0.252715,0.998145,0.527271,0.466615,0.195918,0.994334,0.596086,0.631639,0.017041,0.999097,0.534154,0.627157,-0.017247,0.998278
2026-08-22 00:29:53,Night_001,No Person Detected,,,,,,,,,,,,,,,,,,,,,,,,,,,,,,,,
2026-08-22 00:29:54,Night_001,Right Side,0.6193,0.442557,0.19371,0.957247,0.597648,0.434756,0.180573,0.951409,0.615038,0.450739,0.30025,0.972644,0.582917,0.439032,0.240161,0.960672,0.618851,0.479464,0.27142,0.998127,0.527172,0.458454,0.206753,0.994454,0.587964,0.627465,0.024116,0.999089,0.528718,0.621289,-0.024337,0.998288
2026-08-22 00:29:54,Night_001,No Person Detected,,,,,,,,,,,,,,,,,,,,,,,,,,,,,,,,
2026-08-22 00:29:54,Night_001,Right Side,0.616742,0.443534,0.166736,0.9595,0.596319,0.437173,0.153675,0.953544,0.615149,0.452394,0.271354,0.974206,0.58093,0.43939,0.211196,0.962813,0.608974,0.463494,0.238155,0.998222,0.529232,0.456932,0.194075,0.994322,0.565534,0.631577,0.006398,0.999148,0.525067,0.631665,-0.00664,0.998338
2026-08-22 00:29:54,Night_001,No Person Detected,,,,,,,,,,,,,,,,,,,,,,,,,,,,,,,,
2026-08-22 00:29:55,Night_001,Right Side,0.615119,0.441298,0.195932,0.961425,0.594054,0.434693,0.185481,0.955742,0.614124,0.451145,0.300128,0.97529,0.57996,0.439247,0.252688,0.964747,0.612983,0.463587,0.261446,0.998222,0.528768,0.452415,0.215184,0.994496,0.576029,0.621764,0.019806,0.999191,0.529995,0.620759,-0.020245,0.998418
2026-08-22 00:29:55,Night_001,No Person Detected,,,,,,,,,,,,,,,,,,,,,,,,,,,,,,,,
2026-08-22 00:29:56,Night_001,Right Side,0.617639,0.440169,0.183505,0.963303,0.596823,0.432114,0.168865,0.957737,0.615641,0.451441,0.294617,0.976094,0.580502,0.440231,0.226215,0.966101,0.616225,0.478941,0.254038,0.998227,0.519684,0.456673,0.199871,0.993961,0.586509,0.628073,0.011616,0.999079,0.530817,0.61803,-0.011749,0.998226
2026-08-22 00:29:56,Night_001,No Person Detected,,,,,,,,,,,,,,,,,,,,,,,,,,,,,,,,
2026-08-22 00:29:56,Night_001,Right Side,0.618934,0.445673,0.166397,0.965178,0.601268,0.438001,0.149932,0.960075,0.614644,0.454795,0.267112,0.977105,0.584618,0.441679,0.192116,0.967817,0.610726,0.477118,0.239914,0.998101,0.526377,0.45566,0.154393,0.994242,0.571716,0.6295,0.034073,0.999078,0.523131,0.618145,-0.034407,0.998269
2026-08-22 00:29:56,Night_001,No Person Detected,,,,,,,,,,,,,,,,,,,,,,,,,,,,,,,,
2026-08-22 00:29:57,Night_001,Right Side,0.621147,0.446784,0.16758,0.966042,0.600291,0.438501,0.153155,0.960645,0.618156,0.454844,0.272832,0.977703,0.584704,0.441239,0.206289,0.968388,0.613707,0.474617,0.235924,0.99809,0.527145,0.458517,0.190751,0.994183,0.569528,0.628269,0.014982,0.999074,0.523728,0.622647,-0.015195,0.998213
2026-08-22 00:29:57,Night_001,No Person Detected,,,,,,,,,,,,,,,,,,,,,,,,,,,,,,,,
2026-08-22 00:29:57,Night_001,Right Side,0.614898,0.444966,0.137247,0.968227,0.596017,0.439346,0.121146,0.962964,0.614029,0.452789,0.246251,0.979325,0.581356,0.440191,0.171748,0.970568,0.602048,0.467557,0.214946,0.998226,0.526102,0.451231,0.162861,0.994478,0.561509,0.63147,0.009851,0.99914,0.528814,0.629583,-0.010171,0.998306
2026-08-22 00:29:57,Night_001,No Person Detected,,,,,,,,,,,,,,,,,,,,,,,,,,,,,,,,
2026-08-22 00:29:58,Night_001,Right Side,0.615845,0.441296,0.182271,0.971829,0.59528,0.433891,0.167149,0.967712,0.614076,0.449237,0.297416,0.980962,0.580179,0.438137,0.227753,0.974612,0.615251,0.477557,0.259015,0.998392,0.526439,0.458092,0.200874,0.995067,0.580505,0.645365,0.010914,0.999229,0.536004,0.635338,-0.011176,0.998444
2026-08-22 00:29:58,Night_001,No Person Detected,,,,,,,,,,,,,,,,,,,,,,,,,,,,,,,,
2026-08-22 00:29:58,Night_001,Right Side,0.617824,0.440955,0.147862,0.974109,0.599049,0.430652,0.129834,0.970384,0.617178,0.452603,0.271815,0.982474,0.581727,0.434706,0.188416,0.976759,0.610393,0.495503,0.261849,0.99848,0.517833,0.461833,0.170461,0.995361,0.575752,0.636851,0.039781,0.999164,0.51522,0.620646,-0.040003,0.998319
2026-08-22 00:29:58,Night_001,No Person Detected,,,,,,,,,,,,,,,,,,,,,,,,,,,,,,,,
2026-08-22 00:29:59,Night_001,Right Side,0.620236,0.44536,0.177218,0.976046,0.601867,0.438859,0.158962,0.972764,0.614553,0.453257,0.286312,0.98365,0.585007,0.441856,0.202693,0.978803,0.611899,0.485332,0.267662,0.998527,0.518094,0.456232,0.166034,0.996002,0.580293,0.63257,0.045787,0.999221,0.523608,0.621052,-0.046058,0.998514
2026-08-22 00:29:59,Night_001,No Person Detected,,,,,,,,,,,,,,,,,,,,,,,,,,,,,,,,
2026-08-22 00:30:01,Night_001,Right Side,0.618643,0.440425,0.16493,0.976994,0.599106,0.433157,0.150235,0.973987,0.617007,0.451083,0.28067,0.984167,0.582087,0.438591,0.212736,0.979713,0.615603,0.477803,0.251395,0.9985,0.515739,0.459692,0.190359,0.995849,0.575682,0.63685,0.020435,0.99919,0.519119,0.622793,-0.020485,0.998444
2026-08-22 00:30:01,Night_001,No Person Detected,,,,,,,,,,,,,,,,,,,,,,,,,,,,,,,,
2026-08-22 00:30:02,Night_001,Right Side,0.618421,0.444737,0.145289,0.981866,0.598243,0.438783,0.130787,0.98016,0.616667,0.453609,0.250538,0.987113,0.584432,0.443429,0.183445,0.984598,0.621743,0.474839,0.221421,0.998722,0.52386,0.459702,0.156946,0.996558,0.583275,0.64369,0.02443,0.999349,0.528883,0.634774,-0.024497,0.998751
2026-08-22 00:30:02,Night_001,No Person Detected,,,,,,,,,,,,,,,,,,,,,,,,,,,,,,,,
2026-08-22 00:30:03,Night_001,Right Side,0.616597,0.448682,0.103432,0.982982,0.60026,0.438118,0.090682,0.98137,0.61337,0.458611,0.206672,0.988242,0.581734,0.441326,0.147888,0.986588,0.610114,0.493879,0.202742,0.998604,0.517092,0.46029,0.128392,0.996207,0.564125,0.638567,0.029407,0.999343,0.506377,0.619657,-0.029555,0.998727
2026-08-22 00:30:03,Night_001,No Person Detected,,,,,,,,,,,,,,,,,,,,,,,,,,,,,,,,
2026-08-22 00:30:03,Night_001,Right Side,0.619018,0.447407,0.155252,0.983934,0.600409,0.439572,0.136914,0.9824,0.614968,0.45362,0.260102,0.988895,0.583975,0.441495,0.175674,0.987327,0.613899,0.476491,0.228988,0.998636,0.5153,0.460839,0.159163,0.996265,0.578429,0.63724,0.018237,0.999312,0.528103,0.630481,-0.018356,0.998672
2026-08-22 00:30:03,Night_001,No Person Detected,,,,,,,,,,,,,,,,,,,,,,,,,,,,,,,,
2026-08-22 00:30:04,Night_001,Right Side,0.615076,0.441483,0.103262,0.983013,0.597618,0.435317,0.089103,0.981321,0.610678,0.451361,0.202876,0.988494,0.583261,0.439258,0.137812,0.986177,0.607548,0.468704,0.187052,0.998599,0.517706,0.459455,0.116335,0.996163,0.567244,0.634403,0.024036,0.999352,0.52299,0.625283,-0.024302,0.998727
2026-08-22 00:30:05,Night_001,No Person Detected,,,,,,,,,,,,,,,,,,,,,,,,,,,,,,,,
2026-08-22 00:30:05,Night_001,Right Side,0.619595,0.446999,0.149354,0.984825,0.600562,0.438423,0.128785,0.983613,0.615196,0.453915,0.263557,0.989135,0.584138,0.44059,0.169198,0.988061,0.609007,0.483173,0.249092,0.998637,0.518575,0.448973,0.143351,0.996811,0.568815,0.64189,0.039022,0.999435,0.517963,0.626304,-0.039139,0.998888
2026-08-22 00:30:05,Night_001,No Person Detected,,,,,,,,,,,,,,,,,,,,,,,,,,,,,,,,
2026-08-22 00:30:05,Night_001,Right Side,0.620621,0.449189,0.186287,0.9864,0.60159,0.440659,0.169055,0.985294,0.61789,0.456542,0.298447,0.990186,0.583097,0.441588,0.218592,0.989095,0.610985,0.478778,0.272752,0.998762,0.525718,0.455796,0.185192,0.997252,0.573216,0.630506,0.041494,0.999496,0.526937,0.62217,-0.041852,0.999021
2026-08-22 00:30:05,Night_001,No Person Detected,,,,,,,,,,,,,,,,,,,,,,,,,,,,,,,,
2026-08-22 00:30:07,Night_001,Right Side,0.617345,0.446163,0.170856,0.98579,0.600154,0.43767,0.152558,0.984871,0.614519,0.45271,0.28167,0.989681,0.582444,0.437827,0.197554,0.988755,0.609626,0.485529,0.256717,0.998611,0.518632,0.457398,0.164408,0.997068,0.573596,0.633036,0.029427,0.999392,0.519449,0.616771,-0.029646,0.998837
2026-08-22 00:30:07,Night_001,No Person Detected,,,,,,,,,,,,,,,,,,,,,,,,,,,,,,,,
2026-08-22 00:30:07,Night_001,Right Side,0.62078,0.445058,0.157363,0.984788,0.601158,0.434738,0.141621,0.98409,0.616462,0.455006,0.269284,0.98852,0.583612,0.435863,0.196131,0.988191,0.610812,0.491588,0.250418,0.998481,0.517053,0.460981,0.173459,0.997014,0.572905,0.62914,0.029104,0.999201,0.517136,0.612042,-0.029247,0.998574
2026-08-22 00:30:07,Night_001,No Person Detected,,,,,,,,,,,,,,,,,,,,,,,,,,,,,,,,
2026-08-22 00:30:08,Night_001,Right Side,0.617976,0.44755,0.092178,0.985685,0.599451,0.433999,0.083291,0.985155,0.617765,0.461333,0.188418,0.989287,0.583888,0.439758,0.145511,0.989142,0.614319,0.498499,0.180114,0.998471,0.520312,0.471359,0.148316,0.997083,0.561954,0.642682,0.015894,0.999013,0.504797,0.62677,-0.016032,0.998394
2026-08-22 00:30:08,Night_001,No Person Detected,,,,,,,,,,,,,,,,,,,,,,,,,,,,,,,,
2026-08-22 00:30:08,Night_001,Right Side,0.616108,0.445717,0.141656,0.985452,0.599397,0.434958,0.131252,0.98484,0.613515,0.457612,0.245221,0.989458,0.584066,0.441626,0.19508,0.989237,0.609487,0.488158,0.216125,0.998499,0.525333,0.463065,0.177523,0.996559,0.562334,0.631603,0.011495,0.999032,0.514286,0.612073,-0.011548,0.998296
2026-08-22 00:30:08,Night_001,No Person Detected,,,,,,,,,,,,,,,,,,,,,,,,,,,,,,,,
2026-08-22 00:30:09,Night_001,Right Side,0.616365,0.449132,0.141786,0.986344,0.599567,0.440397,0.127982,0.985714,0.614068,0.45878,0.248261,0.990248,0.586034,0.44248,0.184216,0.990034,0.611128,0.490739,0.229583,0.998506,0.5205,0.456372,0.148713,0.996817,0.569781,0.634314,0.034238,0.999056,0.5115,0.619136,-0.034443,0.99839
2026-08-22 00:30:09,Night_001,No Person Detected,,,,,,,,,,,,,,,,,,,,,,,,,,,,,,,,
2026-08-22 00:30:09,Night_001,Right Side,0.618389,0.442669,0.190651,0.987303,0.600033,0.435418,0.178263,0.986589,0.616267,0.452174,0.296145,0.990954,0.585785,0.440225,0.23831,0.990535,0.613085,0.478118,0.25925,0.998579,0.529428,0.457753,0.202113,0.996931,0.575899,0.633528,0.025468,0.999106,0.526267,0.625744,-0.02573,0.998466
2026-08-22 00:30:09,Night_001,No Person Detected,,,,,,,,,,,,,,,,,,,,,,,,,,,,,,,,
2026-08-22 00:30:11,Night_001,Right Side,0.616687,0.448776,0.123797,0.985657,0.600448,0.440377,0.109549,0.985045,0.614696,0.458479,0.223902,0.990476,0.58406,0.441479,0.156826,0.989832,0.607966,0.482322,0.203076,0.998426,0.518296,0.457345,0.136532,0.996588,0.559118,0.640512,0.030582,0.99903,0.504977,0.617675,-0.030634,0.998295
2026-08-22 00:30:12,Night_001,No Person Detected,,,,,,,,,,,,,,,,,,,,,,,,,,,,,,,,
2026-08-22 00:30:13,Night_001,Right Side,0.616673,0.447643,0.099267,0.985385,0.599101,0.433533,0.08993,0.984884,0.616738,0.461363,0.194614,0.990483,0.584105,0.439516,0.149372,0.989922,0.611086,0.493408,0.17907,0.998302,0.517577,0.463098,0.147823,0.995946,0.557269,0.64646,0.01819,0.998784,0.50269,0.624136,-0.018207,0.997713
2026-08-22 00:30:13,Night_001,No Person Detected,,,,,,,,,,,,,,,,,,,,,,,,,,,,,,,,
2026-08-22 00:30:13,Night_001,Right Side,0.619464,0.44873,0.138614,0.985079,0.600789,0.437644,0.121117,0.984733,0.614823,0.455235,0.248474,0.99028,0.584843,0.437438,0.168098,0.98991,0.607405,0.477389,0.223532,0.998111,0.518682,0.454734,0.142385,0.995843,0.559841,0.634783,0.020285,0.998718,0.515399,0.625078,-0.02058,0.997596
2026-08-22 00:30:13,Night_001,No Person Detected,,,,,,,,,,,,,,,,,,,,,,,,,,,,,,,,
2026-08-22 00:30:14,Night_001,Right Side,0.619656,0.447892,0.125287,0.985494,0.600963,0.440939,0.108458,0.985052,0.616742,0.456324,0.2357,0.990577,0.582583,0.442502,0.158111,0.989954,0.61641,0.482351,0.208416,0.998188,0.528158,0.452063,0.138159,0.995954,0.575723,0.65255,0.020036,0.998784,0.530109,0.63974,-0.020215,0.997689
2026-08-22 00:30:14,Night_001,No Person Detected,,,,,,,,,,,,,,,,,,,,,,,,,,,,,,,,
2026-08-22 00:30:14,Night_001,Right Side,0.618335,0.443523,0.081465,0.985794,0.596995,0.436007,0.064092,0.985217,0.615182,0.453422,0.199103,0.990649,0.579239,0.440392,0.115259,0.989916,0.613162,0.484569,0.18416,0.998307,0.508646,0.467054,0.129059,0.994715,0.573023,0.641409,0.00544,0.998772,0.515257,0.627464,-0.005442,0.997393
2026-08-22 00:30:15,Night_001,No Person Detected,,,,,,,,,,,,,,,,,,,,,,,,,,,,,,,,
2026-08-22 00:30:15,Night_001,Right Side,0.620001,0.44615,0.187223,0.987292,0.60193,0.438114,0.171067,0.986768,0.614499,0.454023,0.293093,0.991561,0.585766,0.441902,0.217789,0.991266,0.611129,0.482205,0.255244,0.998457,0.528218,0.463738,0.190752,0.995155,0.576034,0.630886,0.025819,0.999017,0.534092,0.624605,-0.026156,0.997888
2026-08-22 00:30:15,Night_001,No Person Detected,,,,,,,,,,,,,,,,,,,,,,,,,,,,,,,,
2026-08-22 00:30:18,Night_001,Right Side,0.616357,0.439553,0.125647,0.987265,0.595821,0.433668,0.108476,0.986784,0.614914,0.448059,0.23802,0.991525,0.58082,0.44006,0.159209,0.991255,0.613702,0.476923,0.215877,0.998506,0.518411,0.461886,0.146826,0.995197,0.573133,0.640104,0.018404,0.998979,0.522664,0.632028,-0.018713,0.997769
2026-08-22 00:30:18,Night_001,No Person Detected,,,,,,,,,,,,,,,,,,,,,,,,,,,,,,,,
2026-08-22 00:30:19,Night_001,Right Side,0.620182,0.44315,0.196874,0.988166,0.600497,0.435531,0.181124,0.987671,0.615541,0.453759,0.315699,0.992119,0.583543,0.439966,0.243098,0.991866,0.609748,0.488364,0.296999,0.998513,0.518581,0.457752,0.197118,0.995581,0.572975,0.6293,0.045856,0.999031,0.517544,0.61758,-0.046076,0.997911
2026-08-22 00:30:19,Night_001,No Person Detected,,,,,,,,,,,,,,,,,,,,,,,,,,,,,,,,
2026-08-22 00:30:20,Night_001,Right Side,0.617416,0.45607,0.224227,0.988792,0.603507,0.448298,0.206912,0.98823,0.612092,0.461989,0.309547,0.992682,0.587422,0.446727,0.229294,0.992355,0.595635,0.480012,0.26114,0.99862,0.529127,0.45092,0.19164,0.995981,0.557656,0.635858,0.029086,0.999111,0.51796,0.623091,-0.029512,0.998096
2026-08-22 00:30:20,Night_001,No Person Detected,,,,,,,,,,,,,,,,,,,,,,,,,,,,,,,,
2026-08-22 00:30:20,Night_001,Right Side,0.614518,0.448569,0.142474,0.988344,0.595892,0.441609,0.126102,0.987392,0.612078,0.454575,0.249335,0.992467,0.580235,0.440715,0.173348,0.991803,0.602331,0.469986,0.223319,0.998683,0.524267,0.447666,0.158739,0.996202,0.562333,0.631285,0.020513,0.999165,0.526609,0.627077,-0.020878,0.99821
2026-08-22 00:30:20,Night_001,No Person Detected,,,,,,,,,,,,,,,,,,,,,,,,,,,,,,,,
2026-08-22 00:30:21,Night_001,Right Side,0.61692,0.446255,0.167972,0.98458,0.596325,0.442416,0.151513,0.983085,0.615722,0.451759,0.264218,0.990169,0.58378,0.444301,0.189895,0.987791,0.620211,0.46862,0.229985,0.99872,0.532495,0.455998,0.16728,0.995932,0.582841,0.635997,0.018241,0.999191,0.536682,0.628699,-0.018547,0.998231
2026-08-22 00:30:21,Night_001,No Person Detected,,,,,,,,,,,,,,,,,,,,,,,,,,,,,,,,
2026-08-22 00:30:21,Night_001,Right Side,0.614669,0.447596,0.135844,0.981585,0.597993,0.440923,0.122954,0.980411,0.61181,0.456876,0.244019,0.988819,0.581641,0.442127,0.184594,0.98661,0.609215,0.476288,0.22308,0.998492,0.524972,0.449907,0.155736,0.995911,0.564242,0.635238,0.026035,0.999221,0.514831,0.618861,-0.026282,0.998313
2026-08-22 00:30:21,Night_001,No Person Detected,,,,,,,,,,,,,,,,,,,,,,,,,,,,,,,,
2026-08-22 00:30:22,Night_001,Right Side,0.616486,0.450779,0.180984,0.97996,0.599226,0.442642,0.165508,0.97809,0.614498,0.457253,0.275056,0.988034,0.585766,0.443992,0.20435,0.98462,0.606607,0.469464,0.239208,0.998467,0.538364,0.451163,0.171051,0.995713,0.56567,0.631991,0.024674,0.999242,0.527702,0.624491,-0.025042,0.998328
2026-08-22 00:30:22,Night_001,No Person Detected,,,,,,,,,,,,,,,,,,,,,,,,,,,,,,,,
2026-08-22 00:30:22,Night_001,Right Side,0.616831,0.446244,0.184651,0.981516,0.599677,0.43574,0.167735,0.979806,0.613816,0.457115,0.303939,0.988953,0.581854,0.44111,0.226879,0.985933,0.608159,0.482759,0.285841,0.998527,0.519022,0.454194,0.185306,0.996087,0.570846,0.630382,0.037289,0.999238,0.513428,0.619347,-0.037506,0.998403
2026-08-22 00:30:22,Night_001,No Person Detected,,,,,,,,,,,,,,,,,,,,,,,,,,,,,,,,
2026-08-22 00:30:23,Night_001,Right Side,0.61994,0.451771,0.172282,0.981231,0.603751,0.442781,0.152368,0.979016,0.61368,0.457011,0.276097,0.988679,0.584427,0.442335,0.182975,0.984688,0.598447,0.483674,0.252973,0.998528,0.516714,0.453536,0.148692,0.996315,0.564097,0.631958,0.046401,0.999199,0.514917,0.625517,-0.046626,0.998413
2026-08-22 00:30:23,Night_001,No Person Detected,,,,,,,,,,,,,,,,,,,,,,,,,,,,,,,,
2026-08-22 00:30:23,Night_001,Right Side,0.614888,0.444938,0.189178,0.980064,0.595148,0.439024,0.1764,0.977329,0.612566,0.452209,0.280749,0.987931,0.582828,0.443098,0.221651,0.983774,0.611943,0.462305,0.221267,0.998524,0.534888,0.457046,0.202685,0.995841,0.576135,0.623009,-0.004218,0.999208,0.539026,0.625734,0.003878,0.998427
2026-08-22 00:30:23,Night_001,No Person Detected,,,,,,,,,,,,,,,,,,,,,,,,,,,,,,,,
2026-08-22 00:30:26,Night_001,Right Side,0.619042,0.450992,0.17982,0.981297,0.600858,0.44081,0.163366,0.978727,0.614637,0.459887,0.292624,0.988668,0.584972,0.442357,0.216929,0.985085,0.607823,0.486094,0.260075,0.99846,0.525063,0.455261,0.191593,0.996137,0.566534,0.637328,0.023426,0.999261,0.516693,0.621378,-0.023646,0.998525
2026-08-22 00:30:26,Night_001,No Person Detected,,,,,,,,,,,,,,,,,,,,,,,,,,,,,,,,
2026-08-22 00:30:27,Night_001,Right Side,0.615015,0.440088,0.108624,0.981585,0.596225,0.433833,0.092005,0.978918,0.613757,0.45088,0.227401,0.988664,0.579805,0.43983,0.149176,0.984937,0.605289,0.483018,0.20946,0.998435,0.512847,0.462182,0.122198,0.996045,0.572572,0.650134,0.029564,0.999232,0.519815,0.638991,-0.029786,0.998427
2026-08-22 00:30:27,Night_001,No Person Detected,,,,,,,,,,,,,,,,,,,,,,,,,,,,,,,,
2026-08-22 00:30:28,Night_001,Right Side,0.617248,0.451823,0.111203,0.983921,0.599188,0.441097,0.094938,0.981349,0.616384,0.461207,0.217174,0.989929,0.583763,0.443262,0.142572,0.986578,0.605851,0.491139,0.192165,0.998542,0.52217,0.461732,0.136857,0.99589,0.560097,0.632713,0.013478,0.999297,0.51233,0.622866,-0.013745,0.998505
2026-08-22 00:30:28,Night_001,No Person Detected,,,,,,,,,,,,,,,,,,,,,,,,,,,,,,,,
2026-08-22 00:30:28,Night_001,Right Side,0.616058,0.441282,0.173969,0.981601,0.597035,0.436696,0.162365,0.979093,0.615553,0.449521,0.274577,0.988137,0.583091,0.442919,0.221507,0.983846,0.627727,0.471206,0.235265,0.998526,0.531252,0.458575,0.200534,0.995013,0.592923,0.637114,0.006729,0.999221,0.537449,0.62676,-0.006931,0.998323
2026-08-22 00:30:29,Night_001,No Person Detected,,,,,,,,,,,,,,,,,,,,,,,,,,,,,,,,
2026-08-22 00:30:29,Night_001,Right Side,0.620548,0.445781,0.114881,0.980545,0.602061,0.436245,0.097685,0.978289,0.614206,0.45375,0.223839,0.987323,0.583769,0.43784,0.144747,0.983125,0.612237,0.476861,0.205163,0.99845,0.514545,0.4554,0.120955,0.995097,0.571534,0.63739,0.025291,0.999196,0.519459,0.623662,-0.025527,0.998297
2026-08-22 00:30:29,Night_001,No Person Detected,,,,,,,,,,,,,,,,,,,,,,,,,,,,,,,,
2026-08-22 00:30:29,Night_001,Right Side,0.618894,0.444051,0.132033,0.983534,0.599395,0.433244,0.115456,0.981795,0.616063,0.456685,0.254458,0.989148,0.581917,0.435382,0.177601,0.986051,0.611326,0.491606,0.246444,0.998623,0.514945,0.460519,0.149574,0.995942,0.574004,0.635682,0.04435,0.999224,0.517018,0.622218,-0.044549,0.998442
2026-08-22 00:30:30,Night_001,No Person Detected,,,,,,,,,,,,,,,,,,,,,,,,,,,,,,,,
2026-08-22 00:30:30,Night_001,Right Side,0.615123,0.446315,0.157643,0.978125,0.600908,0.442054,0.139481,0.97586,0.608512,0.451867,0.221428,0.986467,0.587875,0.442423,0.138027,0.98032,0.592345,0.456499,0.178677,0.998762,0.54768,0.451661,0.104084,0.996517,0.556168,0.635346,0.028084,0.999377,0.535647,0.630404,-0.02849,0.998756
2026-08-22 00:30:30,Night_001,No Person Detected,,,,,,,,,,,,,,,,,,,,,,,,,,,,,,,,
2026-08-22 00:30:31,Night_001,Right Side,0.615471,0.446221,0.138772,0.976947,0.598777,0.439877,0.123073,0.974752,0.613309,0.454325,0.245934,0.985924,0.582225,0.441829,0.172976,0.979768,0.602198,0.471945,0.220067,0.998745,0.514293,0.461548,0.148133,0.996447,0.560807,0.637862,0.018457,0.999402,0.518241,0.627417,-0.018638,0.998761
2026-08-22 00:30:31,Night_001,No Person Detected,,,,,,,,,,,,,,,,,,,,,,,,,,,,,,,,
2026-08-22 00:30:31,Night_001,Right Side,0.619661,0.442543,0.093827,0.978671,0.601274,0.435865,0.077073,0.977145,0.614126,0.452736,0.197568,0.98701,0.583034,0.437343,0.120103,0.982326,0.614526,0.468747,0.183042,0.998827,0.513927,0.455763,0.119221,0.996688,0.566967,0.635403,0.012561,0.999403,0.519185,0.624997,-0.012765,0.998728
2026-08-22 00:30:31,Night_001,No Person Detected,,,,,,,,,,,,,,,,,,,,,,,,,,,,,,,,
2026-08-22 00:30:32,Night_001,Right Side,0.61711,0.448783,0.149044,0.981551,0.599216,0.438751,0.129858,0.980232,0.61178,0.453853,0.264369,0.988582,0.582412,0.438603,0.175258,0.98481,0.608639,0.477806,0.235287,0.998847,0.51477,0.457011,0.158769,0.99675,0.563268,0.632933,0.013757,0.999387,0.51865,0.62028,-0.013856,0.99865
2026-08-22 00:30:32,Night_001,No Person Detected,,,,,,,,,,,,,,,,,,,,,,,,,,,,,,,,
2026-08-22 00:30:32,Night_001,Right Side,0.616571,0.445436,0.104303,0.974037,0.598233,0.435522,0.093775,0.973388,0.615296,0.455148,0.206338,0.984511,0.581596,0.441417,0.157481,0.981156,0.61684,0.490214,0.192719,0.998364,0.515851,0.462492,0.149663,0.995936,0.570208,0.644285,0.021541,0.999026,0.511066,0.62393,-0.021604,0.998169
2026-08-22 00:30:32,Night_001,No Person Detected,,,,,,,,,,,,,,,,,,,,,,,,,,,,,,,,
2026-08-22 00:30:32,Night_001,Right Side,0.61792,0.446243,0.154197,0.97504,0.598931,0.438547,0.135941,0.974399,0.615215,0.455009,0.282588,0.984685,0.580525,0.441211,0.198984,0.98185,0.614822,0.488756,0.265636,0.998361,0.515832,0.460487,0.169698,0.99598,0.577578,0.632818,0.028977,0.998935,0.521232,0.617208,-0.029168,0.998011
2026-08-22 00:30:32,Night_001,No Person Detected,,,,,,,,,,,,,,,,,,,,,,,,,,,,,,,,
2026-08-22 00:30:33,Night_001,Right Side,0.618816,0.448467,0.146932,0.975663,0.604141,0.440264,0.128143,0.974677,0.612417,0.453953,0.239777,0.985149,0.585995,0.438019,0.152014,0.981654,0.596581,0.477526,0.214029,0.998289,0.526309,0.454455,0.129437,0.996092,0.558427,0.634619,0.038986,0.998922,0.51618,0.625075,-0.039362,0.998021
2026-08-22 00:30:33,Night_001,No Person Detected,,,,,,,,,,,,,,,,,,,,,,,,,,,,,,,,
2026-08-22 00:30:33,Night_001,Right Side,0.617306,0.457078,0.204925,0.976767,0.604174,0.449415,0.187832,0.975308,0.613086,0.459529,0.279382,0.985963,0.589645,0.444219,0.198553,0.981617,0.591127,0.486571,0.22914,0.998396,0.550104,0.454243,0.165722,0.996386,0.557658,0.642477,0.036772,0.998984,0.528795,0.631122,-0.037249,0.998152
2026-08-22 00:30:33,Night_001,No Person Detected,,,,,,,,,,,,,,,,,,,,,,,,,,,,,,,,
2026-08-22 00:30:33,Night_001,Right Side,0.61271,0.447537,0.188485,0.970796,0.596503,0.441778,0.174062,0.968202,0.611009,0.455068,0.26225,0.982504,0.585054,0.445629,0.196077,0.976064,0.595188,0.457079,0.218757,0.998397,0.544412,0.454459,0.159152,0.996238,0.558513,0.625925,0.017658,0.999068,0.533225,0.624001,-0.018162,0.998297
2026-08-22 00:30:34,Night_001,No Person Detected,,,,,,,,,,,,,,,,,,,,,,,,,,,,,,,,
2026-08-22 00:30:34,Night_001,Right Side,0.616602,0.441954,0.181312,0.978088,0.593899,0.43522,0.170989,0.976012,0.615927,0.453767,0.301582,0.985876,0.581042,0.441256,0.253371,0.982103,0.612202,0.484286,0.252781,0.99867,0.5192,0.460299,0.234294,0.996857,0.572311,0.633534,-0.002037,0.999296,0.524615,0.626504,0.001801,0.998665
2026-08-22 00:30:34,Night_001,No Person Detected,,,,,,,,,,,,,,,,,,,,,,,,,,,,,,,,
2026-08-22 00:30:35,Night_001,Right Side,0.618875,0.444499,0.162443,0.979615,0.600582,0.43757,0.147295,0.977601,0.614415,0.453221,0.268142,0.986711,0.584664,0.440895,0.196762,0.983172,0.617133,0.485587,0.233887,0.998708,0.522343,0.461596,0.180557,0.996378,0.586673,0.639428,0.010039,0.999074,0.529786,0.626792,-0.010041,0.99824
2026-08-22 00:30:35,Night_001,No Person Detected,,,,,,,,,,,,,,,,,,,,,,,,,,,,,,,,
2026-08-22 00:30:35,Night_001,Right Side,0.619144,0.448364,0.160808,0.974377,0.600435,0.44036,0.14468,0.972393,0.615742,0.455795,0.263154,0.98189,0.585717,0.443387,0.188435,0.979277,0.608824,0.472225,0.231666,0.998638,0.524745,0.452995,0.153506,0.994958,0.568095,0.635773,0.028131,0.999209,0.522156,0.624215,-0.028414,0.998403
2026-08-22 00:30:36,Night_001,No Person Detected,,,,,,,,,,,,,,,,,,,,,,,,,,,,,,,,
2026-08-22 00:30:36,Night_001,Right Side,0.614767,0.44399,0.102391,0.976793,0.59713,0.433688,0.08942,0.975011,0.614395,0.457438,0.206002,0.983611,0.58004,0.437225,0.1415,0.981266,0.611827,0.503029,0.18071,0.998747,0.516112,0.466963,0.162336,0.995285,0.572262,0.645919,0.012071,0.999189,0.51684,0.630539,-0.01221,0.998257
2026-08-22 00:30:36,Night_001,No Person Detected,,,,,,,,,,,,,,,,,,,,,,,,,,,,,,,,
2026-08-22 00:30:36,Night_001,Right Side,0.614827,0.446029,0.173014,0.980067,0.596908,0.439007,0.157774,0.978477,0.612206,0.45316,0.277336,0.985911,0.582753,0.442506,0.205367,0.983812,0.60959,0.482612,0.238099,0.998774,0.516392,0.464552,0.186347,0.995471,0.578831,0.635204,0.018361,0.999124,0.525965,0.625136,-0.018525,0.998154
2026-08-22 00:30:37,Night_001,No Person Detected,,,,,,,,,,,,,,,,,,,,,,,,,,,,,,,,
2026-08-22 00:30:38,Night_001,Right Side,0.614735,0.445051,0.15905,0.98105,0.596626,0.436499,0.143571,0.979949,0.613522,0.452609,0.27022,0.98639,0.581453,0.439383,0.198989,0.984925,0.610235,0.478935,0.253247,0.998719,0.516562,0.451547,0.167589,0.995551,0.575979,0.631114,0.036466,0.999209,0.519099,0.615851,-0.036635,0.998353
2026-08-22 00:30:38,Night_001,No Person Detected,,,,,,,,,,,,,,,,,,,,,,,,,,,,,,,,
2026-08-22 00:30:38,Night_001,Right Side,0.614669,0.44211,0.184832,0.980363,0.595447,0.434566,0.168744,0.979631,0.61275,0.449613,0.301746,0.985881,0.580545,0.439428,0.225984,0.984607,0.608297,0.477443,0.259018,0.998695,0.512046,0.45481,0.207131,0.995501,0.577591,0.645237,0.008405,0.999138,0.521818,0.62921,-0.008497,0.998235
2026-08-22 00:30:39,Night_001,No Person Detected,,,,,,,,,,,,,,,,,,,,,,,,,,,,,,,,
2026-08-22 00:30:39,Night_001,Right Side,0.618293,0.452347,0.170677,0.983361,0.603579,0.445473,0.149874,0.982772,0.612463,0.456577,0.253562,0.988277,0.586708,0.444107,0.156668,0.986904,0.591414,0.469625,0.214662,0.998879,0.539483,0.45094,0.117091,0.996181,0.553414,0.639883,0.028852,0.999261,0.529728,0.632477,-0.029367,0.998506
2026-08-22 00:30:39,Night_001,No Person Detected,,,,,,,,,,,,,,,,,,,,,,,,,,,,,,,,
2026-08-22 00:30:40,Night_001,Right Side,0.62205,0.446883,0.1577,0.984479,0.604949,0.438837,0.142496,0.983908,0.618134,0.456005,0.269323,0.989103,0.586124,0.440947,0.1978,0.987774,0.61261,0.494112,0.2386,0.9989,0.521081,0.459997,0.176488,0.996435,0.574753,0.638156,0.02275,0.999233,0.519405,0.620065,-0.022864,0.998492
2026-08-22 00:30:40,Night_001,No Person Detected,,,,,,,,,,,,,,,,,,,,,,,,,,,,,,,,
2026-08-22 00:30:40,Night_001,Right Side,0.619774,0.4462,0.125931,0.983983,0.602674,0.439826,0.109126,0.983333,0.614339,0.451512,0.228741,0.988923,0.58488,0.442536,0.150408,0.987496,0.610549,0.474209,0.203194,0.998914,0.523827,0.455728,0.1337,0.996364,0.568966,0.638469,0.01658,0.999242,0.523919,0.626599,-0.01671,0.998442
2026-08-22 00:30:41,Night_001,No Person Detected,,,,,,,,,,,,,,,,,,,,,,,,,,,,,,,,
2026-08-22 00:30:41,Night_001,Right Side,0.618072,0.449309,0.111892,0.988866,0.601644,0.440794,0.09935,0.988595,0.614589,0.459309,0.226199,0.991991,0.581744,0.43969,0.168936,0.99205,0.619552,0.506963,0.216784,0.998997,0.529337,0.462782,0.135339,0.997484,0.574444,0.631309,0.037111,0.99935,0.517799,0.613323,-0.037201,0.99889
2026-08-22 00:30:42,Night_001,No Person Detected,,,,,,,,,,,,,,,,,,,,,,,,,,,,,,,,
2026-08-22 00:30:42,Night_001,Right Side,0.618138,0.45123,0.153151,0.987342,0.599996,0.443366,0.140272,0.986343,0.61705,0.460118,0.243287,0.991291,0.58381,0.443115,0.184529,0.989922,0.611498,0.474562,0.207223,0.999026,0.535923,0.457174,0.1739,0.997177,0.56802,0.622204,0.017896,0.99938,0.523154,0.616096,-0.018248,0.998908
2026-08-22 00:30:42,Night_001,No Person Detected,,,,,,,,,,,,,,,,,,,,,,,,,,,,,,,,
2026-08-22 00:30:42,Night_001,Right Side,0.616866,0.446366,0.177344,0.986007,0.597218,0.439448,0.16344,0.985146,0.615279,0.455861,0.290561,0.99015,0.581614,0.441805,0.227936,0.989151,0.615768,0.484402,0.269007,0.998822,0.526735,0.457736,0.19061,0.997224,0.578454,0.631197,0.034304,0.999313,0.523768,0.618269,-0.034535,0.998847
2026-08-22 00:30:42,Night_001,No Person Detected,,,,,,,,,,,,,,,,,,,,,,,,,,,,,,,,
2026-08-22 00:30:43,Night_001,Right Side,0.620567,0.449287,0.18504,0.987327,0.602332,0.440726,0.163015,0.986631,0.615128,0.455562,0.292233,0.990565,0.583702,0.441174,0.19158,0.990328,0.600174,0.474861,0.271491,0.998822,0.525125,0.455408,0.145779,0.997753,0.563398,0.641734,0.049909,0.999434,0.525264,0.633107,-0.050357,0.999029
2026-08-22 00:30:43,Night_001,No Person Detected,,,,,,,,,,,,,,,,,,,,,,,,,,,,,,,,
2026-08-22 00:30:47,Night_001,Right Side,0.620666,0.445479,0.173977,0.98756,0.601916,0.435705,0.159397,0.986975,0.614517,0.453863,0.291007,0.990766,0.585614,0.437701,0.224748,0.990743,0.615189,0.480117,0.272066,0.998673,0.524942,0.45561,0.186152,0.997724,0.574175,0.626664,0.033042,0.999246,0.521027,0.616146,-0.033282,0.998785
2026-08-22 00:30:47,Night_001,No Person Detected,,,,,,,,,,,,,,,,,,,,,,,,,,,,,,,,
2026-08-22 00:30:47,Night_001,Right Side,0.621961,0.445455,0.161819,0.988107,0.602202,0.43723,0.148412,0.987527,0.618445,0.455077,0.283322,0.991136,0.584125,0.441499,0.220759,0.99111,0.618996,0.496094,0.242455,0.99868,0.523704,0.463093,0.203417,0.997624,0.578881,0.643541,0.004794,0.998878,0.519656,0.625762,-0.004892,0.998365
2026-08-22 00:30:48,Night_001,No Person Detected,,,,,,,,,,,,,,,,,,,,,,,,,,,,,,,,
2026-08-22 00:30:48,Night_001,Right Side,0.616572,0.438998,0.12138,0.987847,0.597177,0.434186,0.106796,0.987412,0.61578,0.450973,0.234693,0.990751,0.582055,0.440411,0.16671,0.990856,0.618633,0.476802,0.208639,0.998832,0.516298,0.464515,0.153155,0.997427,0.57787,0.64158,0.0126,0.998991,0.524084,0.623885,-0.012675,0.998438
2026-08-22 00:30:48,Night_001,No Person Detected,,,,,,,,,,,,,,,,,,,,,,,,,,,,,,,,
2026-08-22 00:30:49,Night_001,Right Side,0.619802,0.450382,0.128391,0.988486,0.603817,0.437979,0.118315,0.988014,0.618762,0.46277,0.230029,0.991271,0.586042,0.441104,0.182918,0.991301,0.619683,0.506953,0.207402,0.998848,0.523768,0.469562,0.169065,0.997318,0.572958,0.627954,0.016566,0.998857,0.516445,0.616157,-0.016696,0.998276
2026-08-22 00:30:49,Night_001,No Person Detected,,,,,,,,,,,,,,,,,,,,,,,,,,,,,,,,
2026-08-22 00:30:50,Night_001,Right Side,0.617073,0.441768,0.185247,0.986372,0.596722,0.435368,0.167183,0.98575,0.615964,0.450891,0.301311,0.989405,0.581221,0.439804,0.21775,0.989178,0.612968,0.477349,0.273753,0.998708,0.516154,0.454324,0.199002,0.996823,0.581935,0.633845,0.026867,0.998723,0.523342,0.619569,-0.026932,0.997944
2026-08-22 00:30:50,Night_001,No Person Detected,,,,,,,,,,,,,,,,,,,,,,,,,,,,,,,,
2026-08-22 00:30:50,Night_001,Right Side,0.619232,0.44806,0.174424,0.987225,0.601811,0.437838,0.157352,0.986522,0.613979,0.455192,0.279649,0.990063,0.584281,0.439486,0.200215,0.989638,0.604001,0.491887,0.254999,0.998701,0.5223,0.454821,0.167809,0.997035,0.567353,0.63525,0.038577,0.998781,0.519871,0.624642,-0.038794,0.998045
2026-08-22 00:30:50,Night_001,No Person Detected,,,,,,,,,,,,,,,,,,,,,,,,,,,,,,,,
2026-08-22 00:30:51,Night_001,Right Side,0.616956,0.451092,0.201235,0.986821,0.600457,0.443241,0.183493,0.986107,0.61217,0.456334,0.290244,0.990146,0.583795,0.44331,0.207777,0.989096,0.597855,0.477394,0.254612,0.998746,0.53291,0.450498,0.171128,0.997236,0.564951,0.636795,0.043309,0.99888,0.527495,0.629075,-0.0437,0.998206
2026-08-22 00:30:51,Night_001,No Person Detected,,,,,,,,,,,,,,,,,,,,,,,,,,,,,,,,
2026-08-22 00:30:51,Night_001,Right Side,0.617053,0.445097,0.151586,0.985537,0.599489,0.438566,0.138123,0.985193,0.61531,0.45609,0.255389,0.989079,0.582229,0.441786,0.192958,0.988452,0.608803,0.482566,0.230001,0.99861,0.519228,0.451874,0.166219,0.997122,0.566903,0.632116,0.020127,0.998881,0.514418,0.61303,-0.020232,0.998182
2026-08-22 00:30:51,Night_001,No Person Detected,,,,,,,,,,,,,,,,,,,,,,,,,,,,,,,,
2026-08-22 00:30:53,Night_001,Right Side,0.617658,0.44295,0.170773,0.983467,0.597508,0.435933,0.157002,0.982768,0.615932,0.451036,0.281844,0.987526,0.581793,0.441494,0.219537,0.986814,0.617333,0.478477,0.261136,0.998442,0.524597,0.459922,0.186462,0.99689,0.578548,0.627653,0.027412,0.998848,0.519422,0.617241,-0.027675,0.998151
2026-08-22 00:30:53,Night_001,No Person Detected,,,,,,,,,,,,,,,,,,,,,,,,,,,,,,,,
2026-08-22 00:30:53,Night_001,Right Side,0.620028,0.449795,0.113809,0.980396,0.602023,0.441989,0.095907,0.979879,0.614169,0.45573,0.219693,0.986035,0.582284,0.438702,0.138203,0.984732,0.608022,0.477318,0.204075,0.998212,0.514813,0.454466,0.129298,0.99678,0.564858,0.63511,0.02615,0.99878,0.513032,0.621479,-0.026421,0.998094
2026-08-22 00:30:54,Night_001,No Person Detected,,,,,,,,,,,,,,,,,,,,,,,,,,,,,,,,
2026-08-22 00:30:54,Night_001,Right Side,0.616166,0.450568,0.125938,0.98204,0.598107,0.442475,0.108049,0.981612,0.613574,0.456429,0.231365,0.987655,0.581444,0.442246,0.14935,0.986379,0.602162,0.477018,0.212273,0.998376,0.5184,0.45097,0.132096,0.996821,0.556995,0.641723,0.023879,0.999002,0.509768,0.629528,-0.024107,0.998361
2026-08-22 00:30:55,Night_001,No Person Detected,,,,,,,,,,,,,,,,,,,,,,,,,,,,,,,,
2026-08-22 00:30:56,Night_001,Right Side,0.61697,0.444348,0.173502,0.981305,0.597935,0.436574,0.159351,0.981146,0.61562,0.453476,0.285888,0.987728,0.581746,0.440996,0.221921,0.986592,0.613045,0.475321,0.262229,0.998531,0.518231,0.454687,0.186516,0.997114,0.573478,0.6328,0.028767,0.999191,0.518455,0.619987,-0.029138,0.998629
2026-08-22 00:30:56,Night_001,No Person Detected,,,,,,,,,,,,,,,,,,,,,,,,,,,,,,,,
2026-08-22 00:30:57,Night_001,Right Side,0.620273,0.447791,0.06205,0.982657,0.600841,0.436882,0.046169,0.982549,0.620255,0.460944,0.177186,0.988609,0.582799,0.440596,0.104194,0.987663,0.615729,0.50627,0.181914,0.998528,0.521442,0.467998,0.083888,0.99734,0.572896,0.641876,0.046634,0.999099,0.511327,0.626328,-0.046811,0.998612
2026-08-22 00:30:57,Night_001,No Person Detected,,,,,,,,,,,,,,,,,,,,,,,,,,,,,,,,
2026-08-22 00:30:57,Night_001,Right Side,0.616435,0.447064,0.197471,0.98155,0.600204,0.43842,0.181138,0.981245,0.611686,0.455152,0.300063,0.988447,0.584763,0.441787,0.224504,0.987056,0.600795,0.484498,0.261517,0.998573,0.518427,0.457819,0.184764,0.997455,0.564696,0.644021,0.026035,0.999159,0.516019,0.631925,-0.026474,0.99871
2026-08-22 00:30:58,Night_001,No Person Detected,,,,,,,,,,,,,,,,,,,,,,,,,,,,,,,,
2026-08-22 00:30:58,Night_001,Right Side,0.622505,0.448165,0.158878,0.985585,0.602209,0.437666,0.145779,0.985415,0.617829,0.458156,0.268939,0.991011,0.585059,0.439255,0.206957,0.990179,0.612438,0.494054,0.245406,0.998701,0.522094,0.466637,0.191629,0.997637,0.565311,0.637847,0.021641,0.999229,0.507971,0.622585,-0.02175,0.998752
2026-08-22 00:30:58,Night_001,No Person Detected,,,,,,,,,,,,,,,,,,,,,,,,,,,,,,,,
2026-08-22 00:30:59,Night_001,Right Side,0.618944,0.451185,0.172457,0.98618,0.601736,0.44205,0.14921,0.985706,0.613758,0.456137,0.274054,0.99131,0.584057,0.442019,0.166553,0.990082,0.598264,0.484396,0.257431,0.998729,0.528222,0.454758,0.130839,0.997764,0.564412,0.640142,0.050049,0.999242,0.525178,0.627756,-0.050451,0.998771
2026-08-22 00:31:00,Night_001,No Person Detected,,,,,,,,,,,,,,,,,,,,,,,,,,,,,,,,
2026-08-22 00:31:00,Night_001,Right Side,0.619345,0.447568,0.159321,0.987091,0.602927,0.440384,0.1431,0.986535,0.612424,0.453247,0.26131,0.991858,0.584897,0.437817,0.187447,0.990737,0.608665,0.470743,0.241787,0.998763,0.524321,0.448742,0.15577,0.997918,0.569419,0.63077,0.032876,0.999304,0.518645,0.623053,-0.033096,0.99889
2026-08-22 00:31:00,Night_001,No Person Detected,,,,,,,,,,,,,,,,,,,,,,,,,,,,,,,,
2026-08-22 00:31:00,Night_001,Right Side,0.615758,0.443838,0.161071,0.986647,0.597744,0.43627,0.142864,0.985844,0.614705,0.452705,0.27889,0.990794,0.581542,0.440111,0.195244,0.990035,0.616618,0.487052,0.26194,0.998519,0.519205,0.4562,0.163526,0.997913,0.584546,0.638599,0.039626,0.99922,0.525283,0.623461,-0.039802,0.998779
2026-08-22 00:31:00,Night_001,No Person Detected,,,,,,,,,,,,,,,,,,,,,,,,,,,,,,,,
2026-08-22 00:31:00,Night_001,Right Side,0.616412,0.443008,0.141537,0.98619,0.596434,0.436414,0.125594,0.985266,0.614301,0.453206,0.251633,0.990508,0.579979,0.440324,0.178028,0.989122,0.614198,0.482468,0.229995,0.998536,0.516293,0.456989,0.157569,0.99774,0.574029,0.639611,0.025614,0.999223,0.520514,0.62487,-0.025728,0.998723
2026-08-22 00:31:01,Night_001,No Person Detected,,,,,,,,,,,,,,,,,,,,,,,,,,,,,,,,
2026-08-22 00:31:02,Night_001,Right Side,0.620534,0.446515,0.082491,0.988681,0.603059,0.435198,0.071202,0.988317,0.617768,0.459592,0.186275,0.991886,0.585057,0.439478,0.131525,0.991686,0.615368,0.508421,0.179603,0.99864,0.515742,0.462318,0.129611,0.998064,0.55833,0.647757,0.025686,0.999209,0.498499,0.625051,-0.025749,0.998796
2026-08-22 00:31:02,Night_001,No Person Detected,,,,,,,,,,,,,,,,,,,,,,,,,,,,,,,,
2026-08-22 00:31:02,Night_001,Right Side,0.613849,0.446402,0.161586,0.988628,0.596866,0.438192,0.148257,0.987989,0.610912,0.453219,0.271979,0.991769,0.581393,0.440012,0.208504,0.991461,0.609074,0.479262,0.222975,0.998645,0.519299,0.4621,0.189063,0.997556,0.570709,0.630953,-0.004143,0.999183,0.526304,0.624773,0.003976,0.998647
2026-08-22 00:31:02,Night_001,No Person Detected,,,,,,,,,,,,,,,,,,,,,,,,,,,,,,,,
2026-08-22 00:31:03,Night_001,Right Side,0.615726,0.447229,0.147228,0.989268,0.597025,0.437487,0.134317,0.988888,0.615709,0.458944,0.256323,0.992332,0.580549,0.439463,0.197205,0.992404,0.605782,0.49271,0.249402,0.998505,0.509793,0.46241,0.177577,0.997867,0.562024,0.636648,0.030252,0.999061,0.498313,0.62129,-0.030451,0.998719
2026-08-22 00:31:03,Night_001,No Person Detected,,,,,,,,,,,,,,,,,,,,,,,,,,,,,,,,
2026-08-22 00:31:04,Night_001,Right Side,0.619298,0.447774,0.185959,0.989109,0.600176,0.437856,0.16275,0.988691,0.614747,0.45517,0.306233,0.992241,0.581187,0.439034,0.199382,0.992191,0.600877,0.49636,0.303195,0.998417,0.512289,0.451215,0.145034,0.997952,0.564985,0.634327,0.069086,0.999021,0.510549,0.621396,-0.069326,0.998702
2026-08-22 00:31:05,Night_001,No Person Detected,,,,,,,,,,,,,,,,,,,,,,,,,,,,,,,,
2026-08-22 00:31:05,Night_001,Right Side,0.618885,0.447519,0.197869,0.990039,0.601018,0.435226,0.18157,0.989671,0.614294,0.457898,0.316884,0.992933,0.58518,0.435769,0.241047,0.992915,0.606558,0.49314,0.293523,0.998504,0.517748,0.458456,0.194024,0.998138,0.570001,0.632468,0.044409,0.999045,0.514376,0.619425,-0.044595,0.99875
2026-08-22 00:31:05,Night_001,No Person Detected,,,,,,,,,,,,,,,,,,,,,,,,,,,,,,,,
2026-08-22 00:31:05,Night_001,Right Side,0.620748,0.452218,0.121131,0.990662,0.603515,0.439582,0.108538,0.990292,0.619124,0.461288,0.228575,0.993422,0.587124,0.441788,0.17117,0.993421,0.613624,0.501726,0.219105,0.998481,0.519093,0.461774,0.150296,0.998223,0.562901,0.642326,0.027102,0.999018,0.504143,0.624534,-0.027335,0.998789
2026-08-22 00:31:05,Night_001,No Person Detected,,,,,,,,,,,,,,,,,,,,,,,,,,,,,,,,
2026-08-22 00:31:06,Night_001,Right Side,0.616955,0.44325,0.157111,0.988501,0.597994,0.438194,0.141987,0.987899,0.615318,0.451167,0.2525,0.991699,0.583834,0.443075,0.184392,0.990764,0.622496,0.472555,0.214636,0.998375,0.532813,0.456516,0.15866,0.997323,0.586389,0.632896,0.0119,0.998958,0.534145,0.625212,-0.012185,0.99868
2026-08-22 00:31:06,Night_001,No Person Detected,,,,,,,,,,,,,,,,,,,,,,,,,,,,,,,,
2026-08-22 00:31:08,Night_001,Right Side,0.619555,0.451718,0.168936,0.989559,0.60324,0.437724,0.155784,0.989006,0.617518,0.46301,0.276576,0.992444,0.586082,0.440414,0.215206,0.991635,0.609421,0.509248,0.265662,0.998384,0.525198,0.462666,0.189125,0.997553,0.564907,0.633002,0.030852,0.998876,0.507008,0.618105,-0.030982,0.998686
2026-08-22 00:31:08,Night_001,No Person Detected,,,,,,,,,,,,,,,,,,,,,,,,,,,,,,,,
2026-08-22 00:31:09,Night_001,Right Side,0.620025,0.451271,0.217827,0.98963,0.604256,0.442519,0.201957,0.988948,0.614989,0.457893,0.31673,0.992634,0.587086,0.442759,0.242695,0.991688,0.60189,0.478968,0.272731,0.998362,0.529928,0.452032,0.208396,0.997506,0.563873,0.631252,0.028546,0.998905,0.518673,0.620753,-0.028816,0.998673
2026-08-22 00:31:09,Night_001,No Person Detected,,,,,,,,,,,,,,,,,,,,,,,,,,,,,,,,
2026-08-22 00:31:10,Night_001,Right Side,0.617783,0.445249,0.157721,0.989851,0.597294,0.436797,0.142717,0.989095,0.615161,0.454291,0.268657,0.992852,0.579696,0.44012,0.199448,0.991768,0.613367,0.477825,0.239989,0.998415,0.517676,0.455227,0.179526,0.997475,0.572021,0.6329,0.020605,0.998967,0.519496,0.622491,-0.020768,0.99871
2026-08-22 00:31:10,Night_001,No Person Detected,,,,,,,,,,,,,,,,,,,,,,,,,,,,,,,,
2026-08-22 00:31:11,Night_001,Right Side,0.618719,0.449248,0.129664,0.985281,0.599022,0.441007,0.115711,0.98467,0.615163,0.458608,0.227956,0.989167,0.586061,0.443832,0.163277,0.989101,0.609384,0.475504,0.20179,0.998401,0.527287,0.452646,0.141483,0.99738,0.564916,0.644905,0.017447,0.999183,0.517633,0.63109,-0.017705,0.998952
2026-08-22 00:31:11,Night_001,No Person Detected,,,,,,,,,,,,,,,,,,,,,,,,,,,,,,,,
2026-08-22 00:31:12,Night_001,Right Side,0.618547,0.446217,0.122464,0.986676,0.60015,0.438138,0.107467,0.98531,0.61584,0.456115,0.237196,0.990812,0.58229,0.440414,0.167157,0.990263,0.608524,0.489538,0.218516,0.998681,0.517136,0.460996,0.149895,0.996165,0.56817,0.638599,0.019778,0.999279,0.516858,0.623224,-0.019907,0.998825
2026-08-22 00:31:12,Night_001,No Person Detected,,,,,,,,,,,,,,,,,,,,,,,,,,,,,,,,
2026-08-22 00:31:13,Night_001,Right Side,0.62162,0.445402,0.161439,0.987874,0.603773,0.434983,0.144521,0.986479,0.617551,0.454635,0.287552,0.991323,0.585511,0.435467,0.205864,0.990887,0.610888,0.495053,0.253927,0.998652,0.520096,0.450474,0.178925,0.996453,0.574038,0.647003,0.021429,0.999089,0.517766,0.629125,-0.02151,0.99851
2026-08-22 00:31:14,Night_001,No Person Detected,,,,,,,,,,,,,,,,,,,,,,,,,,,,,,,,
2026-08-22 00:31:14,Night_001,Right Side,0.622187,0.447897,0.176685,0.989316,0.603568,0.442989,0.158477,0.988031,0.619214,0.454039,0.269585,0.99248,0.58519,0.442796,0.186315,0.992014,0.614807,0.476817,0.233267,0.998807,0.542059,0.456158,0.153955,0.996966,0.581159,0.637741,0.032662,0.999273,0.544839,0.631268,-0.033186,0.998773
2026-08-22 00:31:14,Night_001,No Person Detected,,,,,,,,,,,,,,,,,,,,,,,,,,,,,,,,
2026-08-22 00:31:14,Night_001,Right Side,0.619993,0.445501,0.165732,0.989021,0.602671,0.438956,0.149831,0.987834,0.615164,0.454058,0.262436,0.992277,0.585723,0.442451,0.18877,0.991576,0.612933,0.475807,0.22119,0.998834,0.532005,0.457755,0.159525,0.996924,0.574629,0.635882,0.016051,0.999307,0.534652,0.628604,-0.016469,0.998802
2026-08-22 00:31:14,Night_001,No Person Detected,,,,,,,,,,,,,,,,,,,,,,,,,,,,,,,,
2026-08-22 00:31:15,Night_001,Right Side,0.617044,0.446466,0.114092,0.988484,0.599546,0.438407,0.094053,0.987032,0.615628,0.455219,0.218009,0.99204,0.584961,0.442089,0.124354,0.991156,0.600485,0.476007,0.200563,0.998867,0.52709,0.455754,0.106567,0.997177,0.556313,0.643594,0.027917,0.999425,0.522932,0.63069,-0.028218,0.998972
2026-08-22 00:31:16,Night_001,No Person Detected,,,,,,,,,,,,,,,,,,,,,,,,,,,,,,,,
2026-08-22 00:31:16,Night_001,Right Side,0.614363,0.445003,0.097882,0.979101,0.597199,0.439777,0.082374,0.975502,0.613287,0.451146,0.191817,0.986732,0.58461,0.443098,0.121101,0.982777,0.607055,0.462081,0.173672,0.998908,0.535414,0.447088,0.110831,0.996595,0.563128,0.635374,0.009605,0.999567,0.529376,0.629892,-0.010017,0.999166
2026-08-22 00:31:16,Night_001,No Person Detected,,,,,,,,,,,,,,,,,,,,,,,,,,,,,,,,
2026-08-22 00:31:17,Night_001,Right Side,0.619222,0.447061,0.147367,0.980736,0.603244,0.436212,0.135268,0.977451,0.618452,0.460155,0.259197,0.987809,0.586928,0.437124,0.202718,0.984242,0.614962,0.499643,0.237253,0.998909,0.527354,0.459557,0.181093,0.996765,0.570594,0.628596,0.021105,0.999537,0.515083,0.610688,-0.021313,0.999142
2026-08-22 00:31:17,Night_001,No Person Detected,,,,,,,,,,,,,,,,,,,,,,,,,,,,,,,,
2026-08-22 00:31:17,Night_001,Right Side,0.613851,0.440707,0.192595,0.980583,0.594951,0.434139,0.174381,0.977966,0.609659,0.448326,0.301456,0.987453,0.579789,0.439467,0.217858,0.984686,0.600578,0.468529,0.252613,0.998822,0.520315,0.458805,0.191582,0.996647,0.570244,0.633387,0.001906,0.999504,0.532446,0.629332,-0.002449,0.99905
2026-08-22 00:31:17,Night_001,No Person Detected,,,,,,,,,,,,,,,,,,,,,,,,,,,,,,,,
2026-08-22 00:31:17,Night_001,Right Side,0.617844,0.454262,0.131255,0.981114,0.603636,0.445245,0.116731,0.978812,0.614721,0.46265,0.240786,0.988006,0.585709,0.443166,0.172503,0.985416,0.609912,0.501844,0.216676,0.998595,0.521561,0.459579,0.156024,0.996588,0.556277,0.648905,0.028294,0.999068,0.497124,0.622878,-0.028289,0.998593
2026-08-22 00:31:17,Night_001,No Person Detected,,,,,,,,,,,,,,,,,,,,,,,,,,,,,,,,
2026-08-22 00:31:18,Night_001,Right Side,0.617949,0.444731,0.140119,0.979173,0.600132,0.436986,0.123857,0.977255,0.614956,0.452439,0.252457,0.986806,0.582465,0.436081,0.177749,0.984236,0.611229,0.483248,0.234576,0.998444,0.515446,0.461663,0.15469,0.996408,0.565865,0.642801,0.024382,0.999083,0.515054,0.626815,-0.024541,0.998541
2026-08-22 00:31:18,Night_001,No Person Detected,,,,,,,,,,,,,,,,,,,,,,,,,,,,,,,,
2026-08-22 00:31:19,Night_001,Right Side,0.615973,0.464092,0.282094,0.981176,0.606425,0.451934,0.258814,0.979309,0.608997,0.46317,0.388106,0.98803,0.591433,0.441907,0.279152,0.985454,0.567782,0.498707,0.381398,0.997741,0.548314,0.447785,0.172467,0.996714,0.53355,0.607042,0.086177,0.998948,0.517358,0.581569,-0.086443,0.998491
2026-08-22 00:31:19,Night_001,No Person Detected,,,,,,,,,,,,,,,,,,,,,,,,,,,,,,,,
2026-08-22 00:31:20,Night_001,Right Side,0.618078,0.44349,0.151045,0.982259,0.60069,0.436076,0.137011,0.980577,0.614934,0.453327,0.265895,0.988676,0.581891,0.439603,0.199019,0.986348,0.604306,0.482427,0.232142,0.997885,0.514662,0.460448,0.188025,0.996838,0.566289,0.63592,0.007781,0.998982,0.516141,0.619738,-0.00786,0.99848
2026-08-22 00:31:20,Night_001,No Person Detected,,,,,,,,,,,,,,,,,,,,,,,,,,,,,,,,
2026-08-22 00:31:21,Night_001,Right Side,0.615005,0.441665,0.173585,0.981689,0.596823,0.435792,0.155669,0.980718,0.609903,0.447789,0.272839,0.988155,0.581755,0.441777,0.191122,0.986314,0.603199,0.468955,0.234455,0.998141,0.529252,0.45304,0.156629,0.997205,0.5681,0.640535,0.024396,0.999134,0.529337,0.628393,-0.024882,0.998672
2026-08-22 00:31:21,Night_001,No Person Detected,,,,,,,,,,,,,,,,,,,,,,,,,,,,,,,,
2026-08-22 00:31:21,Night_001,Right Side,0.614842,0.450925,0.145718,0.983327,0.598597,0.441363,0.131722,0.9822,0.613616,0.458792,0.246266,0.989395,0.586266,0.443332,0.18153,0.988221,0.609285,0.486579,0.223213,0.998373,0.526523,0.45893,0.15383,0.99574,0.567278,0.638697,0.028879,0.999309,0.518148,0.620446,-0.029338,0.998801
2026-08-22 00:31:21,Night_001,No Person Detected,,,,,,,,,,,,,,,,,,,,,,,,,,,,,,,,
2026-08-22 00:31:21,Night_001,Right Side,0.620194,0.449062,0.113765,0.981992,0.600798,0.437579,0.102567,0.98125,0.616458,0.459422,0.210173,0.988849,0.585136,0.439896,0.157185,0.987864,0.611964,0.493116,0.18925,0.998291,0.525663,0.462244,0.151887,0.995314,0.560199,0.644166,0.016872,0.999151,0.510013,0.62122,-0.01692,0.998356
2026-08-22 00:31:22,Night_001,No Person Detected,,,,,,,,,,,,,,,,,,,,,,,,,,,,,,,,
2026-08-22 00:31:22,Night_001,Right Side,0.618165,0.446336,0.145081,0.97334,0.59826,0.442487,0.126909,0.972165,0.615408,0.451633,0.243712,0.982669,0.586063,0.443549,0.162397,0.980477,0.617689,0.470567,0.230434,0.998232,0.534504,0.457278,0.128434,0.995363,0.580285,0.630361,0.038172,0.999215,0.538128,0.628632,-0.038572,0.998472
2026-08-22 00:31:22,Night_001,No Person Detected,,,,,,,,,,,,,,,,,,,,,,,,,,,,,,,,
2026-08-22 00:31:23,Night_001,Right Side,0.619687,0.445892,0.153553,0.978079,0.602604,0.43469,0.139289,0.976705,0.619636,0.458834,0.267294,0.985557,0.58634,0.435462,0.201055,0.983973,0.61363,0.499213,0.254888,0.998361,0.522752,0.458754,0.17116,0.99604,0.572741,0.628383,0.034909,0.999261,0.514641,0.613823,-0.035152,0.998685
2026-08-22 00:31:23,Night_001,No Person Detected,,,,,,,,,,,,,,,,,,,,,,,,,,,,,,,,
2026-08-22 00:31:24,Night_001,Right Side,0.61506,0.44906,0.144793,0.979065,0.599496,0.440243,0.131565,0.977528,0.614532,0.459423,0.243802,0.986323,0.584816,0.442286,0.182338,0.984454,0.605862,0.485536,0.215725,0.998315,0.529717,0.458149,0.155766,0.995961,0.561981,0.639838,0.022838,0.999281,0.516964,0.623619,-0.023214,0.998684
2026-08-22 00:31:24,Night_001,No Person Detected,,,,,,,,,,,,,,,,,,,,,,,,,,,,,,,,
2026-08-22 00:31:24,Night_001,Right Side,0.61974,0.447189,0.192575,0.977116,0.600359,0.439118,0.176644,0.975515,0.615519,0.453919,0.300597,0.984503,0.583572,0.441156,0.2272,0.982612,0.616922,0.481054,0.269516,0.998192,0.522896,0.458166,0.199983,0.995473,0.586174,0.630429,0.022995,0.999068,0.525834,0.61737,-0.023134,0.998359
2026-08-22 00:31:24,Night_001,No Person Detected,,,,,,,,,,,,,,,,,,,,,,,,,,,,,,,,
2026-08-22 00:31:25,Night_001,Right Side,0.621122,0.445838,0.15013,0.978906,0.603719,0.435281,0.131596,0.977453,0.615341,0.454808,0.269862,0.985662,0.584787,0.435613,0.183991,0.983974,0.61415,0.49037,0.24318,0.998274,0.516313,0.453782,0.15341,0.995686,0.574638,0.642612,0.02623,0.999038,0.519907,0.623461,-0.026412,0.998322
2026-08-22 00:31:25,Night_001,No Person Detected,,,,,,,,,,,,,,,,,,,,,,,,,,,,,,,,
2026-08-22 00:31:26,Night_001,Right Side,0.616725,0.45162,0.133145,0.976617,0.601853,0.442455,0.117327,0.974509,0.614833,0.457969,0.222699,0.985009,0.587611,0.442876,0.149905,0.981872,0.602899,0.473161,0.19389,0.998179,0.530804,0.451691,0.135452,0.995347,0.559386,0.639035,0.021552,0.999089,0.515398,0.628583,-0.021874,0.998391
2026-08-22 00:31:26,Night_001,No Person Detected,,,,,,,,,,,,,,,,,,,,,,,,,,,,,,,,
2026-08-22 00:31:27,Night_001,Right Side,0.616623,0.450252,0.183822,0.97216,0.598586,0.440973,0.167548,0.971252,0.613393,0.457484,0.286202,0.981327,0.583221,0.442929,0.212185,0.978929,0.601482,0.47412,0.256492,0.997872,0.522543,0.451765,0.175597,0.995742,0.563468,0.634998,0.028388,0.999157,0.515955,0.625679,-0.028686,0.998548
2026-08-22 00:31:27,Night_001,No Person Detected,,,,,,,,,,,,,,,,,,,,,,,,,,,,,,,,
2026-08-22 00:31:27,Night_001,Right Side,0.616468,0.440566,0.174312,0.972982,0.597958,0.43487,0.16341,0.971917,0.615107,0.451297,0.281348,0.981593,0.58269,0.439649,0.229626,0.978971,0.613329,0.481522,0.239416,0.997923,0.520858,0.455339,0.204729,0.995537,0.578139,0.631832,0.009473,0.999093,0.52137,0.618169,-0.009587,0.998432
2026-08-22 00:31:27,Night_001,No Person Detected,,,,,,,,,,,,,,,,,,,,,,,,,,,,,,,,
2026-08-22 00:31:29,Night_001,Right Side,0.619934,0.441002,0.095123,0.972871,0.599982,0.434409,0.079493,0.97154,0.619025,0.451962,0.207059,0.981039,0.582173,0.439004,0.133983,0.977884,0.615469,0.481901,0.190247,0.997946,0.516144,0.460909,0.122442,0.995345,0.571025,0.646514,0.017113,0.999091,0.518761,0.626944,-0.017121,0.998368
2026-08-22 00:31:29,Night_001,No Person Detected,,,,,,,,,,,,,,,,,,,,,,,,,,,,,,,,
2026-08-22 00:31:30,Night_001,Right Side,0.619395,0.4496,0.182104,0.974309,0.599614,0.439897,0.166162,0.973216,0.615044,0.45903,0.302771,0.982097,0.581906,0.44175,0.230513,0.97945,0.611748,0.49029,0.280424,0.997918,0.516187,0.461919,0.198241,0.995679,0.574095,0.635204,0.031153,0.999067,0.515986,0.620016,-0.031365,0.998401
2026-08-22 00:31:30,Night_001,No Person Detected,,,,,,,,,,,,,,,,,,,,,,,,,,,,,,,,
2026-08-22 00:31:30,Night_001,Right Side,0.620227,0.45002,0.163999,0.973611,0.59993,0.4406,0.147584,0.972603,0.61496,0.456083,0.27109,0.981757,0.582736,0.441837,0.195913,0.979206,0.611744,0.477609,0.244805,0.997883,0.521009,0.450786,0.175688,0.995689,0.571111,0.636758,0.020314,0.999053,0.51857,0.624015,-0.020383,0.998371
2026-08-22 00:31:30,Night_001,No Person Detected,,,,,,,,,,,,,,,,,,,,,,,,,,,,,,,,
2026-08-22 00:31:31,Night_001,Right Side,0.617988,0.452731,0.195616,0.978522,0.605828,0.445249,0.168796,0.977599,0.609677,0.456257,0.251465,0.984864,0.59049,0.44475,0.129644,0.983291,0.570476,0.464335,0.241223,0.998244,0.560524,0.446973,0.053209,0.996663,0.546633,0.630673,0.073439,0.999218,0.536671,0.623788,-0.073895,0.998685
2026-08-22 00:31:31,Night_001,No Person Detected,,,,,,,,,,,,,,,,,,,,,,,,,,,,,,,,
2026-08-22 00:31:31,Night_001,Right Side,0.617327,0.447709,0.180749,0.980127,0.601111,0.440738,0.162242,0.979183,0.614363,0.456704,0.284223,0.986032,0.58504,0.439919,0.196876,0.984435,0.596322,0.48486,0.254698,0.998328,0.519574,0.457846,0.170537,0.996855,0.556928,0.640089,0.032727,0.999261,0.518678,0.630228,-0.032997,0.99874
2026-08-22 00:31:31,Night_001,No Person Detected,,,,,,,,,,,,,,,,,,,,,,,,,,,,,,,,
2026-08-22 00:31:32,Night_001,Right Side,0.621217,0.4478,0.175901,0.982647,0.601486,0.438043,0.162075,0.98165,0.617709,0.456654,0.282845,0.987777,0.586336,0.441456,0.219007,0.986388,0.617736,0.487413,0.255951,0.998345,0.527301,0.4602,0.18726,0.99698,0.579485,0.630911,0.027881,0.999186,0.518513,0.616346,-0.028052,0.998703
2026-08-22 00:31:32,Night_001,No Person Detected,,,,,,,,,,,,,,,,,,,,,,,,,,,,,,,,
2026-08-22 00:31:32,Night_001,Right Side,0.615315,0.4405,0.220689,0.979414,0.595692,0.433929,0.205059,0.978507,0.609854,0.449536,0.338951,0.984557,0.579854,0.438975,0.26849,0.983396,0.60739,0.480705,0.308725,0.998127,0.516738,0.45462,0.211114,0.99708,0.576914,0.620734,0.034824,0.999181,0.519814,0.609365,-0.035195,0.998753
2026-08-22 00:31:32,Night_001,No Person Detected,,,,,,,,,,,,,,,,,,,,,,,,,,,,,,,,
2026-08-22 00:31:33,Night_001,Right Side,0.621054,0.446469,0.16117,0.978119,0.603247,0.438551,0.141141,0.977123,0.616613,0.45437,0.282182,0.983726,0.584082,0.435669,0.190116,0.982161,0.61067,0.482794,0.261393,0.997997,0.519878,0.454178,0.155967,0.99712,0.570861,0.637228,0.041481,0.999201,0.521255,0.621208,-0.041753,0.998765
2026-08-22 00:31:33,Night_001,No Person Detected,,,,,,,,,,,,,,,,,,,,,,,,,,,,,,,,
2026-08-22 00:31:34,Night_001,Right Side,0.618341,0.445611,0.126509,0.976514,0.599813,0.438533,0.112572,0.975236,0.614058,0.455738,0.224023,0.983196,0.583082,0.441209,0.160173,0.98065,0.615203,0.469984,0.197201,0.99804,0.532289,0.449273,0.1498,0.99682,0.574563,0.633231,0.014972,0.999211,0.528729,0.624486,-0.015314,0.998733
2026-08-22 00:31:34,Night_001,No Person Detected,,,,,,,,,,,,,,,,,,,,,,,,,,,,,,,,
2026-08-22 00:31:35,Night_001,Right Side,0.623154,0.447129,0.153034,0.977628,0.606484,0.439452,0.1346,0.976398,0.617467,0.454064,0.264026,0.983864,0.586317,0.441306,0.178353,0.981571,0.613061,0.486219,0.247413,0.998096,0.518563,0.452212,0.154066,0.996921,0.575194,0.630165,0.036547,0.999182,0.520042,0.614725,-0.036646,0.998678
2026-08-22 00:31:35,Night_001,No Person Detected,,,,,,,,,,,,,,,,,,,,,,,,,,,,,,,,
2026-08-22 00:31:35,Night_001,Right Side,0.621604,0.444491,0.175629,0.979214,0.602913,0.436219,0.158866,0.978041,0.618236,0.454668,0.296695,0.984927,0.585386,0.440305,0.219419,0.982943,0.614905,0.496051,0.276872,0.998144,0.525984,0.459778,0.18943,0.997068,0.579381,0.628893,0.037518,0.999079,0.521178,0.614659,-0.037783,0.998542
2026-08-22 00:31:35,Night_001,No Person Detected,,,,,,,,,,,,,,,,,,,,,,,,,,,,,,,,
2026-08-22 00:31:36,Night_001,Right Side,0.619509,0.440921,0.143061,0.97985,0.600851,0.434204,0.125905,0.978694,0.61637,0.451888,0.262954,0.985423,0.582573,0.439243,0.182452,0.983132,0.61385,0.481885,0.223159,0.998246,0.513746,0.461958,0.172746,0.996519,0.574183,0.643459,0.008105,0.99904,0.522374,0.625778,-0.008176,0.998331
2026-08-22 00:31:36,Night_001,No Person Detected,,,,,,,,,,,,,,,,,,,,,,,,,,,,,,,,
2026-08-22 00:31:36,Night_001,Right Side,0.618654,0.448916,0.077225,0.981294,0.600429,0.435821,0.063829,0.980257,0.616981,0.461823,0.188728,0.986617,0.582644,0.438402,0.124604,0.984551,0.613469,0.507662,0.186346,0.998303,0.517724,0.459472,0.118783,0.996639,0.560181,0.636384,0.031275,0.998923,0.499079,0.616407,-0.031369,0.998243
2026-08-22 00:31:36,Night_001,No Person Detected,,,,,,,,,,,,,,,,,,,,,,,,,,,,,,,,
2026-08-22 00:31:37,Night_001,Right Side,0.619791,0.445857,0.127332,0.981943,0.599454,0.438171,0.110849,0.980837,0.615501,0.455353,0.242132,0.987081,0.583145,0.442438,0.166036,0.984883,0.618816,0.486875,0.225138,0.998362,0.515663,0.458505,0.151035,0.996619,0.5799,0.64289,0.022108,0.998882,0.519852,0.626501,-0.022156,0.998125
2026-08-22 00:31:37,Night_001,No Person Detected,,,,,,,,,,,,,,,,,,,,,,,,,,,,,,,,
2026-08-22 00:31:38,Night_001,Right Side,0.620258,0.449782,0.192971,0.983408,0.601455,0.438733,0.175847,0.982327,0.618543,0.458198,0.308107,0.98813,0.583193,0.439961,0.228163,0.986077,0.60801,0.497802,0.283167,0.998384,0.521247,0.459412,0.18997,0.99683,0.572779,0.6283,0.040453,0.998908,0.515801,0.61747,-0.040659,0.998199
2026-08-22 00:31:38,Night_001,No Person Detected,,,,,,,,,,,,,,,,,,,,,,,,,,,,,,,,
2026-08-22 00:31:38,Night_001,Right Side,0.620476,0.445292,0.184236,0.983946,0.60073,0.437199,0.170809,0.982767,0.616301,0.454646,0.294039,0.988522,0.585341,0.440431,0.231224,0.986314,0.609957,0.483534,0.253413,0.998379,0.527499,0.451978,0.203255,0.996809,0.57087,0.63138,0.01919,0.998907,0.519538,0.619997,-0.019394,0.998181
2026-08-22 00:31:38,Night_001,No Person Detected,,,,,,,,,,,,,,,,,,,,,,,,,,,,,,,,
2026-08-22 00:31:39,Night_001,Right Side,0.616754,0.446692,0.164842,0.985002,0.599316,0.437046,0.142339,0.983824,0.613176,0.455721,0.290368,0.989235,0.580322,0.437921,0.187107,0.987308,0.612155,0.5022,0.2856,0.998178,0.518097,0.45827,0.144929,0.996936,0.582305,0.639411,0.057036,0.998802,0.515627,0.622786,-0.057311,0.998143
2026-08-22 00:31:39,Night_001,No Person Detected,,,,,,,,,,,,,,,,,,,,,,,,,,,,,,,,
2026-08-22 00:31:39,Night_001,Right Side,0.617279,0.443043,0.070455,0.981836,0.601248,0.435762,0.055687,0.980551,0.613153,0.454195,0.167933,0.987849,0.581021,0.435576,0.098472,0.985944,0.604401,0.477842,0.163655,0.998059,0.503382,0.457852,0.102151,0.996332,0.5536,0.642169,0.018328,0.998709,0.499234,0.622447,-0.018253,0.997946
2026-08-22 00:31:39,Night_001,No Person Detected,,,,,,,,,,,,,,,,,,,,,,,,,,,,,,,,
2026-08-22 00:31:42,Night_001,Right Side,0.617005,0.447695,0.077366,0.983791,0.598945,0.435057,0.064952,0.982572,0.615493,0.457001,0.182321,0.989332,0.582397,0.439505,0.125028,0.987624,0.615843,0.493343,0.185077,0.998287,0.516594,0.461632,0.118849,0.996707,0.567205,0.645865,0.027934,0.998718,0.503885,0.627434,-0.028046,0.998069
2026-08-22 00:31:42,Night_001,No Person Detected,,,,,,,,,,,,,,,,,,,,,,,,,,,,,,,,
2026-08-22 00:31:42,Night_001,Right Side,0.619068,0.443323,0.160664,0.982825,0.59925,0.436121,0.14647,0.981424,0.616797,0.453895,0.272705,0.988595,0.581037,0.439676,0.207828,0.986391,0.61897,0.471999,0.242673,0.998273,0.515577,0.459881,0.182566,0.996438,0.577617,0.631243,0.01852,0.998786,0.519977,0.620724,-0.018668,0.998147
2026-08-22 00:31:42,Night_001,No Person Detected,,,,,,,,,,,,,,,,,,,,,,,,,,,,,,,,
2026-08-22 00:31:44,Night_001,Right Side,0.616573,0.456091,0.179739,0.983924,0.602339,0.444833,0.162418,0.982542,0.613556,0.461439,0.275224,0.989437,0.586771,0.442059,0.194873,0.987333,0.593999,0.486906,0.252526,0.998389,0.528312,0.456737,0.179175,0.996715,0.552899,0.627679,0.031788,0.998862,0.516325,0.617384,-0.032157,0.998255
2026-08-22 00:31:44,Night_001,No Person Detected,,,,,,,,,,,,,,,,,,,,,,,,,,,,,,,,
2026-08-22 00:31:45,Night_001,Right Side,0.620123,0.446545,0.167036,0.983707,0.60254,0.439194,0.151759,0.982399,0.617359,0.455166,0.265226,0.989279,0.585121,0.437993,0.19573,0.987034,0.617415,0.474065,0.236468,0.998334,0.519337,0.455036,0.163886,0.996766,0.578389,0.635164,0.02586,0.998882,0.522306,0.623266,-0.026138,0.998307
2026-08-22 00:31:45,Night_001,No Person Detected,,,,,,,,,,,,,,,,,,,,,,,,,,,,,,,,
2026-08-22 00:31:45,Night_001,Right Side,0.620068,0.442053,0.169018,0.983739,0.600593,0.43511,0.154341,0.982544,0.617969,0.453231,0.28823,0.989121,0.582029,0.43885,0.221227,0.987148,0.616462,0.48424,0.267841,0.998241,0.518206,0.45711,0.194314,0.996759,0.579083,0.629938,0.026679,0.998851,0.519322,0.618626,-0.026875,0.998265
2026-08-22 00:31:46,Night_001,No Person Detected,,,,,,,,,,,,,,,,,,,,,,,,,,,,,,,,
2026-08-22 00:31:47,Night_001,Right Side,0.620163,0.451979,0.095888,0.984708,0.602694,0.442503,0.077559,0.983456,0.61786,0.458927,0.213074,0.989741,0.58435,0.442296,0.127041,0.987675,0.608498,0.484151,0.197126,0.998291,0.513607,0.455219,0.110249,0.996752,0.566865,0.649098,0.027795,0.998867,0.515665,0.63309,-0.027937,0.998218
2026-08-22 00:31:47,Night_001,No Person Detected,,,,,,,,,,,,,,,,,,,,,,,,,,,,,,,,
2026-08-22 00:31:48,Night_001,Right Side,0.616906,0.442843,0.140519,0.984233,0.59715,0.433588,0.125966,0.982943,0.615168,0.452766,0.249496,0.98951,0.581643,0.437964,0.181967,0.986766,0.612469,0.47704,0.221999,0.998307,0.515919,0.457373,0.164021,0.996224,0.570697,0.63977,0.01621,0.998938,0.520278,0.629169,-0.016401,0.998273
2026-08-22 00:31:48,Night_001,No Person Detected,,,,,,,,,,,,,,,,,,,,,,,,,,,,,,,,
2026-08-22 00:31:48,Night_001,Right Side,0.614051,0.450266,0.221729,0.984325,0.602477,0.443928,0.20681,0.983171,0.610008,0.456148,0.27248,0.9897,0.586237,0.444397,0.204407,0.985504,0.588545,0.469702,0.206798,0.998541,0.552919,0.455494,0.15737,0.996771,0.556812,0.620589,0.025919,0.999113,0.534082,0.60985,-0.026561,0.998572
2026-08-22 00:31:48,Night_001,No Person Detected,,,,,,,,,,,,,,,,,,,,,,,,,,,,,,,,
2026-08-22 00:31:49,Night_001,Right Side,0.619804,0.451468,0.208625,0.984187,0.602194,0.444352,0.1914,0.98309,0.614972,0.456652,0.309776,0.989459,0.585087,0.442261,0.230072,0.985373,0.606716,0.4748,0.280211,0.998534,0.534091,0.448462,0.190373,0.996955,0.56868,0.628905,0.044482,0.999177,0.525181,0.618989,-0.044866,0.998666
2026-08-22 00:31:49,Night_001,No Person Detected,,,,,,,,,,,,,,,,,,,,,,,,,,,,,,,,
2026-08-22 00:31:50,Night_001,Right Side,0.612544,0.439422,0.128234,0.98374,0.593931,0.433538,0.116229,0.982291,0.610999,0.450419,0.237775,0.989197,0.578482,0.43866,0.182246,0.984919,0.613996,0.481086,0.216273,0.998572,0.515935,0.457811,0.16636,0.996416,0.576163,0.639917,0.010351,0.999149,0.514446,0.621557,-0.010364,0.998569
2026-08-22 00:31:50,Night_001,No Person Detected,,,,,,,,,,,,,,,,,,,,,,,,,,,,,,,,
2026-08-22 00:31:51,Night_001,Right Side,0.621228,0.448536,0.157161,0.983149,0.603494,0.439429,0.139441,0.981562,0.616426,0.456185,0.267888,0.988855,0.584448,0.441357,0.185671,0.984063,0.61116,0.479983,0.243134,0.998576,0.517233,0.454357,0.155012,0.996432,0.57055,0.635983,0.035607,0.999179,0.518544,0.621864,-0.035848,0.99859
2026-08-22 00:31:51,Night_001,No Person Detected,,,,,,,,,,,,,,,,,,,,,,,,,,,,,,,,
2026-08-22 00:31:51,Night_001,Right Side,0.61868,0.447342,0.161153,0.984124,0.601003,0.435463,0.147275,0.982662,0.614098,0.459295,0.273799,0.989646,0.584679,0.437491,0.210087,0.98533,0.610532,0.49507,0.252965,0.998616,0.516192,0.462049,0.180069,0.996678,0.566441,0.639889,0.028449,0.999148,0.509149,0.622353,-0.028612,0.998573
2026-08-22 00:31:51,Night_001,No Person Detected,,,,,,,,,,,,,,,,,,,,,,,,,,,,,,,,
2026-08-22 00:31:53,Night_001,Right Side,0.615413,0.440247,0.161042,0.979222,0.592717,0.43462,0.146843,0.977576,0.615541,0.449382,0.281869,0.985722,0.578832,0.440552,0.216724,0.981229,0.623691,0.473922,0.243567,0.998553,0.522493,0.459997,0.201016,0.995418,0.58732,0.636923,0.002371,0.999067,0.532758,0.627541,-0.002574,0.99828
2026-08-22 00:31:53,Night_001,No Person Detected,,,,,,,,,,,,,,,,,,,,,,,,,,,,,,,,
2026-08-22 00:31:54,Night_001,Right Side,0.616485,0.454323,0.132804,0.979194,0.602301,0.443365,0.118311,0.977545,0.614724,0.462139,0.224419,0.986083,0.587544,0.443097,0.156272,0.981531,0.604743,0.488994,0.194591,0.998515,0.521793,0.457526,0.149066,0.995477,0.557656,0.638697,0.020779,0.999075,0.509273,0.616455,-0.020962,0.998287
2026-08-22 00:31:54,Night_001,No Person Detected,,,,,,,,,,,,,,,,,,,,,,,,,,,,,,,,
2026-08-22 00:31:54,Night_001,Right Side,0.616427,0.451059,0.280282,0.980848,0.604235,0.439746,0.262237,0.979124,0.611658,0.460979,0.389466,0.986847,0.586913,0.439347,0.305914,0.982576,0.599493,0.50531,0.360896,0.996499,0.536449,0.452743,0.222581,0.995687,0.562289,0.613182,0.06178,0.998352,0.515051,0.589347,-0.062118,0.997712
2026-08-22 00:31:54,Night_001,No Person Detected,,,,,,,,,,,,,,,,,,,,,,,,,,,,,,,,
2026-08-22 00:31:56,Night_001,Right Side,0.616016,0.446409,0.152328,0.981658,0.596967,0.437842,0.137661,0.980231,0.613643,0.454618,0.266765,0.987299,0.580892,0.439408,0.199261,0.983598,0.614661,0.485017,0.231349,0.996573,0.518375,0.460247,0.175881,0.995726,0.573348,0.634391,0.009304,0.998407,0.523429,0.619983,-0.009493,0.997753
2026-08-22 00:31:56,Night_001,No Person Detected,,,,,,,,,,,,,,,,,,,,,,,,,,,,,,,,
2026-08-22 00:31:56,Night_001,Right Side,0.618767,0.444517,0.177474,0.982071,0.598252,0.437382,0.161597,0.98066,0.61422,0.4519,0.278831,0.987415,0.583301,0.441669,0.205356,0.983969,0.617338,0.481747,0.241206,0.996652,0.524253,0.46176,0.180874,0.995144,0.582049,0.631865,0.016585,0.99836,0.526187,0.621997,-0.016712,0.997639
2026-08-22 00:31:56,Night_001,No Person Detected,,,,,,,,,,,,,,,,,,,,,,,,,,,,,,,,
2026-08-22 00:31:57,Night_001,Right Side,0.61944,0.451587,0.212148,0.983374,0.599942,0.439923,0.192682,0.982069,0.613442,0.457382,0.325536,0.988384,0.581277,0.440421,0.235322,0.98523,0.596057,0.492153,0.296478,0.996861,0.510673,0.457431,0.199036,0.995589,0.562482,0.633403,0.042195,0.998484,0.511107,0.622359,-0.042509,0.997835
2026-08-22 00:31:57,Night_001,No Person Detected,,,,,,,,,,,,,,,,,,,,,,,,,,,,,,,,
2026-08-22 00:31:57,Night_001,Right Side,0.61972,0.454625,0.399197,0.983323,0.604013,0.443347,0.380263,0.978673,0.615837,0.46422,0.5275,0.988115,0.586251,0.44104,0.44393,0.981335,0.605863,0.509164,0.461178,0.995962,0.531942,0.453789,0.355994,0.996243,0.571857,0.620755,0.040899,0.998621,0.518471,0.595204,-0.041498,0.998151
2026-08-22 00:31:57,Night_001,No Person Detected,,,,,,,,,,,,,,,,,,,,,,,,,,,,,,,,
2026-08-22 00:31:58,Night_001,Right Side,0.617194,0.445443,0.105426,0.981222,0.600926,0.437013,0.089167,0.976573,0.612569,0.453258,0.207416,0.987139,0.585213,0.439012,0.133312,0.980302,0.607158,0.468951,0.19427,0.996217,0.52387,0.450947,0.113702,0.996245,0.564142,0.637396,0.023505,0.998712,0.518112,0.63039,-0.023868,0.99825
2026-08-22 00:31:58,Night_001,No Person Detected,,,,,,,,,,,,,,,,,,,,,,,,,,,,,,,,
2026-08-22 00:31:58,Night_001,Right Side,0.61786,0.442911,0.131977,0.979226,0.599233,0.43678,0.1217,0.974315,0.615404,0.45112,0.227143,0.986243,0.58217,0.441681,0.179274,0.979172,0.618847,0.476127,0.202106,0.996408,0.517886,0.462814,0.168455,0.995843,0.575825,0.639121,0.012136,0.998744,0.51327,0.625767,-0.012156,0.998233
2026-08-22 00:31:58,Night_001,No Person Detected,,,,,,,,,,,,,,,,,,,,,,,,,,,,,,,,
2026-08-22 00:31:59,Night_001,Right Side,0.61302,0.440191,0.131325,0.976401,0.592951,0.434155,0.113047,0.971664,0.610478,0.449536,0.254203,0.984041,0.579304,0.439977,0.168993,0.976886,0.608043,0.478536,0.2208,0.996618,0.511039,0.457766,0.150332,0.995067,0.574118,0.650141,0.009472,0.998784,0.519299,0.637425,-0.00976,0.998169
2026-08-22 00:31:59,Night_001,No Person Detected,,,,,,,,,,,,,,,,,,,,,,,,,,,,,,,,
2026-08-22 00:32:01,Night_001,Right Side,0.613436,0.442554,0.211449,0.968735,0.593286,0.435061,0.197262,0.964649,0.611581,0.450863,0.31317,0.977221,0.578801,0.439401,0.249028,0.972261,0.610293,0.473241,0.286406,0.996505,0.518296,0.453991,0.209984,0.993199,0.579557,0.617337,0.029466,0.998483,0.518252,0.60461,-0.029578,0.997755
2026-08-22 00:32:01,Night_001,No Person Detected,,,,,,,,,,,,,,,,,,,,,,,,,,,,,,,,
2026-08-22 00:32:02,Night_001,Right Side,0.615218,0.451971,0.133842,0.968303,0.599778,0.443748,0.116416,0.964555,0.606991,0.458283,0.244998,0.977418,0.580853,0.442621,0.165444,0.972935,0.594243,0.486125,0.225773,0.99646,0.508388,0.451742,0.147108,0.993609,0.555759,0.645668,0.01965,0.998561,0.500098,0.629563,-0.019994,0.997909
2026-08-22 00:32:02,Night_001,No Person Detected,,,,,,,,,,,,,,,,,,,,,,,,,,,,,,,,
2026-08-22 00:32:03,Night_001,Right Side,0.616557,0.445799,0.178018,0.971774,0.597313,0.439623,0.163133,0.967489,0.614904,0.452561,0.277693,0.980113,0.583756,0.440697,0.207963,0.974802,0.603435,0.474919,0.245597,0.997022,0.530574,0.45573,0.187747,0.994553,0.566872,0.626075,0.023324,0.998794,0.530619,0.62541,-0.023662,0.998221
2026-08-22 00:32:03,Night_001,No Person Detected,,,,,,,,,,,,,,,,,,,,,,,,,,,,,,,,
2026-08-22 00:32:03,Night_001,Right Side,0.619719,0.446471,0.163997,0.969088,0.600552,0.440454,0.146639,0.964561,0.615221,0.450209,0.257961,0.978572,0.585943,0.443463,0.179555,0.971712,0.614539,0.468877,0.230834,0.997134,0.533386,0.458677,0.136101,0.994757,0.578908,0.635825,0.037564,0.998875,0.536646,0.630582,-0.037965,0.998321
2026-08-22 00:32:03,Night_001,No Person Detected,,,,,,,,,,,,,,,,,,,,,,,,,,,,,,,,
2026-08-22 00:32:03,Night_001,Right Side,0.616239,0.447614,0.162946,0.960414,0.597983,0.443326,0.147303,0.955754,0.612,0.449768,0.23986,0.972806,0.58346,0.444183,0.169111,0.961687,0.612291,0.45995,0.203796,0.997161,0.541259,0.451393,0.133979,0.994561,0.577677,0.631484,0.028052,0.998921,0.53896,0.628542,-0.028454,0.998356
2026-08-22 00:32:03,Night_001,No Person Detected,,,,,,,,,,,,,,,,,,,,,,,,,,,,,,,,
2026-08-22 00:32:04,Night_001,Right Side,0.622777,0.4482,0.071331,0.96331,0.603397,0.437143,0.053437,0.959132,0.618042,0.458118,0.194151,0.974818,0.584523,0.440315,0.108454,0.964781,0.609043,0.503047,0.181318,0.997317,0.50952,0.464666,0.100667,0.994424,0.563341,0.660229,0.017583,0.998927,0.506448,0.633931,-0.017618,0.998205
2026-08-22 00:32:04,Night_001,No Person Detected,,,,,,,,,,,,,,,,,,,,,,,,,,,,,,,,
2026-08-22 00:32:05,Night_001,Right Side,0.618533,0.446421,0.154288,0.968483,0.596873,0.440745,0.142379,0.964536,0.617719,0.451668,0.247304,0.978196,0.583553,0.443936,0.194401,0.969192,0.625032,0.46259,0.208795,0.997829,0.535274,0.447816,0.170286,0.995391,0.582484,0.627261,0.014647,0.999094,0.535942,0.624946,-0.015006,0.998509
2026-08-22 00:32:05,Night_001,No Person Detected,,,,,,,,,,,,,,,,,,,,,,,,,,,,,,,,
2026-08-22 00:32:06,Night_001,Right Side,0.618872,0.445153,0.140744,0.970763,0.598232,0.436655,0.123702,0.96704,0.615085,0.452716,0.257971,0.979877,0.583228,0.439437,0.179347,0.971539,0.603804,0.481078,0.231503,0.997969,0.51684,0.459073,0.164189,0.995619,0.563566,0.638438,0.017531,0.999155,0.521175,0.630424,-0.017863,0.998578
2026-08-22 00:32:06,Night_001,No Person Detected,,,,,,,,,,,,,,,,,,,,,,,,,,,,,,,,
2026-08-22 00:32:06,Night_001,Right Side,0.617174,0.442993,0.184229,0.971674,0.597571,0.43725,0.17076,0.967778,0.615342,0.453882,0.283973,0.980684,0.583661,0.442144,0.223004,0.971992,0.617189,0.470862,0.253014,0.998097,0.527662,0.452833,0.18905,0.996009,0.582297,0.629354,0.02949,0.99923,0.525533,0.623621,-0.029752,0.998718
2026-08-22 00:32:06,Night_001,No Person Detected,,,,,,,,,,,,,,,,,,,,,,,,,,,,,,,,
2026-08-22 00:32:10,Night_001,Right Side,0.619912,0.445248,0.17331,0.973387,0.600885,0.436311,0.159875,0.969677,0.615274,0.455685,0.277602,0.981892,0.583591,0.434895,0.215342,0.973656,0.609083,0.476188,0.238302,0.998092,0.518739,0.453009,0.193562,0.995835,0.566744,0.627775,0.012433,0.999252,0.518823,0.620802,-0.012572,0.998713
2026-08-22 00:32:10,Night_001,No Person Detected,,,,,,,,,,,,,,,,,,,,,,,,,,,,,,,,
2026-08-22 00:32:10,Night_001,Right Side,0.613543,0.438123,0.130851,0.974364,0.589805,0.434383,0.116783,0.971036,0.614999,0.447785,0.255292,0.982303,0.574717,0.440295,0.189299,0.97489,0.628894,0.480242,0.231708,0.998192,0.510867,0.463151,0.184173,0.995503,0.594952,0.65489,0.002782,0.999194,0.523278,0.638529,-0.002922,0.99854
2026-08-22 00:32:11,Night_001,No Person Detected,,,,,,,,,,,,,,,,,,,,,,,,,,,,,,,,
2026-08-22 00:32:12,Night_001,Right Side,0.617374,0.450397,0.132136,0.979464,0.599377,0.437207,0.116949,0.976636,0.617711,0.462744,0.244375,0.98565,0.582886,0.440521,0.174214,0.980367,0.611215,0.503412,0.240758,0.998307,0.519149,0.461497,0.149163,0.995339,0.570781,0.633774,0.043293,0.999214,0.512876,0.619558,-0.043526,0.998545
2026-08-22 00:32:12,Night_001,No Person Detected,,,,,,,,,,,,,,,,,,,,,,,,,,,,,,,,
2026-08-22 00:32:13,Night_001,Right Side,0.615546,0.446378,0.17532,0.981238,0.597867,0.43597,0.159595,0.978632,0.615018,0.456505,0.28828,0.986909,0.582669,0.437883,0.213545,0.982046,0.603312,0.492482,0.261741,0.998409,0.518408,0.45793,0.189951,0.995635,0.568274,0.640807,0.029492,0.99925,0.517649,0.629563,-0.02967,0.998589
2026-08-22 00:32:13,Night_001,No Person Detected,,,,,,,,,,,,,,,,,,,,,,,,,,,,,,,,
2026-08-22 00:32:13,Night_001,Right Side,0.61726,0.445425,0.154806,0.980732,0.600317,0.437343,0.140596,0.978532,0.615796,0.457247,0.254812,0.987345,0.584681,0.440848,0.18972,0.983115,0.610098,0.476377,0.233149,0.998182,0.519639,0.459545,0.1615,0.995659,0.565241,0.637677,0.02717,0.999299,0.510288,0.622067,-0.027329,0.998703
2026-08-22 00:32:13,Night_001,No Person Detected,,,,,,,,,,,,,,,,,,,,,,,,,,,,,,,,
2026-08-22 00:32:14,Night_001,Right Side,0.615561,0.453679,0.273105,0.983741,0.602779,0.439171,0.255034,0.981971,0.613114,0.4621,0.424575,0.988973,0.588025,0.436779,0.342944,0.985904,0.608829,0.517685,0.406993,0.997713,0.531823,0.450957,0.26379,0.996327,0.574376,0.619067,0.043607,0.99925,0.515954,0.588993,-0.043871,0.998837
2026-08-22 00:32:14,Night_001,No Person Detected,,,,,,,,,,,,,,,,,,,,,,,,,,,,,,,,
2026-08-22 00:32:16,Night_001,Right Side,0.616859,0.450394,0.118468,0.981011,0.599249,0.441067,0.104088,0.979589,0.614434,0.461023,0.230384,0.987872,0.58118,0.441896,0.163705,0.985277,0.605735,0.496391,0.218884,0.997656,0.502015,0.465571,0.145059,0.996115,0.557845,0.650482,0.019358,0.999213,0.496498,0.625043,-0.019391,0.998736
2026-08-22 00:32:16,Night_001,No Person Detected,,,,,,,,,,,,,,,,,,,,,,,,,,,,,,,,
2026-08-22 00:32:16,Night_001,Right Side,0.617633,0.451228,0.075048,0.980017,0.602004,0.443385,0.056143,0.9785,0.613409,0.457651,0.16415,0.987385,0.585454,0.441932,0.076074,0.984295,0.598204,0.475848,0.146687,0.997687,0.521109,0.45373,0.064139,0.996205,0.555417,0.643796,0.022969,0.99925,0.522131,0.630298,-0.023262,0.998775
2026-08-22 00:32:16,Night_001,No Person Detected,,,,,,,,,,,,,,,,,,,,,,,,,,,,,,,,
2026-08-22 00:32:16,Night_001,Right Side,0.615528,0.440766,0.154259,0.978833,0.59773,0.435337,0.140378,0.976789,0.613802,0.450386,0.257447,0.985997,0.582173,0.440793,0.19307,0.981882,0.617964,0.476662,0.221053,0.997597,0.515035,0.461734,0.182544,0.995023,0.584217,0.634395,0.008616,0.998958,0.525718,0.627701,-0.008625,0.998241
2026-08-22 00:32:17,Night_001,No Person Detected,,,,,,,,,,,,,,,,,,,,,,,,,,,,,,,,
2026-08-22 00:32:17,Night_001,Right Side,0.616639,0.450748,0.135342,0.979579,0.600905,0.442212,0.118077,0.977673,0.614104,0.459717,0.23487,0.986687,0.585064,0.442522,0.154586,0.982775,0.599177,0.482303,0.202713,0.997645,0.521017,0.453453,0.143888,0.995077,0.552716,0.636544,0.017377,0.998974,0.512139,0.623509,-0.017566,0.998201
2026-08-22 00:32:17,Night_001,No Person Detected,,,,,,,,,,,,,,,,,,,,,,,,,,,,,,,,
2026-08-22 00:32:18,Night_001,Right Side,0.614582,0.446138,0.182381,0.978307,0.594901,0.442089,0.167051,0.977184,0.613954,0.451877,0.270071,0.985795,0.582909,0.443369,0.199507,0.982546,0.612061,0.468429,0.226779,0.997679,0.535449,0.460962,0.171748,0.995141,0.582812,0.635263,0.012259,0.999044,0.545461,0.631689,-0.012638,0.998301
2026-08-22 00:32:18,Night_001,No Person Detected,,,,,,,,,,,,,,,,,,,,,,,,,,,,,,,,
2026-08-22 00:32:19,Night_001,Right Side,0.619248,0.451088,0.19074,0.980249,0.602269,0.44099,0.173704,0.979166,0.614776,0.457368,0.295623,0.987088,0.585046,0.441187,0.215941,0.984089,0.601437,0.48347,0.264341,0.997864,0.527868,0.44818,0.180337,0.995576,0.560181,0.632849,0.036538,0.999109,0.5187,0.624079,-0.036779,0.99841
2026-08-22 00:32:19,Night_001,No Person Detected,,,,,,,,,,,,,,,,,,,,,,,,,,,,,,,,
2026-08-22 00:32:21,Night_001,Right Side,0.62083,0.444889,0.104833,0.981923,0.602466,0.435046,0.091649,0.981412,0.61619,0.457133,0.209417,0.987725,0.585716,0.43762,0.146642,0.986328,0.614573,0.498378,0.194261,0.997833,0.519757,0.463766,0.131117,0.995516,0.560402,0.647904,0.027207,0.998836,0.505459,0.622783,-0.027169,0.997778
2026-08-22 00:32:21,Night_001,No Person Detected,,,,,,,,,,,,,,,,,,,,,,,,,,,,,,,,
2026-08-22 00:32:22,Night_001,Right Side,0.615323,0.444694,0.064293,0.980695,0.597167,0.438302,0.046191,0.979947,0.612918,0.45144,0.18315,0.987282,0.579594,0.437013,0.097754,0.985814,0.605897,0.472883,0.168592,0.997964,0.513129,0.449845,0.102944,0.995354,0.565089,0.645189,0.005737,0.998891,0.517893,0.630842,-0.006007,0.997808
2026-08-22 00:32:22,Night_001,No Person Detected,,,,,,,,,,,,,,,,,,,,,,,,,,,,,,,,
2026-08-22 00:32:23,Night_001,Right Side,0.617879,0.441698,0.155347,0.98288,0.599648,0.435407,0.138325,0.982114,0.615543,0.450708,0.272445,0.988706,0.583262,0.437333,0.193385,0.987307,0.611637,0.480768,0.234775,0.99819,0.523572,0.457718,0.169237,0.995425,0.567758,0.644151,0.006842,0.999007,0.522726,0.632161,-0.00704,0.99795
2026-08-22 00:32:23,Night_001,No Person Detected,,,,,,,,,,,,,,,,,,,,,,,,,,,,,,,,
2026-08-22 00:32:25,Night_001,Right Side,0.61878,0.442468,0.188888,0.983637,0.597966,0.43611,0.17093,0.982938,0.615098,0.451206,0.303195,0.989077,0.584373,0.440982,0.220065,0.987806,0.61587,0.478889,0.270545,0.998244,0.515375,0.45858,0.204898,0.995348,0.58152,0.638782,0.015586,0.998956,0.527176,0.627402,-0.015751,0.997834
2026-08-22 00:32:25,Night_001,No Person Detected,,,,,,,,,,,,,,,,,,,,,,,,,,,,,,,,
2026-08-22 00:32:25,Night_001,Right Side,0.622613,0.446555,0.187546,0.984208,0.605391,0.435354,0.169069,0.983229,0.61754,0.455839,0.306211,0.989433,0.585258,0.439997,0.220241,0.987659,0.607517,0.496441,0.295013,0.998222,0.5177,0.459881,0.180903,0.995611,0.572424,0.641531,0.051701,0.998973,0.517432,0.634684,-0.051908,0.997923
2026-08-22 00:32:25,Night_001,No Person Detected,,,,,,,,,,,,,,,,,,,,,,,,,,,,,,,,
2026-08-22 00:32:25,Night_001,Right Side,0.617281,0.444864,0.102327,0.985745,0.599528,0.436382,0.089103,0.985106,0.615755,0.456452,0.205286,0.990509,0.583932,0.437446,0.14301,0.989455,0.617024,0.495392,0.197339,0.998376,0.51923,0.465679,0.138795,0.996283,0.571016,0.644503,0.026342,0.999045,0.511849,0.626194,-0.026539,0.998145
2026-08-22 00:32:25,Night_001,No Person Detected,,,,,,,,,,,,,,,,,,,,,,,,,,,,,,,,
2026-08-22 00:32:25,Night_001,Right Side,0.621583,0.445257,0.191021,0.985935,0.601527,0.435429,0.177473,0.985344,0.616647,0.455474,0.317008,0.99046,0.583851,0.440415,0.253017,0.989607,0.615826,0.493797,0.273391,0.998279,0.519059,0.455877,0.229156,0.996251,0.574875,0.641234,0.01021,0.998852,0.517959,0.625236,-0.010302,0.997913
2026-08-22 00:32:26,Night_001,No Person Detected,,,,,,,,,,,,,,,,,,,,,,,,,,,,,,,,
2026-08-22 00:32:27,Night_001,Right Side,0.614289,0.447317,0.180908,0.988547,0.599206,0.438514,0.164905,0.988172,0.609019,0.455254,0.281667,0.992275,0.582948,0.441152,0.207125,0.992118,0.596979,0.486365,0.252576,0.998799,0.523028,0.451191,0.177009,0.997462,0.561992,0.637595,0.028677,0.999259,0.516597,0.625772,-0.029056,0.998669
2026-08-22 00:32:27,Night_001,No Person Detected,,,,,,,,,,,,,,,,,,,,,,,,,,,,,,,,
2026-08-22 00:32:28,Night_001,Right Side,0.614681,0.440044,0.151865,0.984909,0.595335,0.436338,0.13794,0.983042,0.614176,0.448998,0.249119,0.989127,0.581827,0.439105,0.185861,0.986949,0.617713,0.467644,0.216653,0.998228,0.519708,0.461341,0.158448,0.995185,0.590174,0.628354,0.00584,0.999174,0.536438,0.625001,-0.006084,0.998525
2026-08-22 00:32:28,Night_001,No Person Detected,,,,,,,,,,,,,,,,,,,,,,,,,,,,,,,,
2026-08-22 00:32:28,Night_001,Right Side,0.621399,0.442013,0.156774,0.984328,0.601753,0.433032,0.141971,0.982557,0.619343,0.455833,0.266588,0.988349,0.583767,0.436508,0.200397,0.986759,0.626118,0.487734,0.253019,0.998102,0.526864,0.457554,0.17172,0.995423,0.588007,0.62753,0.032598,0.999068,0.52266,0.613417,-0.03277,0.998498
2026-08-22 00:32:28,Night_001,No Person Detected,,,,,,,,,,,,,,,,,,,,,,,,,,,,,,,,
2026-08-22 00:32:28,Night_001,Right Side,0.619503,0.450261,0.179908,0.983005,0.602562,0.44597,0.159186,0.981113,0.61426,0.45508,0.237013,0.987654,0.588269,0.447125,0.142527,0.984787,0.590288,0.466323,0.191843,0.998151,0.555783,0.460821,0.089799,0.995622,0.564819,0.647441,0.041341,0.999124,0.549481,0.646554,-0.041963,0.998573
2026-08-22 00:32:29,Night_001,No Person Detected,,,,,,,,,,,,,,,,,,,,,,,,,,,,,,,,
2026-08-22 00:32:29,Night_001,Right Side,0.615849,0.442003,0.197853,0.985632,0.595874,0.437631,0.184383,0.984183,0.613519,0.450457,0.302664,0.989139,0.58015,0.442481,0.240386,0.987252,0.61595,0.471675,0.242991,0.998371,0.523095,0.457059,0.22413,0.995476,0.585117,0.640165,-0.01627,0.999099,0.536644,0.632163,0.015924,0.998515
2026-08-22 00:32:30,Night_001,No Person Detected,,,,,,,,,,,,,,,,,,,,,,,,,,,,,,,,
2026-08-22 00:32:30,Night_001,Right Side,0.619084,0.442809,0.150467,0.980936,0.601202,0.435744,0.137701,0.97857,0.616832,0.454839,0.260827,0.985809,0.583643,0.440497,0.200785,0.983691,0.613311,0.480574,0.227799,0.99835,0.515828,0.460051,0.178596,0.99443,0.569139,0.633928,0.0091,0.999164,0.520388,0.618699,-0.009175,0.998503
2026-08-22 00:32:31,Night_001,No Person Detected,,,,,,,,,,,,,,,,,,,,,,,,,,,,,,,,
2026-08-22 00:32:32,Night_001,Right Side,0.61295,0.451414,0.082487,0.973776,0.598758,0.444669,0.066484,0.971841,0.610144,0.455426,0.169151,0.982448,0.585193,0.444244,0.096856,0.978985,0.605425,0.477666,0.165563,0.997835,0.52446,0.447905,0.089201,0.994135,0.557393,0.642616,0.02244,0.999129,0.511359,0.628413,-0.022767,0.998482
2026-08-22 00:32:32,Night_001,No Person Detected,,,,,,,,,,,,,,,,,,,,,,,,,,,,,,,,
2026-08-22 00:32:33,Night_001,Right Side,0.619587,0.446303,0.129362,0.971155,0.600012,0.435885,0.112873,0.96979,0.614134,0.453148,0.232394,0.980703,0.58324,0.436897,0.155524,0.977314,0.606216,0.473467,0.206465,0.997764,0.515168,0.447257,0.134262,0.994085,0.569064,0.633652,0.019724,0.999063,0.514824,0.618363,-0.019869,0.998366
2026-08-22 00:32:33,Night_001,No Person Detected,,,,,,,,,,,,,,,,,,,,,,,,,,,,,,,,
2026-08-22 00:32:33,Night_001,Right Side,0.616253,0.437867,0.161763,0.970238,0.597519,0.432599,0.143542,0.968654,0.613693,0.446979,0.28069,0.979874,0.581395,0.435498,0.197558,0.976492,0.611963,0.471623,0.25025,0.997745,0.523048,0.456952,0.16454,0.993782,0.576125,0.639662,0.017083,0.999025,0.527056,0.62866,-0.017434,0.998206
2026-08-22 00:32:33,Night_001,No Person Detected,,,,,,,,,,,,,,,,,,,,,,,,,,,,,,,,
2026-08-22 00:32:34,Night_001,Right Side,0.618744,0.451528,0.135365,0.972741,0.600442,0.440615,0.120285,0.971306,0.614744,0.457745,0.249775,0.981638,0.584379,0.438759,0.180915,0.978573,0.614594,0.494736,0.234389,0.997882,0.526259,0.456281,0.155502,0.994345,0.569242,0.64136,0.026413,0.999032,0.513967,0.623687,-0.026682,0.998305
2026-08-22 00:32:34,Night_001,No Person Detected,,,,,,,,,,,,,,,,,,,,,,,,,,,,,,,,
2026-08-22 00:32:37,Night_001,Right Side,0.619832,0.448224,0.150118,0.969219,0.60262,0.441597,0.131604,0.967691,0.615259,0.454363,0.2459,0.979629,0.585225,0.442538,0.160623,0.97463,0.608429,0.473462,0.220524,0.997896,0.527535,0.45043,0.137844,0.994441,0.570223,0.635482,0.030866,0.999077,0.525337,0.625989,-0.031149,0.998354
2026-08-22 00:32:37,Night_001,No Person Detected,,,,,,,,,,,,,,,,,,,,,,,,,,,,,,,,
2026-08-22 00:32:38,Night_001,Right Side,0.617246,0.446369,0.201644,0.97087,0.597948,0.437734,0.187598,0.969346,0.614348,0.454686,0.31128,0.980669,0.582628,0.440811,0.246378,0.975867,0.60947,0.479928,0.277685,0.997938,0.522268,0.454207,0.213568,0.994768,0.572937,0.629283,0.028444,0.999109,0.520511,0.622035,-0.028704,0.99841
2026-08-22 00:32:38,Night_001,No Person Detected,,,,,,,,,,,,,,,,,,,,,,,,,,,,,,,,
2026-08-22 00:32:39,Night_001,Right Side,0.620116,0.453326,0.160033,0.973283,0.602113,0.440834,0.145277,0.971896,0.614602,0.462007,0.27237,0.982326,0.586377,0.441389,0.20398,0.977996,0.608964,0.495815,0.252278,0.998011,0.525617,0.456593,0.175804,0.995208,0.561975,0.642869,0.030488,0.999036,0.51045,0.623131,-0.030787,0.998419
2026-08-22 00:32:39,Night_001,No Person Detected,,,,,,,,,,,,,,,,,,,,,,,,,,,,,,,,
2026-08-22 00:32:39,Night_001,Right Side,0.61754,0.450611,0.103759,0.974729,0.602333,0.441366,0.089248,0.973611,0.611477,0.455563,0.198768,0.983456,0.583933,0.440204,0.132155,0.979584,0.609914,0.490672,0.185692,0.997872,0.516997,0.464505,0.123842,0.995434,0.565403,0.64107,0.024589,0.99894,0.51005,0.625638,-0.024653,0.998331
2026-08-22 00:32:39,Night_001,No Person Detected,,,,,,,,,,,,,,,,,,,,,,,,,,,,,,,,
2026-08-22 00:32:39,Night_001,Right Side,0.617436,0.443389,0.186554,0.976226,0.600116,0.434597,0.175021,0.975042,0.615332,0.45305,0.297428,0.984383,0.585378,0.442714,0.245029,0.980838,0.620991,0.481028,0.271543,0.997961,0.524094,0.463576,0.210292,0.995737,0.581028,0.629181,0.027012,0.998935,0.521747,0.620963,-0.027202,0.998373
2026-08-22 00:32:39,Night_001,No Person Detected,,,,,,,,,,,,,,,,,,,,,,,,,,,,,,,,
2026-08-22 00:32:40,Night_001,Right Side,0.622454,0.447455,0.060962,0.975271,0.601164,0.436438,0.04304,0.974403,0.616442,0.455745,0.171641,0.983967,0.579607,0.436686,0.08721,0.981395,0.610596,0.484712,0.166851,0.997944,0.505291,0.464814,0.10048,0.995326,0.563604,0.655125,0.015556,0.998884,0.50767,0.642814,-0.015811,0.998142
2026-08-22 00:32:40,Night_001,No Person Detected,,,,,,,,,,,,,,,,,,,,,,,,,,,,,,,,
2026-08-22 00:32:41,Night_001,Right Side,0.618072,0.444345,0.178886,0.980524,0.597157,0.43856,0.16333,0.979458,0.614802,0.452606,0.289107,0.98707,0.582648,0.442365,0.217404,0.985838,0.620061,0.477773,0.247135,0.998483,0.519252,0.456631,0.200544,0.993732,0.581814,0.629258,-0.001305,0.998916,0.529496,0.619759,0.001254,0.997946
2026-08-22 00:32:41,Night_001,No Person Detected,,,,,,,,,,,,,,,,,,,,,,,,,,,,,,,,
2026-08-22 00:32:42,Night_001,Right Side,0.617036,0.461551,0.31763,0.982292,0.606617,0.450621,0.299247,0.981149,0.612538,0.464429,0.443384,0.988101,0.591549,0.439841,0.356714,0.986716,0.593588,0.519109,0.426692,0.997634,0.537527,0.450181,0.275968,0.994277,0.556282,0.624399,0.063003,0.998821,0.516065,0.593299,-0.063413,0.997906
2026-08-22 00:32:42,Night_001,No Person Detected,,,,,,,,,,,,,,,,,,,,,,,,,,,,,,,,
2026-08-22 00:32:43,Night_001,Right Side,0.614739,0.444653,0.133021,0.979316,0.598377,0.436184,0.123374,0.977093,0.611131,0.456967,0.229427,0.986548,0.583736,0.443125,0.185798,0.984379,0.614072,0.482759,0.203419,0.997688,0.531453,0.455693,0.161502,0.994483,0.572725,0.63396,0.011264,0.998893,0.521629,0.617048,-0.01166,0.998044
2026-08-22 00:32:43,Night_001,No Person Detected,,,,,,,,,,,,,,,,,,,,,,,,,,,,,,,,
2026-08-22 00:32:45,Night_001,Right Side,0.620309,0.453023,0.162451,0.9793,0.602329,0.445163,0.146056,0.977152,0.616372,0.458382,0.26729,0.986627,0.586094,0.443286,0.19152,0.984258,0.606836,0.481964,0.229048,0.997752,0.527837,0.45346,0.178607,0.994645,0.565642,0.639735,0.019332,0.998913,0.520609,0.629566,-0.019556,0.998051
2026-08-22 00:32:45,Night_001,No Person Detected,,,,,,,,,,,,,,,,,,,,,,,,,,,,,,,,
2026-08-22 00:32:45,Night_001,Right Side,0.613899,0.446402,0.116211,0.977495,0.597352,0.43987,0.100992,0.97594,0.610893,0.453766,0.219398,0.985611,0.581127,0.438508,0.149818,0.984102,0.609436,0.460268,0.198053,0.99818,0.528142,0.446341,0.133763,0.995434,0.563237,0.627444,0.011817,0.99912,0.524307,0.622274,-0.012191,0.998258
2026-08-22 00:32:46,Night_001,No Person Detected,,,,,,,,,,,,,,,,,,,,,,,,,,,,,,,,
2026-08-22 00:32:46,Night_001,Right Side,0.621229,0.446945,0.16717,0.97921,0.60358,0.439209,0.15273,0.977746,0.619884,0.458116,0.28413,0.986638,0.586056,0.442817,0.216046,0.985282,0.617863,0.490633,0.255912,0.9983,0.525029,0.463334,0.187373,0.995794,0.582609,0.628763,0.032701,0.999058,0.526765,0.614243,-0.032869,0.998215
2026-08-22 00:32:46,Night_001,No Person Detected,,,,,,,,,,,,,,,,,,,,,,,,,,,,,,,,
2026-08-22 00:32:48,Night_001,Right Side,0.614608,0.444199,0.140369,0.97772,0.595551,0.436226,0.126431,0.976429,0.61182,0.452616,0.24421,0.985504,0.58167,0.43884,0.180387,0.984612,0.616116,0.466165,0.217302,0.998147,0.522673,0.447673,0.163529,0.995344,0.56795,0.632602,0.009672,0.999037,0.521472,0.625326,-0.009864,0.998102
2026-08-22 00:32:48,Night_001,No Person Detected,,,,,,,,,,,,,,,,,,,,,,,,,,,,,,,,
2026-08-22 00:32:48,Night_001,Right Side,0.618966,0.451833,0.161246,0.975833,0.59956,0.440811,0.143911,0.974742,0.614543,0.458725,0.275529,0.98438,0.584158,0.443042,0.196331,0.983366,0.610529,0.479873,0.247854,0.997851,0.516461,0.450154,0.170283,0.995207,0.56736,0.640531,0.028876,0.999009,0.51354,0.626438,-0.029103,0.998025
2026-08-22 00:32:48,Night_001,No Person Detected,,,,,,,,,,,,,,,,,,,,,,,,,,,,,,,,
2026-08-22 00:32:49,Night_001,Right Side,0.621335,0.445895,0.119026,0.977078,0.604,0.435972,0.101373,0.976187,0.616277,0.455921,0.233892,0.985142,0.584504,0.441466,0.152153,0.984298,0.611476,0.487116,0.220962,0.997831,0.512827,0.461204,0.132286,0.99534,0.571222,0.64434,0.032301,0.998935,0.514294,0.62992,-0.032501,0.997965
2026-08-22 00:32:49,Night_001,No Person Detected,,,,,,,,,,,,,,,,,,,,,,,,,,,,,,,,
2026-08-22 00:32:49,Night_001,Right Side,0.619599,0.443577,0.14578,0.969396,0.597795,0.437074,0.132282,0.966098,0.614473,0.449917,0.244344,0.981473,0.583592,0.441396,0.183422,0.977315,0.622871,0.461526,0.211421,0.997931,0.534844,0.446801,0.168734,0.994545,0.579453,0.628691,0.010361,0.998956,0.529735,0.625429,-0.010725,0.997918
2026-08-22 00:32:49,Night_001,No Person Detected,,,,,,,,,,,,,,,,,,,,,,,,,,,,,,,,
2026-08-22 00:32:49,Night_001,Right Side,0.608641,0.442018,0.173423,0.965759,0.589466,0.437437,0.156108,0.962704,0.606934,0.448182,0.27818,0.978264,0.57845,0.441877,0.19779,0.974862,0.599719,0.469589,0.238984,0.997837,0.521267,0.460822,0.171926,0.994245,0.574566,0.644674,0.008092,0.999,0.53499,0.639402,-0.008535,0.997947
2026-08-22 00:32:50,Night_001,No Person Detected,,,,,,,,,,,,,,,,,,,,,,,,,,,,,,,,
2026-08-22 00:32:50,Night_001,Right Side,0.620457,0.445449,0.166279,0.968594,0.60032,0.4378,0.147703,0.965318,0.616589,0.454432,0.283798,0.979537,0.584257,0.441279,0.198973,0.976838,0.61559,0.488104,0.273449,0.998028,0.522431,0.456011,0.175051,0.993852,0.581721,0.637921,0.047313,0.999053,0.521845,0.62529,-0.047504,0.998089
2026-08-22 00:32:50,Night_001,No Person Detected,,,,,,,,,,,,,,,,,,,,,,,,,,,,,,,,
2026-08-22 00:32:50,Night_001,Right Side,0.620789,0.443975,0.183859,0.970907,0.599319,0.435416,0.170553,0.967628,0.619852,0.455219,0.296035,0.981024,0.584899,0.439895,0.234687,0.978375,0.621741,0.487244,0.267454,0.998033,0.527954,0.461476,0.205775,0.994048,0.587005,0.626735,0.027552,0.999039,0.528293,0.616626,-0.027736,0.998092
2026-08-22 00:32:51,Night_001,No Person Detected,,,,,,,,,,,,,,,,,,,,,,,,,,,,,,,,
2026-08-22 00:32:51,Night_001,Right Side,0.617018,0.45625,0.131502,0.971932,0.602821,0.445646,0.116587,0.96861,0.613625,0.461364,0.2253,0.981856,0.587626,0.443735,0.156848,0.978952,0.602714,0.481076,0.203823,0.998075,0.52752,0.456779,0.147916,0.994189,0.555587,0.627502,0.021478,0.999047,0.515987,0.616252,-0.021716,0.99808
2026-08-22 00:32:51,Night_001,No Person Detected,,,,,,,,,,,,,,,,,,,,,,,,,,,,,,,,
2026-08-22 00:32:52,Night_001,Right Side,0.615703,0.446128,0.17551,0.966697,0.595822,0.439358,0.162086,0.964241,0.613812,0.454322,0.266466,0.977924,0.582225,0.443436,0.206625,0.973767,0.615972,0.469335,0.227584,0.997832,0.52823,0.450083,0.178513,0.993917,0.57834,0.631465,0.017575,0.998969,0.528377,0.623654,-0.017897,0.998035
2026-08-22 00:32:52,Night_001,No Person Detected,,,,,,,,,,,,,,,,,,,,,,,,,,,,,,,,
2026-08-22 00:32:53,Night_001,Right Side,0.614252,0.441443,0.178792,0.96616,0.595919,0.438085,0.165779,0.963032,0.613114,0.451661,0.278775,0.976669,0.581079,0.443332,0.217928,0.971271,0.619841,0.477699,0.240015,0.997665,0.525747,0.457888,0.198504,0.992564,0.590849,0.627639,0.006513,0.998492,0.53249,0.619649,-0.00662,0.997373
2026-08-22 00:32:53,Night_001,No Person Detected,,,,,,,,,,,,,,,,,,,,,,,,,,,,,,,,
2026-08-22 00:32:55,Night_001,Right Side,0.613769,0.445903,0.145414,0.967942,0.594716,0.435178,0.133532,0.965231,0.61363,0.455957,0.252065,0.978259,0.582103,0.441637,0.196509,0.973494,0.613268,0.488034,0.237896,0.997777,0.517377,0.463165,0.180263,0.993142,0.56635,0.639123,0.02856,0.998472,0.50393,0.622093,-0.028741,0.99748
2026-08-22 00:32:55,Night_001,No Person Detected,,,,,,,,,,,,,,,,,,,,,,,,,,,,,,,,
2026-08-22 00:32:55,Night_001,Right Side,0.615536,0.447022,0.137011,0.957665,0.597483,0.440469,0.123325,0.953748,0.61435,0.457203,0.229402,0.97417,0.585601,0.443545,0.167146,0.965782,0.616369,0.472626,0.203207,0.997621,0.52505,0.450155,0.148653,0.992852,0.576228,0.637471,0.024714,0.998418,0.517308,0.626668,-0.025013,0.997452
2026-08-22 00:32:55,Night_001,No Person Detected,,,,,,,,,,,,,,,,,,,,,,,,,,,,,,,,
2026-08-22 00:32:55,Night_001,Right Side,0.619068,0.449047,0.148091,0.956156,0.598667,0.442918,0.132463,0.952312,0.61243,0.454782,0.236446,0.973079,0.584175,0.444004,0.165949,0.964579,0.610582,0.460313,0.199236,0.997716,0.535146,0.447415,0.143965,0.993187,0.568277,0.632757,0.011985,0.998534,0.531231,0.630942,-0.012439,0.997612
2026-08-22 00:32:55,Night_001,No Person Detected,,,,,,,,,,,,,,,,,,,,,,,,,,,,,,,,
2026-08-22 00:32:56,Night_001,Right Side,0.617392,0.448233,0.148663,0.956875,0.599698,0.436439,0.135428,0.953235,0.614241,0.457075,0.261768,0.973628,0.581285,0.435921,0.200923,0.966034,0.610568,0.487966,0.240504,0.9977,0.51056,0.460366,0.176064,0.993617,0.568558,0.63842,0.026418,0.998401,0.508267,0.624143,-0.026609,0.997512
2026-08-22 00:32:56,Night_001,No Person Detected,,,,,,,,,,,,,,,,,,,,,,,,,,,,,,,,
2026-08-22 00:32:56,Night_001,Right Side,0.621389,0.445928,0.158744,0.960616,0.602402,0.437976,0.140018,0.957279,0.615776,0.453666,0.262917,0.975918,0.583561,0.439984,0.176868,0.968931,0.610632,0.481526,0.231413,0.997829,0.517345,0.461196,0.156851,0.993985,0.571162,0.642596,0.023671,0.998523,0.528654,0.635989,-0.024031,0.997672
2026-08-22 00:32:56,Night_001,No Person Detected,,,,,,,,,,,,,,,,,,,,,,,,,,,,,,,,
2026-08-22 00:32:58,Night_001,Right Side,0.620253,0.44668,0.12084,0.963199,0.602521,0.438436,0.105666,0.960174,0.61664,0.456617,0.224786,0.97747,0.58481,0.441974,0.153543,0.971011,0.613754,0.484704,0.202277,0.997907,0.514643,0.461914,0.144208,0.994148,0.570999,0.64199,0.016378,0.998512,0.511928,0.618964,-0.016256,0.997571
2026-08-22 00:32:58,Night_001,No Person Detected,,,,,,,,,,,,,,,,,,,,,,,,,,,,,,,,
2026-08-22 00:32:59,Night_001,Right Side,0.616604,0.44264,0.169047,0.96966,0.59814,0.436778,0.154225,0.9673,0.614221,0.452733,0.272958,0.980961,0.581907,0.440214,0.205286,0.976216,0.60662,0.477353,0.254991,0.998197,0.51806,0.457239,0.172034,0.995301,0.570744,0.631669,0.040462,0.998835,0.516637,0.619176,-0.04069,0.998079
2026-08-22 00:32:59,Night_001,No Person Detected,,,,,,,,,,,,,,,,,,,,,,,,,,,,,,,,
2026-08-22 00:32:59,Night_001,Right Side,0.619955,0.445778,0.157049,0.973949,0.600014,0.438702,0.141244,0.972087,0.618079,0.453164,0.260088,0.983151,0.582643,0.440383,0.186704,0.979566,0.611368,0.467889,0.221364,0.998408,0.531319,0.448216,0.166516,0.995714,0.575272,0.624203,0.01751,0.999048,0.535546,0.619298,-0.017842,0.998388
2026-08-22 00:32:59,Night_001,No Person Detected,,,,,,,,,,,,,,,,,,,,,,,,,,,,,,,,
2026-08-22 00:33:00,Night_001,Right Side,0.616265,0.444826,0.112453,0.975701,0.598906,0.434288,0.101803,0.974025,0.614476,0.458345,0.222151,0.98438,0.581726,0.440296,0.172359,0.981203,0.614588,0.504567,0.211782,0.998454,0.516085,0.462489,0.149824,0.996057,0.569445,0.638502,0.028613,0.998963,0.511367,0.620466,-0.028739,0.998345
2026-08-22 00:33:00,Night_001,No Person Detected,,,,,,,,,,,,,,,,,,,,,,,,,,,,,,,,
2026-08-22 00:33:00,Night_001,Right Side,0.611283,0.453475,0.198932,0.976102,0.602665,0.448813,0.183004,0.974124,0.60426,0.455562,0.239962,0.984897,0.590519,0.448459,0.164763,0.980783,0.566933,0.456814,0.17449,0.998546,0.555326,0.453967,0.133275,0.996318,0.539008,0.631992,0.016859,0.999058,0.530074,0.629152,-0.017315,0.998494
2026-08-22 00:33:00,Night_001,No Person Detected,,,,,,,,,,,,,,,,,,,,,,,,,,,,,,,,
2026-08-22 00:33:00,Night_001,Right Side,0.621061,0.443815,0.18355,0.977912,0.59767,0.436842,0.169004,0.976174,0.619493,0.45497,0.291917,0.985555,0.582624,0.442032,0.226076,0.982363,0.622832,0.473037,0.249812,0.998477,0.529334,0.453589,0.196832,0.996283,0.58142,0.629556,0.012764,0.999098,0.5302,0.626442,-0.013103,0.998562
2026-08-22 00:33:01,Night_001,No Person Detected,,,,,,,,,,,,,,,,,,,,,,,,,,,,,,,,
2026-08-22 00:33:01,Night_001,Right Side,0.615173,0.448052,0.152984,0.978135,0.59881,0.436957,0.137675,0.97681,0.610844,0.455667,0.273298,0.985939,0.581049,0.437201,0.20221,0.983284,0.605912,0.488742,0.251751,0.998493,0.513386,0.459148,0.178625,0.996536,0.560882,0.638585,0.02276,0.999056,0.504539,0.618353,-0.02299,0.998559
2026-08-22 00:33:01,Night_001,No Person Detected,,,,,,,,,,,,,,,,,,,,,,,,,,,,,,,,
2026-08-22 00:33:01,Night_001,Right Side,0.61646,0.438992,0.128778,0.977864,0.596112,0.433012,0.116945,0.976256,0.61595,0.450718,0.234735,0.985646,0.58101,0.439101,0.179694,0.982631,0.621326,0.480441,0.210767,0.998546,0.517408,0.461324,0.165065,0.99639,0.58474,0.640403,0.015487,0.998982,0.526029,0.623413,-0.015523,0.998391
2026-08-22 00:33:02,Night_001,No Person Detected,,,,,,,,,,,,,,,,,,,,,,,,,,,,,,,,
2026-08-22 00:33:05,Night_001,Right Side,0.615897,0.449095,0.053328,0.979353,0.599054,0.435994,0.042562,0.977996,0.614227,0.457953,0.152765,0.986678,0.583299,0.436487,0.101475,0.984042,0.612025,0.507764,0.149708,0.998469,0.515886,0.468182,0.110675,0.996454,0.559355,0.647838,0.018619,0.998742,0.501303,0.62492,-0.018594,0.997987
2026-08-22 00:33:05,Night_001,No Person Detected,,,,,,,,,,,,,,,,,,,,,,,,,,,,,,,,
2026-08-22 00:33:05,Night_001,Right Side,0.619691,0.447675,0.148316,0.981356,0.602981,0.434066,0.134875,0.980145,0.617357,0.459752,0.254652,0.987947,0.585237,0.437149,0.191489,0.985625,0.611607,0.505095,0.244351,0.998568,0.515815,0.466391,0.183879,0.996801,0.564277,0.634417,0.024185,0.998784,0.498424,0.626208,-0.02451,0.998156
2026-08-22 00:33:05,Night_001,No Person Detected,,,,,,,,,,,,,,,,,,,,,,,,,,,,,,,,
2026-08-22 00:33:05,Night_001,Right Side,0.616809,0.44646,0.182576,0.982648,0.599533,0.438832,0.168942,0.981478,0.614003,0.457092,0.292309,0.988799,0.58409,0.44221,0.228583,0.986629,0.611347,0.484591,0.269734,0.998528,0.524214,0.44949,0.189137,0.996889,0.572793,0.629517,0.033762,0.998857,0.516993,0.616095,-0.033957,0.998256
2026-08-22 00:33:05,Night_001,No Person Detected,,,,,,,,,,,,,,,,,,,,,,,,,,,,,,,,
2026-08-22 00:33:07,Night_001,Right Side,0.61534,0.447076,0.118375,0.983244,0.598376,0.437132,0.101294,0.982177,0.61057,0.452945,0.227241,0.98926,0.581889,0.438698,0.147312,0.987152,0.598069,0.478455,0.214453,0.998567,0.516013,0.45699,0.125022,0.996976,0.556787,0.644566,0.029313,0.99895,0.514523,0.632079,-0.029586,0.998373
2026-08-22 00:33:07,Night_001,No Person Detected,,,,,,,,,,,,,,,,,,,,,,,,,,,,,,,,
2026-08-22 00:33:08,Night_001,Right Side,0.615025,0.441563,0.186754,0.980568,0.593809,0.435558,0.173875,0.979158,0.613704,0.450632,0.295563,0.986534,0.579811,0.441466,0.236633,0.984088,0.618051,0.471329,0.249497,0.998597,0.524804,0.462064,0.215353,0.996264,0.584141,0.637772,0.002334,0.999033,0.533245,0.6319,-0.002649,0.998443
2026-08-22 00:33:08,Night_001,No Person Detected,,,,,,,,,,,,,,,,,,,,,,,,,,,,,,,,
2026-08-22 00:33:11,Night_001,Right Side,0.622432,0.445518,0.111426,0.983396,0.602377,0.434649,0.095682,0.981588,0.619389,0.456208,0.229293,0.988324,0.583847,0.441412,0.153354,0.986313,0.612508,0.493493,0.200882,0.998657,0.514982,0.460656,0.151753,0.995376,0.574871,0.660873,0.010449,0.998999,0.513069,0.638562,-0.010345,0.998099
2026-08-22 00:33:11,Night_001,No Person Detected,,,,,,,,,,,,,,,,,,,,,,,,,,,,,,,,
2026-08-22 00:33:12,Night_001,Right Side,0.620373,0.446911,0.132854,0.980205,0.600834,0.437322,0.118732,0.977933,0.618294,0.455307,0.246467,0.986519,0.582369,0.438719,0.181152,0.983588,0.61497,0.489208,0.235709,0.998436,0.514521,0.457038,0.168553,0.994885,0.573722,0.632226,0.030025,0.998915,0.510033,0.613129,-0.030148,0.997918
2026-08-22 00:33:12,Night_001,No Person Detected,,,,,,,,,,,,,,,,,,,,,,,,,,,,,,,,
2026-08-22 00:33:13,Night_001,Right Side,0.617053,0.446292,0.166727,0.980888,0.599081,0.438688,0.151338,0.978486,0.615623,0.454601,0.274754,0.987032,0.585127,0.441206,0.203937,0.983655,0.608796,0.482434,0.248486,0.998475,0.519199,0.45941,0.17329,0.995211,0.57182,0.630996,0.034719,0.998973,0.519077,0.621571,-0.034992,0.998043
2026-08-22 00:33:13,Night_001,No Person Detected,,,,,,,,,,,,,,,,,,,,,,,,,,,,,,,,
2026-08-22 00:33:14,Night_001,Right Side,0.61711,0.443007,0.061393,0.977284,0.59987,0.434817,0.047521,0.974604,0.614334,0.455294,0.169175,0.985028,0.582677,0.436811,0.103708,0.981556,0.611272,0.483982,0.160004,0.998264,0.514485,0.462805,0.101732,0.99423,0.562296,0.648424,0.012803,0.99888,0.506145,0.631135,-0.012907,0.997801
2026-08-22 00:33:14,Night_001,No Person Detected,,,,,,,,,,,,,,,,,,,,,,,,,,,,,,,,
2026-08-22 00:33:15,Night_001,Right Side,0.617032,0.448211,0.178426,0.978632,0.600892,0.440904,0.15911,0.976358,0.61312,0.454413,0.288974,0.985793,0.584613,0.442525,0.200168,0.983215,0.605091,0.482313,0.262851,0.998316,0.518331,0.454904,0.160209,0.995026,0.567387,0.631546,0.034113,0.998924,0.522536,0.616835,-0.034322,0.997954
2026-08-22 00:33:15,Night_001,No Person Detected,,,,,,,,,,,,,,,,,,,,,,,,,,,,,,,,
2026-08-22 00:33:16,Night_001,Right Side,0.615475,0.449093,0.104364,0.979308,0.598815,0.437669,0.09067,0.977337,0.613487,0.457221,0.206698,0.986517,0.583221,0.437193,0.142985,0.984081,0.61127,0.488665,0.199548,0.998141,0.522585,0.456194,0.126822,0.995088,0.562294,0.636554,0.030448,0.998761,0.506909,0.614867,-0.030482,0.997696
2026-08-22 00:33:16,Night_001,No Person Detected,,,,,,,,,,,,,,,,,,,,,,,,,,,,,,,,
2026-08-22 00:33:16,Night_001,Right Side,0.61479,0.446616,0.142192,0.969244,0.598482,0.440272,0.128996,0.965535,0.613006,0.452757,0.236,0.981732,0.58604,0.443991,0.175364,0.976302,0.608111,0.469585,0.209188,0.997957,0.528574,0.454226,0.1491,0.994288,0.565425,0.635115,0.018566,0.998799,0.519261,0.62604,-0.018842,0.99774
2026-08-22 00:33:16,Night_001,No Person Detected,,,,,,,,,,,,,,,,,,,,,,,,,,,,,,,,
2026-08-22 00:33:17,Night_001,Right Side,0.619585,0.447817,0.158467,0.974128,0.603129,0.436886,0.142906,0.97119,0.614803,0.455896,0.273309,0.984408,0.58522,0.437774,0.201352,0.980264,0.611755,0.49301,0.248881,0.998159,0.519093,0.45618,0.16565,0.99521,0.571637,0.635262,0.033447,0.998935,0.518401,0.621573,-0.033702,0.998034
2026-08-22 00:33:17,Night_001,No Person Detected,,,,,,,,,,,,,,,,,,,,,,,,,,,,,,,,
2026-08-22 00:33:17,Night_001,Right Side,0.616612,0.438147,0.122988,0.972811,0.593545,0.431026,0.109169,0.969107,0.610604,0.445653,0.239982,0.982919,0.579111,0.434222,0.177565,0.977624,0.617109,0.473402,0.200326,0.998165,0.515566,0.460051,0.170914,0.993284,0.576533,0.640099,-0.012012,0.998783,0.528123,0.632929,0.011795,0.997614
2026-08-22 00:33:17,Night_001,No Person Detected,,,,,,,,,,,,,,,,,,,,,,,,,,,,,,,,
2026-08-22 00:33:17,Night_001,Right Side,0.618994,0.447831,0.123236,0.975515,0.600603,0.439062,0.108621,0.972594,0.614991,0.458363,0.222282,0.984936,0.585122,0.443001,0.154103,0.980746,0.605115,0.48243,0.208195,0.998257,0.51582,0.460324,0.135509,0.99409,0.561663,0.642513,0.028495,0.998883,0.506246,0.626021,-0.028623,0.997853
2026-08-22 00:33:17,Night_001,No Person Detected,,,,,,,,,,,,,,,,,,,,,,,,,,,,,,,,
2026-08-22 00:33:18,Night_001,Right Side,0.619606,0.45317,0.128504,0.973759,0.603625,0.444083,0.107556,0.971989,0.61258,0.456111,0.234723,0.983656,0.584701,0.438572,0.137264,0.980361,0.589436,0.481542,0.227442,0.997693,0.518244,0.445717,0.1194,0.994428,0.54636,0.647288,0.040058,0.998899,0.504113,0.628102,-0.040312,0.997924
2026-08-22 00:33:19,Night_001,No Person Detected,,,,,,,,,,,,,,,,,,,,,,,,,,,,,,,,
2026-08-22 00:33:19,Night_001,Right Side,0.61569,0.443847,0.165799,0.97839,0.595298,0.436465,0.152038,0.977108,0.615255,0.452855,0.283248,0.986146,0.580373,0.440591,0.219366,0.98368,0.618032,0.482896,0.24984,0.998131,0.517442,0.45645,0.197184,0.995279,0.580718,0.639254,0.014764,0.999019,0.52394,0.625228,-0.014905,0.998131
2026-08-22 00:33:19,Night_001,No Person Detected,,,,,,,,,,,,,,,,,,,,,,,,,,,,,,,,
2026-08-22 00:33:21,Night_001,Right Side,0.616423,0.441642,0.145296,0.978427,0.598126,0.433048,0.132408,0.977334,0.613434,0.450012,0.257591,0.985723,0.580405,0.438268,0.196524,0.983551,0.612557,0.483743,0.222795,0.998188,0.51418,0.458404,0.183521,0.995291,0.578544,0.637724,0.005718,0.998806,0.520337,0.618366,-0.005684,0.997829
2026-08-22 00:33:21,Night_001,No Person Detected,,,,,,,,,,,,,,,,,,,,,,,,,,,,,,,,
2026-08-22 00:33:22,Night_001,Right Side,0.620373,0.449957,0.155692,0.980166,0.602575,0.439865,0.140331,0.979146,0.619383,0.460208,0.267297,0.986906,0.584727,0.439685,0.196224,0.984918,0.609035,0.490426,0.245818,0.998227,0.526411,0.459243,0.168261,0.995593,0.565782,0.636372,0.036035,0.998781,0.516654,0.621454,-0.036164,0.997814
2026-08-22 00:33:22,Night_001,No Person Detected,,,,,,,,,,,,,,,,,,,,,,,,,,,,,,,,
2026-08-22 00:33:22,Night_001,Right Side,0.620535,0.4474,0.11636,0.980707,0.599105,0.439044,0.100507,0.979699,0.617165,0.454774,0.231333,0.987347,0.584115,0.4412,0.157638,0.985286,0.612892,0.475641,0.202833,0.998258,0.527102,0.449715,0.144179,0.995654,0.568272,0.63922,0.015027,0.99887,0.528144,0.6279,-0.01535,0.997937
2026-08-22 00:33:22,Night_001,No Person Detected,,,,,,,,,,,,,,,,,,,,,,,,,,,,,,,,
2026-08-22 00:33:22,Night_001,Right Side,0.617238,0.433579,0.202534,0.981192,0.597498,0.429703,0.192484,0.980283,0.616697,0.447332,0.311298,0.986681,0.584951,0.439307,0.264284,0.985286,0.63035,0.47969,0.267986,0.998306,0.52863,0.459489,0.240844,0.995409,0.603896,0.631688,0.006822,0.998499,0.537973,0.616682,-0.006909,0.997524
2026-08-22 00:33:22,Night_001,No Person Detected,,,,,,,,,,,,,,,,,,,,,,,,,,,,,,,,
2026-08-22 00:33:23,Night_001,Right Side,0.619202,0.449078,0.172391,0.98213,0.602639,0.439583,0.156121,0.981157,0.616906,0.456607,0.288013,0.987409,0.585809,0.440201,0.212369,0.985912,0.607429,0.491991,0.2661,0.998261,0.518956,0.457008,0.184256,0.995529,0.56682,0.633777,0.034555,0.998519,0.511017,0.618408,-0.034765,0.997506
2026-08-22 00:33:23,Night_001,No Person Detected,,,,,,,,,,,,,,,,,,,,,,,,,,,,,,,,
2026-08-22 00:33:26,Night_001,Right Side,0.614363,0.448171,0.15557,0.982176,0.597636,0.442271,0.13725,0.981111,0.612,0.451577,0.240789,0.987795,0.585305,0.443772,0.156114,0.986072,0.592578,0.45517,0.198508,0.99839,0.548005,0.45171,0.131295,0.995774,0.556508,0.62969,0.013364,0.998647,0.537452,0.62921,-0.013926,0.997698
2026-08-22 00:33:26,Night_001,No Person Detected,,,,,,,,,,,,,,,,,,,,,,,,,,,,,,,,
2026-08-22 00:33:26,Night_001,Right Side,0.619403,0.445985,0.158209,0.98339,0.598985,0.434961,0.141376,0.982455,0.615826,0.455738,0.282919,0.988459,0.583,0.436146,0.206238,0.987049,0.610885,0.493589,0.265942,0.998362,0.517339,0.462251,0.176967,0.99606,0.574664,0.630792,0.03348,0.998587,0.52029,0.618195,-0.033687,0.997678
2026-08-22 00:33:26,Night_001,No Person Detected,,,,,,,,,,,,,,,,,,,,,,,,,,,,,,,,
2026-08-22 00:33:27,Night_001,Right Side,0.618759,0.443731,0.171697,0.981688,0.600053,0.436306,0.155955,0.981464,0.615604,0.455507,0.273731,0.987118,0.58561,0.442153,0.201173,0.986179,0.612322,0.479367,0.239925,0.998191,0.515943,0.461205,0.170585,0.995964,0.572918,0.635267,0.024254,0.998623,0.51985,0.619834,-0.024486,0.997727
2026-08-22 00:33:27,Night_001,No Person Detected,,,,,,,,,,,,,,,,,,,,,,,,,,,,,,,,
2026-08-22 00:33:29,Night_001,Right Side,0.618899,0.451442,0.180868,0.983314,0.60065,0.438669,0.165875,0.983113,0.615202,0.458931,0.294359,0.98826,0.583162,0.437259,0.224137,0.987463,0.607276,0.499599,0.279385,0.998273,0.519185,0.460041,0.189465,0.996344,0.567877,0.633961,0.038346,0.998691,0.510823,0.618987,-0.03846,0.9979
2026-08-22 00:33:29,Night_001,No Person Detected,,,,,,,,,,,,,,,,,,,,,,,,,,,,,,,,
2026-08-22 00:33:29,Night_001,Left Side,0.619433,0.452438,0.193924,0.980743,0.604686,0.43977,0.181346,0.981039,0.616675,0.462163,0.298125,0.982112,0.586088,0.439251,0.238317,0.985227,0.617157,0.509358,0.279677,0.997124,0.53367,0.456263,0.209394,0.99646,0.585931,0.602245,0.037966,0.998257,0.520799,0.580766,-0.038215,0.997575
2026-08-22 00:33:29,Night_001,No Person Detected,,,,,,,,,,,,,,,,,,,,,,,,,,,,,,,,
2026-08-22 00:33:30,Night_001,Left Side,0.6173,0.453908,0.152498,0.98205,0.601024,0.443732,0.138845,0.982073,0.614695,0.460419,0.248782,0.983509,0.587318,0.44409,0.185463,0.986108,0.606014,0.49472,0.227513,0.997262,0.529138,0.460367,0.159258,0.996656,0.564521,0.63804,0.030021,0.998358,0.517389,0.623981,-0.030369,0.997687
2026-08-22 00:33:30,Night_001,No Person Detected,,,,,,,,,,,,,,,,,,,,,,,,,,,,,,,,
2026-08-22 00:33:31,Night_001,Left Side,0.618728,0.449573,0.161689,0.982674,0.601275,0.436921,0.145866,0.982644,0.613732,0.458926,0.27584,0.984488,0.584097,0.440252,0.204038,0.986982,0.606877,0.500591,0.258752,0.997192,0.516337,0.460706,0.166429,0.996883,0.567379,0.637605,0.033177,0.998346,0.508505,0.622565,-0.03335,0.997745
2026-08-22 00:33:31,Night_001,No Person Detected,,,,,,,,,,,,,,,,,,,,,,,,,,,,,,,,
2026-08-22 00:33:32,Night_001,Right Side,0.618969,0.448642,0.150296,0.979184,0.602969,0.441251,0.135193,0.978747,0.611927,0.457037,0.249327,0.982569,0.583845,0.442693,0.179391,0.983752,0.605012,0.470813,0.224387,0.997149,0.519308,0.442422,0.156977,0.996576,0.568273,0.627719,0.027024,0.998318,0.515862,0.616172,-0.02723,0.997652
2026-08-22 00:33:32,Night_001,No Person Detected,,,,,,,,,,,,,,,,,,,,,,,,,,,,,,,,
2026-08-22 00:33:33,Night_001,Right Side,0.616516,0.448207,0.175663,0.976707,0.598215,0.440561,0.16245,0.976295,0.613533,0.452066,0.270433,0.981606,0.583721,0.442809,0.210256,0.982663,0.615651,0.460753,0.238469,0.997284,0.526189,0.445117,0.184287,0.996495,0.573245,0.6309,0.01734,0.998523,0.522058,0.625548,-0.017544,0.997898
2026-08-22 00:33:33,Night_001,No Person Detected,,,,,,,,,,,,,,,,,,,,,,,,,,,,,,,,
2026-08-22 00:33:33,Night_001,Right Side,0.621068,0.448848,0.078406,0.976829,0.603003,0.439529,0.059719,0.975886,0.616985,0.45688,0.187165,0.981882,0.583295,0.441777,0.100876,0.98196,0.607921,0.483706,0.172003,0.997369,0.512092,0.460319,0.082212,0.996252,0.565465,0.644913,0.02539,0.99859,0.514037,0.633668,-0.025713,0.997939
2026-08-22 00:33:33,Night_001,No Person Detected,,,,,,,,,,,,,,,,,,,,,,,,,,,,,,,,
2026-08-22 00:33:35,Night_001,Right Side,0.619005,0.445714,0.154977,0.977538,0.600368,0.436165,0.13948,0.976665,0.613532,0.454045,0.271031,0.982753,0.583648,0.438473,0.20019,0.982806,0.613144,0.477746,0.26053,0.997483,0.525133,0.451425,0.175048,0.996459,0.572318,0.633043,0.033676,0.998643,0.52077,0.621782,-0.033931,0.998011
2026-08-22 00:33:35,Night_001,No Person Detected,,,,,,,,,,,,,,,,,,,,,,,,,,,,,,,,
2026-08-22 00:33:35,Night_001,Right Side,0.616438,0.447838,0.119842,0.973992,0.600415,0.438798,0.104497,0.973235,0.612039,0.455685,0.218317,0.98074,0.584315,0.440344,0.14755,0.980351,0.609343,0.476739,0.205673,0.997115,0.52198,0.448742,0.128526,0.995887,0.56267,0.631353,0.022727,0.998531,0.513666,0.619821,-0.022929,0.997727
2026-08-22 00:33:35,Night_001,No Person Detected,,,,,,,,,,,,,,,,,,,,,,,,,,,,,,,,
2026-08-22 00:33:35,Night_001,Right Side,0.616404,0.442885,0.121781,0.967006,0.59672,0.438508,0.106635,0.965563,0.611296,0.44818,0.215138,0.976851,0.582523,0.441611,0.146817,0.974846,0.609842,0.456681,0.187248,0.997476,0.533373,0.448856,0.125813,0.995796,0.567246,0.632992,0.009125,0.998751,0.533671,0.629021,-0.009635,0.998016
2026-08-22 00:33:36,Night_001,No Person Detected,,,,,,,,,,,,,,,,,,,,,,,,,,,,,,,,
2026-08-22 00:33:36,Night_001,Right Side,0.619627,0.448214,0.149859,0.968826,0.599201,0.43838,0.131584,0.967176,0.614831,0.455812,0.251676,0.978435,0.583346,0.440262,0.167377,0.976056,0.603244,0.472466,0.221372,0.997609,0.529466,0.443922,0.145539,0.995977,0.562815,0.638155,0.024781,0.998839,0.524124,0.630332,-0.025052,0.998132
2026-08-22 00:33:36,Night_001,No Person Detected,,,,,,,,,,,,,,,,,,,,,,,,,,,,,,,,
2026-08-22 00:33:37,Night_001,Right Side,0.62026,0.448618,0.155157,0.969693,0.603579,0.440262,0.137962,0.96826,0.615106,0.455121,0.268523,0.979187,0.585549,0.437387,0.18986,0.976983,0.609287,0.475992,0.246652,0.997597,0.517201,0.45245,0.158491,0.996079,0.566703,0.628761,0.031197,0.998839,0.516805,0.615762,-0.031479,0.998137
2026-08-22 00:33:37,Night_001,No Person Detected,,,,,,,,,,,,,,,,,,,,,,,,,,,,,,,,
2026-08-22 00:33:37,Night_001,Right Side,0.620284,0.445784,0.110396,0.966843,0.601636,0.436917,0.093427,0.964488,0.618331,0.453623,0.221517,0.977075,0.583176,0.438632,0.142563,0.97252,0.609771,0.481055,0.203842,0.997613,0.516694,0.457579,0.123065,0.995481,0.567707,0.636171,0.025664,0.998855,0.51392,0.623909,-0.025877,0.998102
2026-08-22 00:33:37,Night_001,No Person Detected,,,,,,,,,,,,,,,,,,,,,,,,,,,,,,,,
2026-08-22 00:33:38,Night_001,Right Side,0.620428,0.451011,0.176106,0.968523,0.59891,0.441099,0.162692,0.966278,0.619515,0.459297,0.279149,0.978302,0.5854,0.443173,0.217338,0.973987,0.617496,0.482119,0.252295,0.997664,0.534895,0.451073,0.180763,0.995688,0.578622,0.636466,0.029129,0.998907,0.526844,0.624261,-0.029386,0.998205
2026-08-22 00:33:38,Night_001,No Person Detected,,,,,,,,,,,,,,,,,,,,,,,,,,,,,,,,
2026-08-22 00:33:38,Night_001,Right Side,0.615445,0.445276,0.143138,0.96066,0.595421,0.438566,0.127762,0.956735,0.613538,0.452376,0.246906,0.975619,0.580297,0.435734,0.176959,0.968741,0.611789,0.465674,0.215923,0.997726,0.531573,0.446384,0.169431,0.995085,0.568322,0.634802,0.003035,0.998962,0.527765,0.629313,-0.003475,0.998239
2026-08-22 00:33:38,Night_001,No Person Detected,,,,,,,,,,,,,,,,,,,,,,,,,,,,,,,,
2026-08-22 00:33:38,Night_001,Right Side,0.616033,0.450642,0.200356,0.964369,0.599193,0.440262,0.183545,0.960782,0.611985,0.457401,0.312326,0.977924,0.581381,0.440265,0.233829,0.971695,0.593636,0.486712,0.285299,0.997887,0.518995,0.454362,0.194257,0.99554,0.556704,0.627372,0.045215,0.999028,0.51019,0.617818,-0.045513,0.998358
2026-08-22 00:33:38,Night_001,No Person Detected,,,,,,,,,,,,,,,,,,,,,,,,,,,,,,,,
2026-08-22 00:33:39,Night_001,Right Side,0.618438,0.445058,0.115263,0.962235,0.598423,0.435647,0.103001,0.958077,0.616627,0.453214,0.219859,0.976441,0.581245,0.442895,0.163503,0.969898,0.615895,0.481563,0.201052,0.99768,0.523971,0.460569,0.146936,0.994877,0.575602,0.641456,0.015677,0.998926,0.520707,0.632948,-0.015839,0.998145
2026-08-22 00:33:39,Night_001,No Person Detected,,,,,,,,,,,,,,,,,,,,,,,,,,,,,,,,
2026-08-22 00:33:39,Night_001,Right Side,0.617399,0.44384,0.174143,0.965109,0.598603,0.437174,0.160801,0.962187,0.615528,0.452941,0.284886,0.976685,0.584036,0.442812,0.223956,0.972935,0.619193,0.47429,0.254075,0.997369,0.526268,0.448812,0.190268,0.994619,0.576174,0.629724,0.027068,0.998873,0.521585,0.617806,-0.027266,0.998124
2026-08-22 00:33:39,Night_001,No Person Detected,,,,,,,,,,,,,,,,,,,,,,,,,,,,,,,,
2026-08-22 00:33:40,Night_001,Right Side,0.618871,0.446392,0.105983,0.966306,0.602815,0.435879,0.097441,0.963746,0.617479,0.462497,0.194955,0.977717,0.5858,0.44087,0.153127,0.974443,0.61267,0.497382,0.174122,0.997396,0.51847,0.465004,0.15831,0.99434,0.558237,0.647894,0.013663,0.99862,0.497496,0.628159,-0.013709,0.997835
2026-08-22 00:33:40,Night_001,No Person Detected,,,,,,,,,,,,,,,,,,,,,,,,,,,,,,,,
2026-08-22 00:33:40,Night_001,Right Side,0.617083,0.447101,0.148714,0.967673,0.600106,0.440248,0.13233,0.965339,0.614386,0.452899,0.25276,0.978826,0.58576,0.442947,0.177901,0.97561,0.607972,0.472009,0.224008,0.997449,0.524298,0.448929,0.157161,0.994471,0.564573,0.638084,0.017443,0.998719,0.520281,0.626686,-0.017635,0.997949
2026-08-22 00:33:40,Night_001,No Person Detected,,,,,,,,,,,,,,,,,,,,,,,,,,,,,,,,
2026-08-22 00:33:40,Night_001,Right Side,0.615872,0.44513,0.181791,0.969555,0.596118,0.436831,0.165761,0.967384,0.615472,0.453734,0.295598,0.979857,0.581113,0.440471,0.222907,0.976932,0.617929,0.484049,0.270935,0.997579,0.512961,0.460555,0.193335,0.994637,0.583995,0.637884,0.02971,0.99854,0.514983,0.620304,-0.029819,0.997767
2026-08-22 00:33:41,Night_001,No Person Detected,,,,,,,,,,,,,,,,,,,,,,,,,,,,,,,,
2026-08-22 00:33:42,Night_001,Right Side,0.619254,0.45169,0.186579,0.967062,0.599666,0.446087,0.171863,0.964937,0.614252,0.457337,0.273962,0.978674,0.585569,0.445866,0.20677,0.975062,0.61571,0.467013,0.235733,0.997537,0.532669,0.449212,0.176648,0.994738,0.578066,0.634807,0.027338,0.998607,0.527914,0.627518,-0.027577,0.997858
2026-08-22 00:33:42,Night_001,No Person Detected,,,,,,,,,,,,,,,,,,,,,,,,,,,,,,,,
2026-08-22 00:33:42,Night_001,Right Side,0.61747,0.446575,0.09454,0.952831,0.598918,0.439718,0.079457,0.949344,0.61626,0.454603,0.198085,0.971247,0.583259,0.439198,0.127914,0.96132,0.616351,0.474064,0.183467,0.997376,0.515249,0.45616,0.122825,0.993375,0.570114,0.634928,0.024009,0.998642,0.510144,0.620029,-0.024195,0.997818
2026-08-22 00:33:42,Night_001,No Person Detected,,,,,,,,,,,,,,,,,,,,,,,,,,,,,,,,
2026-08-22 00:33:43,Night_001,Right Side,0.61446,0.444961,0.113843,0.940635,0.594407,0.43768,0.103324,0.936813,0.609762,0.455289,0.213118,0.965122,0.582111,0.442753,0.163459,0.954266,0.609446,0.476236,0.195342,0.997007,0.51499,0.457994,0.137803,0.992155,0.563771,0.640153,0.025388,0.998628,0.504121,0.620477,-0.025506,0.997714
2026-08-22 00:33:43,Night_001,No Person Detected,,,,,,,,,,,,,,,,,,,,,,,,,,,,,,,,
2026-08-22 00:33:44,Night_001,Right Side,0.618397,0.454175,0.203309,0.945398,0.599358,0.442454,0.188024,0.941602,0.61765,0.461674,0.307114,0.967954,0.585268,0.442625,0.237898,0.957858,0.611115,0.488034,0.279297,0.997207,0.531503,0.458121,0.206306,0.992829,0.573802,0.629128,0.027183,0.998724,0.520307,0.61705,-0.02754,0.997896
2026-08-22 00:33:44,Night_001,No Person Detected,,,,,,,,,,,,,,,,,,,,,,,,,,,,,,,,
2026-08-22 00:33:44,Night_001,Right Side,0.610396,0.440071,0.180391,0.947976,0.590814,0.434208,0.162893,0.944939,0.609415,0.447832,0.295295,0.96898,0.579649,0.440384,0.214663,0.960536,0.601793,0.472372,0.248574,0.997227,0.51073,0.460951,0.191511,0.992907,0.57325,0.64172,-0.000992,0.99875,0.524755,0.634078,0.000692,0.997913
2026-08-22 00:33:45,Night_001,No Person Detected,,,,,,,,,,,,,,,,,,,,,,,,,,,,,,,,
2026-08-22 00:33:45,Night_001,Right Side,0.620222,0.444635,0.155478,0.958185,0.598113,0.438319,0.13869,0.955582,0.616333,0.452028,0.258973,0.974779,0.584046,0.442108,0.18264,0.968782,0.615999,0.474598,0.219661,0.997756,0.531732,0.463671,0.161995,0.993637,0.577509,0.636431,0.004525,0.999037,0.539301,0.635622,-0.004996,0.998309
2026-08-22 00:33:45,Night_001,No Person Detected,,,,,,,,,,,,,,,,,,,,,,,,,,,,,,,,
2026-08-22 00:33:45,Night_001,Right Side,0.61575,0.448908,0.132926,0.960597,0.598461,0.439587,0.118681,0.958289,0.613174,0.458585,0.242684,0.976476,0.581856,0.440482,0.176659,0.971068,0.608467,0.482548,0.231874,0.997722,0.517566,0.45608,0.146109,0.994019,0.563282,0.634329,0.036137,0.999013,0.508205,0.616183,-0.036298,0.998304
2026-08-22 00:33:45,Night_001,No Person Detected,,,,,,,,,,,,,,,,,,,,,,,,,,,,,,,,
2026-08-22 00:33:47,Night_001,Right Side,0.61524,0.445421,0.159573,0.962519,0.597926,0.438045,0.145453,0.960266,0.613002,0.457224,0.269623,0.977638,0.581078,0.441821,0.204492,0.97276,0.607554,0.482283,0.253148,0.997689,0.516729,0.458122,0.169803,0.99434,0.569333,0.629885,0.034732,0.998966,0.508961,0.618341,-0.034895,0.998294
2026-08-22 00:33:48,Night_001,No Person Detected,,,,,,,,,,,,,,,,,,,,,,,,,,,,,,,,
2026-08-22 00:33:48,Night_001,Right Side,0.618768,0.443574,0.068083,0.964674,0.597419,0.437086,0.053677,0.962302,0.61446,0.451746,0.175783,0.978724,0.582595,0.442445,0.109361,0.973483,0.626125,0.482979,0.163309,0.997831,0.522592,0.459422,0.109458,0.994059,0.583296,0.650068,0.009584,0.998989,0.529476,0.635779,-0.009735,0.998235
2026-08-22 00:33:48,Night_001,No Person Detected,,,,,,,,,,,,,,,,,,,,,,,,,,,,,,,,
2026-08-22 00:33:48,Night_001,Right Side,0.618385,0.448425,0.161266,0.964941,0.599136,0.443704,0.144487,0.962016,0.612972,0.450905,0.245463,0.9797,0.582905,0.443959,0.170143,0.973148,0.615496,0.461755,0.198096,0.998071,0.536034,0.449401,0.146887,0.994423,0.575903,0.635885,0.01015,0.999093,0.538409,0.629446,-0.010576,0.998396
2026-08-22 00:33:48,Night_001,No Person Detected,,,,,,,,,,,,,,,,,,,,,,,,,,,,,,,,
2026-08-22 00:33:49,Night_001,Right Side,0.620358,0.451405,0.14288,0.967773,0.602558,0.437499,0.130045,0.96512,0.616915,0.458005,0.243746,0.981405,0.588258,0.441691,0.183218,0.975427,0.614918,0.492822,0.22408,0.998151,0.528005,0.459447,0.172908,0.994758,0.566022,0.644415,0.023909,0.998932,0.511822,0.625943,-0.024112,0.99824
2026-08-22 00:33:49,Night_001,No Person Detected,,,,,,,,,,,,,,,,,,,,,,,,,,,,,,,,
2026-08-22 00:33:49,Night_001,Right Side,0.617168,0.445269,0.085,0.969165,0.599142,0.436718,0.068407,0.966524,0.614687,0.455772,0.199842,0.982026,0.58316,0.441265,0.122361,0.976373,0.607388,0.480455,0.179083,0.99821,0.516742,0.453394,0.110298,0.994779,0.563491,0.642612,0.011621,0.998967,0.516315,0.629575,-0.011857,0.998224
2026-08-22 00:33:49,Night_001,No Person Detected,,,,,,,,,,,,,,,,,,,,,,,,,,,,,,,,
2026-08-22 00:33:50,Night_001,Right Side,0.619223,0.44648,0.146639,0.971981,0.600679,0.440347,0.130059,0.969401,0.615465,0.453022,0.268568,0.983305,0.582808,0.439421,0.190995,0.978308,0.616156,0.47802,0.240936,0.998337,0.515059,0.455815,0.177819,0.994839,0.569429,0.637209,0.011068,0.998974,0.518256,0.625726,-0.011204,0.998012
2026-08-22 00:33:50,Night_001,No Person Detected,,,,,,,,,,,,,,,,,,,,,,,,,,,,,,,,
2026-08-22 00:33:51,Night_001,Right Side,0.621769,0.447005,0.116927,0.973733,0.603012,0.434964,0.102482,0.97144,0.617097,0.456491,0.227157,0.984164,0.585434,0.440514,0.159639,0.979697,0.607101,0.49686,0.20655,0.99828,0.515631,0.46668,0.143927,0.994935,0.56523,0.645902,0.017956,0.998952,0.511395,0.630167,-0.018131,0.997966
2026-08-22 00:33:51,Night_001,No Person Detected,,,,,,,,,,,,,,,,,,,,,,,,,,,,,,,,
2026-08-22 00:33:51,Night_001,Right Side,0.618932,0.447513,0.171385,0.975885,0.601193,0.438966,0.152816,0.97377,0.615168,0.455422,0.289654,0.985426,0.583327,0.441322,0.203485,0.981329,0.609479,0.488116,0.26881,0.99835,0.521274,0.45559,0.172795,0.995311,0.573383,0.636145,0.041375,0.999006,0.522953,0.621158,-0.041653,0.998079
2026-08-22 00:33:51,Night_001,No Person Detected,,,,,,,,,,,,,,,,,,,,,,,,,,,,,,,,
2026-08-22 00:33:52,Night_001,Right Side,0.611271,0.441847,0.107009,0.973164,0.592368,0.437063,0.088836,0.970404,0.61201,0.450039,0.22401,0.983622,0.579729,0.442548,0.139929,0.978875,0.611394,0.462814,0.192245,0.998397,0.526068,0.450771,0.124017,0.99492,0.570077,0.646694,0.007863,0.999031,0.531094,0.639733,-0.008326,0.998028
2026-08-22 00:33:52,Night_001,No Person Detected,,,,,,,,,,,,,,,,,,,,,,,,,,,,,,,,
2026-08-22 00:33:54,Night_001,Right Side,0.61929,0.447814,0.185181,0.980064,0.597909,0.440411,0.166685,0.977754,0.615283,0.453868,0.297281,0.987839,0.583555,0.443205,0.214038,0.984785,0.618677,0.478583,0.273541,0.998693,0.526853,0.456374,0.178322,0.993611,0.582936,0.635275,0.03612,0.999283,0.527995,0.625166,-0.036452,0.998328
2026-08-22 00:33:54,Night_001,No Person Detected,,,,,,,,,,,,,,,,,,,,,,,,,,,,,,,,
2026-08-22 00:33:56,Night_001,Right Side,0.621207,0.445226,0.151902,0.980879,0.601134,0.437523,0.135723,0.978751,0.616346,0.453779,0.269802,0.988162,0.584155,0.440693,0.195475,0.985386,0.618797,0.482825,0.242595,0.998693,0.522995,0.452251,0.171192,0.993905,0.578225,0.636582,0.019275,0.999216,0.525205,0.621274,-0.01941,0.998255
2026-08-22 00:33:56,Night_001,No Person Detected,,,,,,,,,,,,,,,,,,,,,,,,,,,,,,,,
2026-08-22 00:33:57,Night_001,Right Side,0.618084,0.446549,0.184221,0.982078,0.602126,0.43838,0.169197,0.980186,0.61447,0.457613,0.297031,0.989003,0.582425,0.437636,0.228575,0.986586,0.606643,0.495771,0.271121,0.998634,0.516737,0.46114,0.200087,0.994422,0.567194,0.638569,0.025895,0.999122,0.505669,0.622084,-0.026103,0.998304
2026-08-22 00:33:57,Night_001,No Person Detected,,,,,,,,,,,,,,,,,,,,,,,,,,,,,,,,
2026-08-22 00:33:57,Night_001,Right Side,0.616524,0.448525,0.110434,0.983289,0.599131,0.437895,0.094463,0.981572,0.614585,0.457175,0.223297,0.98982,0.582893,0.438041,0.148997,0.987615,0.609415,0.488608,0.218223,0.998673,0.519206,0.463632,0.128832,0.9948,0.565201,0.637494,0.034127,0.999126,0.513182,0.623156,-0.034297,0.998312
2026-08-22 00:33:57,Night_001,No Person Detected,,,,,,,,,,,,,,,,,,,,,,,,,,,,,,,,
2026-08-22 00:33:58,Night_001,Right Side,0.620161,0.455931,0.130707,0.982511,0.604233,0.446189,0.114271,0.98032,0.61747,0.461994,0.21659,0.989332,0.588584,0.444393,0.140242,0.986206,0.603288,0.48272,0.193892,0.998652,0.540231,0.448883,0.124146,0.995147,0.561652,0.642227,0.035086,0.999104,0.521248,0.630806,-0.035443,0.998341
2026-08-22 00:33:58,Night_001,No Person Detected,,,,,,,,,,,,,,,,,,,,,,,,,,,,,,,,
2026-08-22 00:33:59,Night_001,Right Side,0.616319,0.446671,0.18734,0.97526,0.598305,0.439964,0.169243,0.973829,0.613379,0.450523,0.274925,0.984609,0.584362,0.442988,0.193556,0.979947,0.607119,0.467047,0.248088,0.998445,0.52985,0.443465,0.148103,0.995231,0.570197,0.624889,0.041347,0.999151,0.52313,0.613315,-0.041764,0.99844
2026-08-22 00:33:59,Night_001,No Person Detected,,,,,,,,,,,,,,,,,,,,,,,,,,,,,,,,
2026-08-22 00:33:59,Night_001,Right Side,0.616332,0.448135,0.123671,0.959693,0.599009,0.441074,0.108266,0.956225,0.613412,0.453792,0.225989,0.976515,0.581574,0.442496,0.155701,0.967784,0.605121,0.466325,0.20077,0.998322,0.516657,0.4535,0.144951,0.994514,0.563625,0.627733,0.014068,0.999115,0.51916,0.620638,-0.014452,0.998336
2026-08-22 00:34:00,Night_001,No Person Detected,,,,,,,,,,,,,,,,,,,,,,,,,,,,,,,,
2026-08-22 00:34:00,Night_001,Right Side,0.619302,0.449782,0.133394,0.961401,0.600472,0.440553,0.116223,0.958524,0.616906,0.45888,0.241617,0.977696,0.584199,0.443362,0.162494,0.9698,0.604462,0.482531,0.21878,0.998153,0.518076,0.448824,0.13785,0.994772,0.557191,0.647997,0.028682,0.999118,0.503082,0.628649,-0.028919,0.998392
2026-08-22 00:34:01,Night_001,No Person Detected,,,,,,,,,,,,,,,,,,,,,,,,,,,,,,,,
2026-08-22 00:34:02,Night_001,Right Side,0.613769,0.447442,0.117731,0.965368,0.596191,0.439123,0.104404,0.96267,0.612404,0.455492,0.213186,0.980025,0.582759,0.442544,0.151163,0.973586,0.610861,0.484185,0.204902,0.998085,0.516121,0.459971,0.137767,0.994831,0.567262,0.632444,0.027867,0.999073,0.515324,0.615527,-0.027923,0.998209
2026-08-22 00:34:02,Night_001,No Person Detected,,,,,,,,,,,,,,,,,,,,,,,,,,,,,,,,
2026-08-22 00:34:02,Night_001,Right Side,0.617467,0.44796,0.100838,0.965468,0.60063,0.436589,0.089294,0.96316,0.6164,0.45631,0.202179,0.980158,0.584724,0.440897,0.14768,0.974659,0.612838,0.487984,0.192117,0.997921,0.517355,0.459869,0.139524,0.994768,0.561594,0.643437,0.026056,0.998811,0.502827,0.622927,-0.026182,0.997808
2026-08-22 00:34:02,Night_001,No Person Detected,,,,,,,,,,,,,,,,,,,,,,,,,,,,,,,,
2026-08-22 00:34:03,Night_001,Right Side,0.619542,0.451606,0.068102,0.965911,0.603123,0.444507,0.0494,0.963617,0.613294,0.455533,0.170095,0.980414,0.583913,0.438781,0.083919,0.975356,0.607831,0.472487,0.160292,0.997828,0.519735,0.446826,0.089689,0.99466,0.560273,0.641177,0.012338,0.99873,0.517074,0.634425,-0.012587,0.997641
2026-08-22 00:34:03,Night_001,No Person Detected,,,,,,,,,,,,,,,,,,,,,,,,,,,,,,,,
2026-08-22 00:34:04,Night_001,Right Side,0.618049,0.458259,0.30504,0.971795,0.604641,0.444549,0.287177,0.96972,0.613994,0.46553,0.44419,0.983752,0.587371,0.437955,0.36218,0.979526,0.601157,0.521656,0.414737,0.997302,0.532742,0.447544,0.282386,0.994911,0.565396,0.615515,0.045253,0.998471,0.512386,0.58313,-0.045591,0.997747
2026-08-22 00:34:04,Night_001,No Person Detected,,,,,,,,,,,,,,,,,,,,,,,,,,,,,,,,
2026-08-22 00:34:05,Night_001,Right Side,0.615793,0.446685,0.194763,0.973041,0.597576,0.437981,0.177095,0.970736,0.613259,0.454228,0.303781,0.9844,0.583675,0.441047,0.223213,0.979982,0.602264,0.479254,0.278526,0.997448,0.518347,0.456838,0.184833,0.99523,0.563764,0.630274,0.038359,0.998572,0.516044,0.622666,-0.03861,0.997876
2026-08-22 00:34:05,Night_001,No Person Detected,,,,,,,,,,,,,,,,,,,,,,,,,,,,,,,,
2026-08-22 00:34:05,Night_001,Right Side,0.618513,0.442595,0.151531,0.97371,0.597702,0.434629,0.136919,0.971348,0.616027,0.451392,0.2641,0.984016,0.58313,0.438091,0.196909,0.979784,0.621538,0.490394,0.236666,0.997472,0.526607,0.462894,0.167227,0.994952,0.589962,0.638386,0.020657,0.998414,0.527851,0.623172,-0.020753,0.997642
2026-08-22 00:34:05,Night_001,No Person Detected,,,,,,,,,,,,,,,,,,,,,,,,,,,,,,,,
2026-08-22 00:34:05,Night_001,Right Side,0.618391,0.445965,0.166464,0.975741,0.600619,0.43836,0.153945,0.973488,0.617104,0.457083,0.270437,0.985243,0.586501,0.443095,0.212841,0.981359,0.614365,0.488057,0.244445,0.997516,0.527848,0.461798,0.177565,0.995204,0.575289,0.636248,0.028377,0.998489,0.517538,0.626162,-0.028511,0.997761
2026-08-22 00:34:06,Night_001,No Person Detected,,,,,,,,,,,,,,,,,,,,,,,,,,,,,,,,
2026-08-22 00:34:06,Night_001,Right Side,0.618361,0.450541,0.112939,0.977552,0.600506,0.439773,0.100702,0.975463,0.615933,0.46026,0.212047,0.986376,0.586513,0.44245,0.154923,0.982771,0.611096,0.497659,0.193755,0.997587,0.528716,0.461587,0.144579,0.995395,0.565242,0.642887,0.024111,0.998281,0.51451,0.628658,-0.024233,0.997511
2026-08-22 00:34:06,Night_001,No Person Detected,,,,,,,,,,,,,,,,,,,,,,,,,,,,,,,,
2026-08-22 00:34:07,Night_001,Right Side,0.620355,0.446132,0.141872,0.978865,0.599637,0.437314,0.127168,0.976825,0.616657,0.455159,0.255387,0.987153,0.583602,0.440176,0.18757,0.983737,0.611685,0.488173,0.230838,0.997732,0.516458,0.459208,0.172122,0.995555,0.570989,0.638051,0.019965,0.998356,0.516519,0.62573,-0.020169,0.997553
2026-08-22 00:34:07,Night_001,No Person Detected,,,,,,,,,,,,,,,,,,,,,,,,,,,,,,,,
2026-08-22 00:34:08,Night_001,Right Side,0.61864,0.445851,0.150567,0.978848,0.603322,0.436531,0.133227,0.976985,0.613806,0.455755,0.273503,0.987428,0.582694,0.437065,0.193254,0.984278,0.606722,0.490135,0.25324,0.997861,0.51122,0.462848,0.163652,0.995875,0.564747,0.635856,0.033201,0.998389,0.505298,0.619273,-0.033419,0.997667
2026-08-22 00:34:08,Night_001,No Person Detected,,,,,,,,,,,,,,,,,,,,,,,,,,,,,,,,
2026-08-22 00:34:08,Night_001,Right Side,0.617292,0.442112,0.182512,0.979006,0.598861,0.436316,0.166671,0.977196,0.614297,0.449174,0.302835,0.987277,0.584539,0.442403,0.229741,0.984344,0.614749,0.475093,0.26476,0.99786,0.526559,0.452152,0.195862,0.995764,0.578072,0.640753,0.016849,0.998455,0.530057,0.630043,-0.017088,0.9977
2026-08-22 00:34:08,Night_001,No Person Detected,,,,,,,,,,,,,,,,,,,,,,,,,,,,,,,,
2026-08-22 00:34:09,Night_001,Right Side,0.618007,0.448432,0.178004,0.980207,0.600608,0.43813,0.161635,0.978339,0.613341,0.457902,0.286799,0.987913,0.58369,0.441863,0.211493,0.985146,0.614405,0.500874,0.268988,0.997901,0.524992,0.461067,0.167655,0.996049,0.58118,0.624415,0.04343,0.998525,0.523961,0.612085,-0.043709,0.997842
2026-08-22 00:34:09,Night_001,No Person Detected,,,,,,,,,,,,,,,,,,,,,,,,,,,,,,,,
2026-08-22 00:34:11,Night_001,Right Side,0.615646,0.446383,0.142133,0.980047,0.597997,0.435914,0.125855,0.978468,0.612103,0.455216,0.262276,0.987973,0.580076,0.436149,0.188224,0.985701,0.604281,0.480998,0.244664,0.997923,0.513851,0.453685,0.1561,0.996288,0.560663,0.637706,0.024993,0.998562,0.503787,0.62105,-0.025325,0.99794
2026-08-22 00:34:11,Night_001,No Person Detected,,,,,,,,,,,,,,,,,,,,,,,,,,,,,,,,
2026-08-22 00:34:11,Night_001,Right Side,0.62033,0.44572,0.136453,0.978261,0.600512,0.436926,0.121475,0.977299,0.613935,0.454355,0.244094,0.987109,0.585105,0.439062,0.17549,0.985596,0.613836,0.477582,0.22947,0.997906,0.520823,0.450153,0.143416,0.99643,0.57089,0.636257,0.032246,0.998721,0.515848,0.622012,-0.032533,0.998134
2026-08-22 00:34:11,Night_001,No Person Detected,,,,,,,,,,,,,,,,,,,,,,,,,,,,,,,,
2026-08-22 00:34:13,Night_001,Right Side,0.618011,0.444998,0.090715,0.979956,0.599886,0.43459,0.078933,0.979002,0.618617,0.459345,0.196573,0.988063,0.583394,0.436579,0.142148,0.986692,0.62408,0.49661,0.192971,0.998026,0.519397,0.459388,0.126579,0.996699,0.574907,0.627569,0.031351,0.998693,0.51445,0.614196,-0.031525,0.998138
2026-08-22 00:34:13,Night_001,No Person Detected,,,,,,,,,,,,,,,,,,,,,,,,,,,,,,,,
2026-08-22 00:34:14,Night_001,Right Side,0.620225,0.449149,0.112002,0.979804,0.603121,0.441336,0.091469,0.978545,0.613223,0.456278,0.220778,0.987856,0.583431,0.442792,0.124393,0.986379,0.603203,0.477996,0.205352,0.998073,0.514027,0.453738,0.115969,0.996411,0.562523,0.637935,0.021511,0.998684,0.512859,0.626394,-0.021472,0.997972
2026-08-22 00:34:14,Night_001,No Person Detected,,,,,,,,,,,,,,,,,,,,,,,,,,,,,,,,
2026-08-22 00:34:16,Night_001,Right Side,0.618039,0.450257,0.127614,0.982949,0.600445,0.438514,0.113338,0.981931,0.616411,0.461836,0.233238,0.989652,0.581965,0.441355,0.167381,0.988663,0.611015,0.500168,0.222697,0.998192,0.526606,0.461334,0.138171,0.996973,0.573618,0.628396,0.040137,0.998814,0.516548,0.614539,-0.040306,0.998245
2026-08-22 00:34:16,Night_001,No Person Detected,,,,,,,,,,,,,,,,,,,,,,,,,,,,,,,,
2026-08-22 00:34:17,Night_001,Right Side,0.617713,0.447225,0.138012,0.982606,0.600468,0.438585,0.123567,0.981891,0.614083,0.458147,0.24845,0.989704,0.583703,0.441935,0.181857,0.988993,0.609181,0.490104,0.237237,0.998129,0.513787,0.461413,0.15755,0.997071,0.565801,0.645212,0.033237,0.99883,0.506157,0.624887,-0.033357,0.998271
2026-08-22 00:34:17,Night_001,No Person Detected,,,,,,,,,,,,,,,,,,,,,,,,,,,,,,,,
2026-08-22 00:34:17,Night_001,Right Side,0.621068,0.446046,0.156604,0.98068,0.602952,0.439266,0.137877,0.979452,0.615104,0.454009,0.275307,0.988158,0.584234,0.442387,0.188321,0.987006,0.608687,0.478378,0.23598,0.9981,0.520859,0.452484,0.165606,0.996504,0.56919,0.645521,0.004494,0.998823,0.524763,0.634148,-0.004698,0.998126
2026-08-22 00:34:18,Night_001,No Person Detected,,,,,,,,,,,,,,,,,,,,,,,,,,,,,,,,
2026-08-22 00:34:18,Night_001,Right Side,0.616645,0.442136,0.122727,0.981903,0.599185,0.433903,0.106725,0.980069,0.614348,0.451493,0.230726,0.989017,0.582555,0.436491,0.157234,0.98702,0.611906,0.478793,0.206257,0.99839,0.516946,0.457011,0.133546,0.995405,0.56738,0.643876,0.015457,0.999119,0.518554,0.628015,-0.015684,0.998446
2026-08-22 00:34:18,Night_001,No Person Detected,,,,,,,,,,,,,,,,,,,,,,,,,,,,,,,,
2026-08-22 00:34:20,Night_001,Right Side,0.608124,0.435188,0.179703,0.979454,0.587339,0.433713,0.171682,0.977328,0.608582,0.441808,0.268868,0.987183,0.579108,0.441094,0.232475,0.984633,0.621998,0.456024,0.212535,0.998436,0.537343,0.456715,0.214297,0.995025,0.592591,0.633716,-0.015078,0.999127,0.551663,0.633647,0.014678,0.998402
2026-08-22 00:34:20,Night_001,No Person Detected,,,,,,,,,,,,,,,,,,,,,,,,,,,,,,,,
2026-08-22 00:34:20,Night_001,Right Side,0.617774,0.447168,0.100996,0.980495,0.599355,0.437443,0.087789,0.978512,0.6173,0.459599,0.210409,0.987944,0.582777,0.44141,0.148872,0.985589,0.616319,0.49102,0.202486,0.998475,0.517244,0.463163,0.12614,0.995332,0.571163,0.634062,0.039879,0.999116,0.511678,0.617613,-0.040125,0.998413
2026-08-22 00:34:21,Night_001,No Person Detected,,,,,,,,,,,,,,,,,,,,,,,,,,,,,,,,
2026-08-22 00:34:21,Night_001,Right Side,0.618052,0.451091,0.142837,0.978768,0.601888,0.442907,0.125004,0.976973,0.613521,0.458868,0.237637,0.98714,0.584794,0.443251,0.154662,0.984211,0.597453,0.479721,0.211557,0.998268,0.521254,0.445582,0.139186,0.995446,0.555659,0.643061,0.034011,0.999059,0.508057,0.627433,-0.034306,0.998356
2026-08-22 00:34:21,Night_001,No Person Detected,,,,,,,,,,,,,,,,,,,,,,,,,,,,,,,,
2026-08-22 00:34:23,Night_001,Right Side,0.618352,0.445608,0.191924,0.98191,0.600929,0.43718,0.176332,0.980255,0.614619,0.453751,0.298554,0.989071,0.582188,0.439996,0.225207,0.986366,0.599343,0.479221,0.264843,0.998471,0.51639,0.455039,0.191286,0.996006,0.56298,0.636228,0.031837,0.999171,0.514517,0.630673,-0.032071,0.998533
2026-08-22 00:34:23,Night_001,No Person Detected,,,,,,,,,,,,,,,,,,,,,,,,,,,,,,,,
2026-08-22 00:34:23,Night_001,Right Side,0.622661,0.45131,0.128601,0.982922,0.603421,0.439702,0.109658,0.981723,0.61771,0.458393,0.25432,0.98961,0.584818,0.440166,0.164999,0.987962,0.605914,0.482694,0.235615,0.998467,0.513483,0.455576,0.143697,0.996265,0.557771,0.641372,0.024264,0.999217,0.50729,0.621186,-0.024427,0.998541
2026-08-22 00:34:24,Night_001,No Person Detected,,,,,,,,,,,,,,,,,,,,,,,,,,,,,,,,
2026-08-22 00:34:24,Night_001,Right Side,0.61855,0.446095,0.17346,0.988582,0.599343,0.436538,0.160232,0.987824,0.616843,0.455132,0.282798,0.993124,0.584847,0.439721,0.222007,0.992073,0.610778,0.484921,0.252933,0.99882,0.520351,0.458499,0.195842,0.996947,0.566893,0.636429,0.022679,0.999472,0.512627,0.624378,-0.022875,0.998923
2026-08-22 00:34:24,Night_001,No Person Detected,,,,,,,,,,,,,,,,,,,,,,,,,,,,,,,,
2026-08-22 00:34:26,Night_001,Right Side,0.616275,0.451673,0.142819,0.989131,0.600452,0.436957,0.135105,0.988356,0.614774,0.464593,0.250723,0.993481,0.583743,0.439331,0.213827,0.99248,0.612019,0.506641,0.225848,0.998845,0.523574,0.463982,0.210195,0.997007,0.562535,0.639043,0.011172,0.9994,0.504045,0.61765,-0.011358,0.99888
2026-08-22 00:34:26,Night_001,No Person Detected,,,,,,,,,,,,,,,,,,,,,,,,,,,,,,,,
2026-08-22 00:34:27,Night_001,Right Side,0.617007,0.444853,0.083667,0.984951,0.600154,0.43606,0.074286,0.983674,0.616971,0.457517,0.178014,0.991194,0.585701,0.437102,0.133143,0.989542,0.617009,0.490528,0.167073,0.998644,0.519146,0.459632,0.133595,0.995723,0.564249,0.643618,0.016846,0.998807,0.505266,0.617817,-0.016787,0.9977
2026-08-22 00:34:27,Night_001,No Person Detected,,,,,,,,,,,,,,,,,,,,,,,,,,,,,,,,
2026-08-22 00:34:28,Night_001,Right Side,0.61634,0.445209,0.09,0.983078,0.596419,0.437299,0.073999,0.981815,0.615766,0.453672,0.20315,0.99001,0.581286,0.440562,0.129166,0.987985,0.610599,0.473446,0.183998,0.998627,0.514005,0.460574,0.118636,0.995614,0.565263,0.644794,0.010245,0.998863,0.517466,0.62997,-0.010457,0.997749
2026-08-22 00:34:28,Night_001,No Person Detected,,,,,,,,,,,,,,,,,,,,,,,,,,,,,,,,
2026-08-22 00:34:29,Night_001,Right Side,0.617659,0.442752,0.147196,0.981352,0.598302,0.437064,0.134811,0.980118,0.616914,0.451883,0.254249,0.988315,0.582612,0.441996,0.198281,0.986111,0.628176,0.477655,0.234483,0.99845,0.518845,0.457268,0.180989,0.994869,0.588049,0.632263,0.019456,0.998915,0.522576,0.615267,-0.019518,0.997917
2026-08-22 00:34:30,Night_001,No Person Detected,,,,,,,,,,,,,,,,,,,,,,,,,,,,,,,,
2026-08-22 00:34:31,Night_001,Right Side,0.617921,0.443206,0.1388,0.98143,0.595379,0.435189,0.126189,0.980289,0.616819,0.45496,0.254713,0.988422,0.581238,0.440306,0.196582,0.986324,0.60859,0.48612,0.232848,0.998451,0.514082,0.465533,0.178861,0.994892,0.567922,0.637749,0.014077,0.998965,0.510125,0.62105,-0.01424,0.997993
2026-08-22 00:34:31,Night_001,No Person Detected,,,,,,,,,,,,,,,,,,,,,,,,,,,,,,,,
2026-08-22 00:34:31,Night_001,Right Side,0.61417,0.444933,0.192221,0.98229,0.597731,0.438523,0.174538,0.980964,0.612326,0.454099,0.30044,0.988907,0.584618,0.439777,0.218297,0.986731,0.602137,0.485319,0.277608,0.998554,0.527003,0.452224,0.170664,0.995359,0.569997,0.63445,0.048929,0.999042,0.527762,0.625968,-0.049398,0.998156
2026-08-22 00:34:32,Night_001,No Person Detected,,,,,,,,,,,,,,,,,,,,,,,,,,,,,,,,
2026-08-22 00:34:32,Night_001,Right Side,0.617823,0.448784,0.189398,0.981675,0.599507,0.440604,0.176636,0.980171,0.61528,0.457118,0.292775,0.988284,0.584623,0.443301,0.233052,0.985957,0.609047,0.47953,0.261375,0.998385,0.517176,0.459054,0.199309,0.995369,0.571673,0.636058,0.023385,0.999012,0.517201,0.627108,-0.023586,0.99814
2026-08-22 00:34:33,Night_001,No Person Detected,,,,,,,,,,,,,,,,,,,,,,,,,,,,,,,,
2026-08-22 00:34:33,Night_001,Right Side,0.616137,0.446063,0.138961,0.982229,0.600361,0.435515,0.129581,0.980552,0.615088,0.458551,0.240199,0.988532,0.584556,0.440157,0.197426,0.986157,0.612645,0.492649,0.212253,0.998342,0.520885,0.461661,0.173606,0.995601,0.572973,0.622887,0.017465,0.99898,0.517455,0.609506,-0.017732,0.998183
2026-08-22 00:34:33,Night_001,No Person Detected,,,,,,,,,,,,,,,,,,,,,,,,,,,,,,,,
2026-08-22 00:34:33,Night_001,Right Side,0.617886,0.447807,0.117462,0.98204,0.600696,0.436403,0.103036,0.980241,0.615762,0.45562,0.220036,0.988747,0.584214,0.43623,0.153426,0.986462,0.614027,0.478707,0.208847,0.99836,0.518867,0.459631,0.136116,0.995708,0.568249,0.636447,0.026154,0.999005,0.511958,0.622973,-0.026362,0.998208
2026-08-22 00:34:33,Night_001,No Person Detected,,,,,,,,,,,,,,,,,,,,,,,,,,,,,,,,
2026-08-22 00:34:34,Night_001,Right Side,0.620932,0.45157,0.15028,0.98324,0.602095,0.440276,0.135059,0.981603,0.619913,0.46011,0.262577,0.989555,0.58564,0.441008,0.192501,0.987577,0.615304,0.4951,0.247214,0.998346,0.518018,0.466689,0.176058,0.995953,0.568552,0.64188,0.027906,0.998983,0.509425,0.625235,-0.028094,0.998181
2026-08-22 00:34:35,Night_001,No Person Detected,,,,,,,,,,,,,,,,,,,,,,,,,,,,,,,,
2026-08-22 00:34:35,Night_001,Right Side,0.619194,0.449591,0.193094,0.984517,0.600921,0.441103,0.174817,0.983027,0.613885,0.456866,0.313268,0.990358,0.584363,0.442694,0.229466,0.98859,0.607521,0.481423,0.293331,0.998398,0.522759,0.454383,0.184022,0.9963,0.567404,0.634798,0.045374,0.999035,0.514683,0.622357,-0.045606,0.998297
2026-08-22 00:34:35,Night_001,No Person Detected,,,,,,,,,,,,,,,,,,,,,,,,,,,,,,,,
2026-08-22 00:34:36,Night_001,Right Side,0.616875,0.444193,0.170216,0.985425,0.597917,0.437158,0.15805,0.98403,0.614763,0.453607,0.270209,0.99047,0.584137,0.442006,0.214149,0.988876,0.616168,0.470721,0.231347,0.998618,0.527406,0.449228,0.182548,0.996826,0.577418,0.629938,0.017645,0.999205,0.527183,0.626377,-0.017907,0.998581
2026-08-22 00:34:36,Night_001,No Person Detected,,,,,,,,,,,,,,,,,,,,,,,,,,,,,,,,
2026-08-22 00:34:36,Night_001,Right Side,0.620223,0.444468,0.182631,0.983369,0.598448,0.439612,0.165619,0.98183,0.615712,0.449394,0.289006,0.988745,0.584581,0.444012,0.212103,0.987162,0.62198,0.472967,0.258721,0.998519,0.531846,0.455039,0.184555,0.996452,0.58542,0.634384,0.021171,0.999088,0.533227,0.62657,-0.021405,0.998403
2026-08-22 00:34:37,Night_001,No Person Detected,,,,,,,,,,,,,,,,,,,,,,,,,,,,,,,,
2026-08-22 00:34:37,Night_001,Right Side,0.616229,0.43981,0.171658,0.984872,0.594736,0.435257,0.156927,0.983633,0.615018,0.450193,0.283123,0.989886,0.57999,0.44173,0.215392,0.988663,0.620509,0.479427,0.247192,0.99862,0.522151,0.463973,0.199625,0.996034,0.58755,0.637433,0.008198,0.999098,0.533403,0.631281,-0.00835,0.998362
2026-08-22 00:34:38,Night_001,No Person Detected,,,,,,,,,,,,,,,,,,,,,,,,,,,,,,,,
2026-08-22 00:34:38,Night_001,Right Side,0.618591,0.457844,0.404658,0.986352,0.604784,0.44523,0.384794,0.985162,0.613517,0.463968,0.552616,0.990863,0.587646,0.439644,0.461227,0.989637,0.591007,0.52134,0.513715,0.998391,0.531547,0.449958,0.352092,0.996301,0.555499,0.626163,0.054853,0.999082,0.508589,0.593652,-0.055346,0.998398
2026-08-22 00:34:38,Night_001,No Person Detected,,,,,,,,,,,,,,,,,,,,,,,,,,,,,,,,
2026-08-22 00:34:38,Night_001,Right Side,0.61916,0.4521,0.10072,0.987098,0.602053,0.445746,0.077063,0.985898,0.613763,0.456439,0.19146,0.991463,0.587146,0.444062,0.08065,0.990197,0.589625,0.461313,0.168476,0.998505,0.542566,0.448319,0.069185,0.996523,0.552983,0.638552,0.026558,0.999138,0.537068,0.6358,-0.027012,0.99847
2026-08-22 00:34:38,Night_001,No Person Detected,,,,,,,,,,,,,,,,,,,,,,,,,,,,,,,,
2026-08-22 00:34:39,Night_001,Right Side,0.620163,0.446582,0.175756,0.982072,0.601132,0.437269,0.15492,0.980056,0.61515,0.45363,0.292419,0.986115,0.581939,0.440029,0.195152,0.984593,0.607634,0.493575,0.276971,0.997971,0.517258,0.453762,0.152382,0.996364,0.581481,0.637279,0.050609,0.998846,0.521786,0.625559,-0.050729,0.998179
2026-08-22 00:34:39,Night_001,No Person Detected,,,,,,,,,,,,,,,,,,,,,,,,,,,,,,,,
2026-08-22 00:34:41,Night_001,Right Side,0.622001,0.44797,0.078258,0.984513,0.602434,0.435246,0.061414,0.983327,0.617779,0.457916,0.197551,0.987716,0.581178,0.439678,0.116642,0.987554,0.607085,0.500153,0.189856,0.998184,0.510507,0.462132,0.110495,0.996506,0.558802,0.657929,0.024215,0.998866,0.502526,0.633115,-0.024012,0.997981
2026-08-22 00:34:41,Night_001,No Person Detected,,,,,,,,,,,,,,,,,,,,,,,,,,,,,,,,
2026-08-22 00:34:41,Night_001,Right Side,0.618628,0.448284,0.143371,0.985244,0.600939,0.441667,0.124529,0.984044,0.612592,0.4555,0.253808,0.988304,0.582853,0.437942,0.167233,0.987912,0.607265,0.485885,0.223627,0.998149,0.51886,0.458895,0.141962,0.996654,0.571218,0.638492,0.027109,0.998883,0.524102,0.627879,-0.027442,0.99801
2026-08-22 00:34:42,Night_001,No Person Detected,,,,,,,,,,,,,,,,,,,,,,,,,,,,,,,,
2026-08-22 00:34:42,Night_001,Right Side,0.616762,0.447043,0.091348,0.982807,0.597174,0.439574,0.075622,0.982644,0.615822,0.453356,0.199666,0.987403,0.581665,0.439,0.127035,0.987671,0.616901,0.473926,0.189198,0.998259,0.524214,0.458035,0.128452,0.996857,0.568425,0.648845,0.016983,0.999045,0.522604,0.636715,-0.017356,0.99826
2026-08-22 00:34:42,Night_001,No Person Detected,,,,,,,,,,,,,,,,,,,,,,,,,,,,,,,,
2026-08-22 00:34:42,Night_001,Right Side,0.621525,0.445986,0.198318,0.97965,0.603333,0.43956,0.18199,0.980059,0.615296,0.455464,0.306698,0.985374,0.584904,0.442771,0.231715,0.985307,0.613245,0.47534,0.270139,0.998078,0.522387,0.456734,0.194596,0.996748,0.575874,0.631801,0.030879,0.99906,0.5243,0.620904,-0.03118,0.998296
2026-08-22 00:34:42,Night_001,No Person Detected,,,,,,,,,,,,,,,,,,,,,,,,,,,,,,,,
2026-08-22 00:34:43,Night_001,Right Side,0.622083,0.449062,0.108852,0.980107,0.602332,0.439313,0.094559,0.980427,0.620688,0.460093,0.217351,0.985984,0.584212,0.43991,0.151028,0.985974,0.614858,0.491279,0.210364,0.998024,0.515144,0.463815,0.142007,0.99661,0.56836,0.642069,0.030118,0.998986,0.505786,0.625626,-0.030221,0.998161
2026-08-22 00:34:43,Night_001,No Person Detected,,,,,,,,,,,,,,,,,,,,,,,,,,,,,,,,
2026-08-22 00:34:44,Night_001,Right Side,0.619546,0.444204,0.084303,0.972015,0.601804,0.437838,0.073141,0.971929,0.618464,0.454103,0.183029,0.981028,0.585755,0.443321,0.130802,0.980063,0.618742,0.481304,0.163268,0.997937,0.524042,0.461686,0.116154,0.995739,0.567986,0.648429,0.011713,0.998897,0.515329,0.634447,-0.011899,0.997909
2026-08-22 00:34:45,Night_001,No Person Detected,,,,,,,,,,,,,,,,,,,,,,,,,,,,,,,,
2026-08-22 00:34:45,Night_001,Right Side,0.615402,0.450629,0.139084,0.97459,0.599765,0.440801,0.124425,0.974835,0.613973,0.460203,0.24455,0.983617,0.584594,0.441414,0.176925,0.984096,0.604219,0.491799,0.227404,0.998468,0.527351,0.458314,0.167617,0.994676,0.555065,0.639205,0.019625,0.999062,0.511513,0.623119,-0.019825,0.997804
2026-08-22 00:34:45,Night_001,No Person Detected,,,,,,,,,,,,,,,,,,,,,,,,,,,,,,,,
2026-08-22 00:34:46,Night_001,Right Side,0.615638,0.449758,0.155551,0.967085,0.598274,0.441334,0.139987,0.964915,0.611984,0.457038,0.246292,0.980096,0.583637,0.443341,0.1749,0.975787,0.600267,0.467204,0.216635,0.998342,0.531015,0.449323,0.149654,0.994532,0.560263,0.633797,0.024625,0.99912,0.519389,0.627682,-0.02494,0.997953
2026-08-22 00:34:46,Night_001,No Person Detected,,,,,,,,,,,,,,,,,,,,,,,,,,,,,,,,
2026-08-22 00:34:47,Night_001,Right Side,0.620818,0.449831,0.153239,0.971184,0.598373,0.440623,0.137995,0.969289,0.616445,0.456982,0.264178,0.982244,0.582116,0.442554,0.194247,0.978503,0.618706,0.487469,0.24218,0.998424,0.516267,0.462907,0.176551,0.99515,0.578039,0.637498,0.024886,0.999144,0.517977,0.623699,-0.024995,0.998089
2026-08-22 00:34:47,Night_001,No Person Detected,,,,,,,,,,,,,,,,,,,,,,,,,,,,,,,,
2026-08-22 00:34:47,Night_001,Right Side,0.621956,0.440686,0.158248,0.972591,0.602755,0.428707,0.145125,0.970776,0.621266,0.454514,0.274033,0.983023,0.584939,0.436344,0.213244,0.97926,0.616285,0.493326,0.238676,0.998254,0.517984,0.46405,0.190986,0.994725,0.572453,0.638351,0.013582,0.999134,0.515,0.618267,-0.01377,0.998067
2026-08-22 00:34:47,Night_001,No Person Detected,,,,,,,,,,,,,,,,,,,,,,,,,,,,,,,,
2026-08-22 00:34:48,Night_001,Right Side,0.62063,0.452574,0.104452,0.974771,0.602412,0.438328,0.089498,0.973184,0.617509,0.462135,0.211024,0.984456,0.584062,0.44008,0.140614,0.981099,0.609777,0.496675,0.197803,0.998266,0.517667,0.460667,0.138576,0.995064,0.560345,0.644229,0.026032,0.999053,0.501516,0.623,-0.026161,0.998044
2026-08-22 00:34:48,Night_001,No Person Detected,,,,,,,,,,,,,,,,,,,,,,,,,,,,,,,,
2026-08-22 00:34:48,Night_001,Right Side,0.617203,0.454177,0.258386,0.976903,0.603488,0.442881,0.238835,0.975175,0.612354,0.458754,0.391586,0.985699,0.586459,0.435598,0.30328,0.982208,0.602714,0.507403,0.374746,0.997408,0.533032,0.448333,0.210686,0.995467,0.56607,0.612255,0.052815,0.999054,0.513504,0.586006,-0.053062,0.998169
2026-08-22 00:34:49,Night_001,No Person Detected,,,,,,,,,,,,,,,,,,,,,,,,,,,,,,,,
2026-08-22 00:34:49,Night_001,Right Side,0.618356,0.452356,0.139642,0.980803,0.601156,0.44189,0.124701,0.979227,0.613403,0.457148,0.241588,0.988067,0.586043,0.440148,0.172935,0.985086,0.613154,0.483751,0.223385,0.997606,0.527184,0.45205,0.159625,0.995782,0.569113,0.627376,0.021911,0.998879,0.518675,0.613647,-0.022104,0.997875
2026-08-22 00:34:49,Night_001,No Person Detected,,,,,,,,,,,,,,,,,,,,,,,,,,,,,,,,
2026-08-22 00:34:50,Night_001,Right Side,0.618295,0.44238,0.143324,0.979534,0.599857,0.434785,0.130075,0.977804,0.61656,0.454307,0.249037,0.987226,0.584022,0.438984,0.187642,0.983826,0.612598,0.484158,0.224243,0.997411,0.519666,0.458244,0.165943,0.994785,0.570714,0.631777,0.017328,0.998887,0.515426,0.615927,-0.017469,0.997819
2026-08-22 00:34:50,Night_001,No Person Detected,,,,,,,,,,,,,,,,,,,,,,,,,,,,,,,,
2026-08-22 00:34:50,Night_001,Right Side,0.615517,0.449439,0.088199,0.97299,0.599482,0.443115,0.072147,0.970466,0.611578,0.454324,0.188495,0.984461,0.584213,0.444345,0.116124,0.979487,0.609662,0.462832,0.180691,0.997429,0.52231,0.445443,0.110509,0.994663,0.564417,0.634399,0.019062,0.998932,0.51845,0.627155,-0.019406,0.997904
2026-08-22 00:34:50,Night_001,No Person Detected,,,,,,,,,,,,,,,,,,,,,,,,,,,,,,,,
2026-08-22 00:34:50,Night_001,Right Side,0.61907,0.449837,0.093327,0.975423,0.600735,0.438635,0.079742,0.973118,0.619931,0.461425,0.202111,0.985882,0.587311,0.441626,0.138118,0.981376,0.615826,0.495918,0.191021,0.997602,0.529822,0.458454,0.12373,0.995073,0.567721,0.645231,0.027591,0.998943,0.513528,0.627569,-0.027804,0.99797
2026-08-22 00:34:50,Night_001,No Person Detected,,,,,,,,,,,,,,,,,,,,,,,,,,,,,,,,
2026-08-22 00:34:51,Night_001,Right Side,0.616552,0.437367,0.174178,0.977154,0.596414,0.430899,0.161372,0.974897,0.615337,0.447772,0.28426,0.986644,0.581086,0.436067,0.225585,0.982355,0.629281,0.476483,0.250533,0.997744,0.516843,0.457889,0.216118,0.994432,0.591425,0.627552,-0.001338,0.998344,0.529653,0.616464,0.00134,0.997092
2026-08-22 00:34:51,Night_001,No Person Detected,,,,,,,,,,,,,,,,,,,,,,,,,,,,,,,,
2026-08-22 00:34:52,Night_001,Right Side,0.619303,0.447215,0.19823,0.977905,0.600039,0.438499,0.178396,0.97583,0.614726,0.454047,0.312282,0.986879,0.583272,0.440979,0.221798,0.983028,0.605126,0.489124,0.287402,0.997791,0.514742,0.457418,0.185034,0.994853,0.573606,0.634303,0.041572,0.998419,0.517794,0.620424,-0.041892,0.997281
2026-08-22 00:34:52,Night_001,No Person Detected,,,,,,,,,,,,,,,,,,,,,,,,,,,,,,,,
2026-08-22 00:34:53,Night_001,Right Side,0.618823,0.452504,0.172396,0.977008,0.602291,0.443598,0.156619,0.975342,0.614232,0.458219,0.273774,0.986166,0.584878,0.443747,0.201571,0.982484,0.606057,0.475426,0.247231,0.997762,0.528885,0.450873,0.172472,0.995079,0.566127,0.632556,0.033529,0.998504,0.519037,0.619495,-0.033798,0.997428
2026-08-22 00:34:53,Night_001,No Person Detected,,,,,,,,,,,,,,,,,,,,,,,,,,,,,,,,
2026-08-22 00:34:53,Night_001,Right Side,0.613709,0.447965,0.17587,0.977441,0.596297,0.441823,0.158931,0.975916,0.612077,0.454337,0.2721,0.986631,0.581662,0.441361,0.193828,0.982985,0.596092,0.468982,0.237345,0.997896,0.5291,0.44944,0.164835,0.995422,0.556963,0.641178,0.02584,0.998637,0.524206,0.631826,-0.026244,0.997649
2026-08-22 00:34:54,Night_001,No Person Detected,,,,,,,,,,,,,,,,,,,,,,,,,,,,,,,,
2026-08-22 00:34:54,Night_001,Right Side,0.618538,0.45395,0.131216,0.980391,0.602845,0.445312,0.116104,0.979158,0.612458,0.458615,0.227861,0.988548,0.58577,0.444818,0.158361,0.985639,0.609599,0.487183,0.2044,0.99806,0.528473,0.456833,0.146244,0.995897,0.558767,0.647119,0.015754,0.998827,0.511365,0.63173,-0.016143,0.997987
2026-08-22 00:34:54,Night_001,No Person Detected,,,,,,,,,,,,,,,,,,,,,,,,,,,,,,,,
2026-08-22 00:34:54,Night_001,Right Side,0.621062,0.449564,0.20493,0.981492,0.602218,0.439491,0.18949,0.980236,0.616334,0.456443,0.311952,0.989084,0.585103,0.440025,0.240198,0.986245,0.610164,0.485719,0.271315,0.998103,0.527889,0.460379,0.202383,0.996124,0.575967,0.627812,0.029576,0.998897,0.52717,0.619396,-0.029897,0.998117
2026-08-22 00:34:54,Night_001,No Person Detected,,,,,,,,,,,,,,,,,,,,,,,,,,,,,,,,
2026-08-22 00:34:55,Night_001,Right Side,0.621385,0.448624,0.16433,0.980672,0.603618,0.440134,0.149557,0.978998,0.618055,0.456069,0.270678,0.98831,0.586899,0.442094,0.202648,0.985102,0.613068,0.481088,0.24381,0.998085,0.524655,0.459669,0.174128,0.995989,0.573012,0.634328,0.0256,0.998893,0.518907,0.62561,-0.025772,0.998098
2026-08-22 00:34:56,Night_001,No Person Detected,,,,,,,,,,,,,,,,,,,,,,,,,,,,,,,,
2026-08-22 00:34:56,Night_001,Right Side,0.613661,0.437832,0.149694,0.983089,0.595529,0.431961,0.133907,0.982209,0.610387,0.448622,0.268193,0.988703,0.580703,0.439248,0.195007,0.987411,0.606348,0.479102,0.250018,0.998217,0.522773,0.46087,0.160339,0.996573,0.573201,0.641094,0.031878,0.999018,0.52422,0.634123,-0.032118,0.998268
2026-08-22 00:34:56,Night_001,No Person Detected,,,,,,,,,,,,,,,,,,,,,,,,,,,,,,,,
2026-08-22 00:34:56,Night_001,Right Side,0.617706,0.449926,0.091972,0.983742,0.600851,0.437007,0.078927,0.982854,0.615029,0.46168,0.197546,0.989361,0.582522,0.440062,0.136122,0.988133,0.602836,0.502895,0.188771,0.998288,0.512779,0.467576,0.12861,0.996735,0.559808,0.649403,0.026998,0.998939,0.501734,0.629974,-0.027051,0.998195
2026-08-22 00:34:56,Night_001,No Person Detected,,,,,,,,,,,,,,,,,,,,,,,,,,,,,,,,
2026-08-22 00:34:57,Night_001,Right Side,0.615422,0.451603,0.149357,0.984325,0.598028,0.441382,0.134588,0.983282,0.613718,0.458999,0.257367,0.98987,0.583113,0.441519,0.19019,0.98859,0.605427,0.484877,0.234281,0.998296,0.517394,0.458309,0.169826,0.996701,0.560629,0.636957,0.019112,0.999013,0.51466,0.627631,-0.019387,0.998295
2026-08-22 00:34:57,Night_001,No Person Detected,,,,,,,,,,,,,,,,,,,,,,,,,,,,,,,,
2026-08-22 00:34:57,Night_001,Right Side,0.618225,0.444511,0.201104,0.983823,0.598832,0.432444,0.18997,0.983203,0.617579,0.458141,0.318197,0.987889,0.581301,0.435719,0.265252,0.98836,0.625122,0.511727,0.283298,0.998097,0.527587,0.462259,0.231228,0.996925,0.593658,0.611384,0.015744,0.998964,0.518442,0.588586,-0.01585,0.998394
2026-08-22 00:34:57,Night_001,No Person Detected,,,,,,,,,,,,,,,,,,,,,,,,,,,,,,,,
2026-08-22 00:34:59,Night_001,Right Side,0.619003,0.449543,0.134972,0.982771,0.60207,0.44077,0.122234,0.981427,0.617906,0.457645,0.234822,0.987453,0.585783,0.440009,0.176632,0.986788,0.622845,0.479693,0.213057,0.998134,0.533719,0.455564,0.161239,0.996292,0.5773,0.622519,0.015318,0.998862,0.52726,0.6131,-0.015532,0.998115
2026-08-22 00:34:59,Night_001,No Person Detected,,,,,,,,,,,,,,,,,,,,,,,,,,,,,,,,
2026-08-22 00:34:59,Night_001,Right Side,0.61762,0.450447,0.133309,0.984024,0.60134,0.436974,0.118169,0.982738,0.61781,0.462924,0.239911,0.988392,0.58649,0.436675,0.169639,0.987776,0.613253,0.495587,0.230697,0.998115,0.520117,0.457972,0.146054,0.996507,0.568818,0.631678,0.034798,0.998853,0.511082,0.61395,-0.035031,0.998133
2026-08-22 00:34:59,Night_001,No Person Detected,,,,,,,,,,,,,,,,,,,,,,,,,,,,,,,,
2026-08-22 00:35:00,Night_001,Right Side,0.61019,0.439306,0.185573,0.981447,0.589903,0.44101,0.17985,0.979646,0.614721,0.444337,0.257991,0.986321,0.581874,0.447879,0.23362,0.985865,0.627772,0.45568,0.185435,0.99822,0.557619,0.474567,0.205323,0.995527,0.601476,0.643548,-0.033768,0.998946,0.573791,0.653522,0.033167,0.998252
2026-08-22 00:35:01,Night_001,No Person Detected,,,,,,,,,,,,,,,,,,,,,,,,,,,,,,,,
2026-08-22 00:35:01,Night_001,Right Side,0.618319,0.449055,0.164101,0.982174,0.601484,0.43686,0.148442,0.980802,0.61536,0.459376,0.277319,0.986998,0.584186,0.436253,0.204873,0.986434,0.605601,0.498477,0.262286,0.998178,0.519454,0.459955,0.169787,0.995906,0.5638,0.637197,0.039264,0.998987,0.514189,0.622342,-0.039553,0.998325
2026-08-22 00:35:01,Night_001,No Person Detected,,,,,,,,,,,,,,,,,,,,,,,,,,,,,,,,
2026-08-22 00:35:03,Night_001,Right Side,0.62158,0.44698,0.110275,0.981758,0.605614,0.439953,0.090977,0.980193,0.613852,0.453595,0.224381,0.986803,0.583991,0.438137,0.134946,0.986048,0.609036,0.484332,0.201036,0.998094,0.521514,0.458333,0.119967,0.995662,0.566177,0.647122,0.019465,0.998941,0.522074,0.636908,-0.01976,0.99817
2026-08-22 00:35:03,Night_001,No Person Detected,,,,,,,,,,,,,,,,,,,,,,,,,,,,,,,,
2026-08-22 00:35:04,Night_001,Right Side,0.61511,0.447142,0.09487,0.980792,0.596806,0.43819,0.081519,0.979207,0.613003,0.45545,0.193189,0.986892,0.583074,0.443813,0.132694,0.985345,0.614213,0.485294,0.180661,0.998096,0.526564,0.454206,0.11535,0.995273,0.569158,0.645458,0.021234,0.999033,0.517704,0.630526,-0.021638,0.998301
2026-08-22 00:35:04,Night_001,No Person Detected,,,,,,,,,,,,,,,,,,,,,,,,,,,,,,,,
2026-08-22 00:35:05,Night_001,Right Side,0.616984,0.448475,0.118578,0.98181,0.599904,0.435862,0.106545,0.980434,0.616024,0.459435,0.225343,0.987668,0.584279,0.440541,0.168658,0.98636,0.61227,0.497366,0.206799,0.998118,0.525434,0.465123,0.160336,0.995472,0.560724,0.645579,0.017027,0.999008,0.512285,0.626122,-0.017169,0.998242
2026-08-22 00:35:05,Night_001,No Person Detected,,,,,,,,,,,,,,,,,,,,,,,,,,,,,,,,
2026-08-22 00:35:05,Night_001,Right Side,0.616882,0.450952,0.163921,0.980777,0.600553,0.444713,0.1459,0.979574,0.61161,0.455339,0.245782,0.986933,0.58515,0.443832,0.162576,0.984946,0.601311,0.470044,0.208546,0.99812,0.542801,0.451305,0.128921,0.995636,0.565417,0.638972,0.03241,0.99904,0.536978,0.633911,-0.032885,0.998273
2026-08-22 00:35:05,Night_001,No Person Detected,,,,,,,,,,,,,,,,,,,,,,,,,,,,,,,,
2026-08-22 00:35:06,Night_001,Right Side,0.619437,0.45121,0.157114,0.981771,0.60301,0.443636,0.136728,0.980584,0.615581,0.454729,0.260709,0.987637,0.587137,0.439661,0.166481,0.985552,0.604572,0.476051,0.239352,0.998189,0.531388,0.460128,0.132589,0.995903,0.569511,0.640308,0.046378,0.999087,0.531331,0.633803,-0.046726,0.998341
2026-08-22 00:35:06,Night_001,No Person Detected,,,,,,,,,,,,,,,,,,,,,,,,,,,,,,,,
2026-08-22 00:35:08,Night_001,Right Side,0.613978,0.44194,0.106793,0.982797,0.594806,0.438591,0.089163,0.981687,0.614345,0.449073,0.194031,0.988405,0.58096,0.442082,0.115332,0.986224,0.615949,0.467287,0.174331,0.998294,0.528313,0.461523,0.093684,0.99616,0.586841,0.641231,0.028493,0.999167,0.546572,0.640353,-0.028943,0.998483
2026-08-22 00:35:09,Night_001,No Person Detected,,,,,,,,,,,,,,,,,,,,,,,,,,,,,,,,
2026-08-22 00:35:09,Night_001,Right Side,0.616996,0.452408,0.178841,0.979276,0.602679,0.446467,0.166873,0.977142,0.614309,0.458083,0.247537,0.986806,0.589036,0.444785,0.192749,0.983347,0.609684,0.472632,0.207301,0.998392,0.541928,0.447903,0.163482,0.995855,0.56775,0.638988,0.0213,0.99931,0.524195,0.624372,-0.02186,0.998722
2026-08-22 00:35:09,Night_001,No Person Detected,,,,,,,,,,,,,,,,,,,,,,,,,,,,,,,,
2026-08-22 00:35:11,Night_001,Right Side,0.618891,0.44665,0.152407,0.978584,0.601291,0.437345,0.140554,0.975994,0.614386,0.457119,0.248563,0.986597,0.584457,0.441072,0.193999,0.982631,0.610263,0.47863,0.220953,0.998338,0.536343,0.455455,0.165187,0.9955,0.564744,0.630804,0.024209,0.999317,0.523115,0.620255,-0.024587,0.998675
2026-08-22 00:35:11,Night_001,No Person Detected,,,,,,,,,,,,,,,,,,,,,,,,,,,,,,,,
2026-08-22 00:35:12,Night_001,Right Side,0.618057,0.440447,0.18953,0.979467,0.598395,0.435402,0.172519,0.977079,0.616245,0.448414,0.303116,0.98679,0.584155,0.442031,0.225888,0.98316,0.621391,0.480104,0.275119,0.998349,0.524579,0.457666,0.201089,0.995454,0.587108,0.63218,0.021447,0.999142,0.534617,0.620783,-0.021682,0.998412
2026-08-22 00:35:12,Night_001,No Person Detected,,,,,,,,,,,,,,,,,,,,,,,,,,,,,,,,
2026-08-22 00:35:14,Night_001,Right Side,0.617036,0.445536,0.155706,0.979511,0.597022,0.439069,0.142261,0.976716,0.615657,0.45347,0.256348,0.986566,0.584615,0.441549,0.19444,0.982539,0.619612,0.473154,0.225703,0.998378,0.525587,0.457856,0.170362,0.995247,0.584786,0.632827,0.019994,0.99913,0.530321,0.629512,-0.020252,0.998391
2026-08-22 00:35:14,Night_001,No Person Detected,,,,,,,,,,,,,,,,,,,,,,,,,,,,,,,,
2026-08-22 00:35:15,Night_001,Right Side,0.621572,0.449181,0.079576,0.979795,0.603269,0.437042,0.060731,0.976979,0.615761,0.455309,0.184647,0.987,0.583421,0.436384,0.096028,0.983174,0.602759,0.483121,0.172314,0.998414,0.513933,0.45782,0.096821,0.995067,0.555202,0.650716,0.021687,0.999097,0.506282,0.637707,-0.02178,0.99825
2026-08-22 00:35:15,Night_001,No Person Detected,,,,,,,,,,,,,,,,,,,,,,,,,,,,,,,,
2026-08-22 00:35:16,Night_001,Right Side,0.620264,0.445687,0.161508,0.979127,0.599543,0.438627,0.147543,0.976254,0.615775,0.454622,0.265685,0.986333,0.584139,0.442264,0.202174,0.982566,0.617122,0.470936,0.237269,0.998331,0.520246,0.45349,0.178033,0.994987,0.574257,0.635684,0.017387,0.999103,0.518585,0.627908,-0.017542,0.99828
2026-08-22 00:35:16,Night_001,No Person Detected,,,,,,,,,,,,,,,,,,,,,,,,,,,,,,,,
2026-08-22 00:35:17,Night_001,Right Side,0.616682,0.449763,0.161179,0.978969,0.601864,0.439603,0.149816,0.975765,0.614534,0.460282,0.251525,0.986554,0.587201,0.441393,0.199135,0.982201,0.609246,0.488303,0.221744,0.998339,0.519639,0.456893,0.190895,0.995086,0.56303,0.641594,0.015852,0.999126,0.511853,0.624417,-0.016239,0.99834
2026-08-22 00:35:17,Night_001,No Person Detected,,,,,,,,,,,,,,,,,,,,,,,,,,,,,,,,
2026-08-22 00:35:18,Night_001,Right Side,0.617586,0.447952,0.154461,0.980187,0.600672,0.438668,0.139552,0.977169,0.614895,0.45903,0.265509,0.987482,0.58263,0.44058,0.196966,0.983514,0.606191,0.49441,0.255636,0.998364,0.516587,0.459606,0.162154,0.995476,0.563591,0.637964,0.038815,0.999142,0.50602,0.624159,-0.039027,0.998422
2026-08-22 00:35:18,Night_001,No Person Detected,,,,,,,,,,,,,,,,,,,,,,,,,,,,,,,,
2026-08-22 00:35:19,Night_001,Right Side,0.617254,0.447665,0.195462,0.980087,0.597823,0.439906,0.181135,0.977146,0.615236,0.45506,0.303101,0.987389,0.583573,0.442356,0.237795,0.983378,0.613211,0.473939,0.26725,0.998422,0.52965,0.450076,0.205272,0.995711,0.574318,0.63006,0.029199,0.999197,0.525419,0.622261,-0.029588,0.998517
2026-08-22 00:35:19,Night_001,No Person Detected,,,,,,,,,,,,,,,,,,,,,,,,,,,,,,,,
2026-08-22 00:35:19,Night_001,Right Side,0.616519,0.444273,0.153457,0.980385,0.595811,0.437191,0.136691,0.977659,0.615576,0.452578,0.273818,0.98745,0.580076,0.440937,0.19672,0.983608,0.615822,0.477992,0.248826,0.998464,0.516196,0.455764,0.178969,0.995722,0.576415,0.639081,0.02224,0.999207,0.527004,0.629634,-0.022447,0.998449
2026-08-22 00:35:19,Night_001,No Person Detected,,,,,,,,,,,,,,,,,,,,,,,,,,,,,,,,
2026-08-22 00:35:19,Night_001,Right Side,0.621343,0.4433,0.138943,0.980141,0.602196,0.436692,0.120581,0.977379,0.616943,0.45164,0.262996,0.987068,0.584439,0.441247,0.177935,0.983224,0.615655,0.481812,0.238487,0.99842,0.519257,0.456345,0.158448,0.995562,0.575866,0.647381,0.019926,0.999134,0.520286,0.633983,-0.020155,0.998209
2026-08-22 00:35:20,Night_001,No Person Detected,,,,,,,,,,,,,,,,,,,,,,,,,,,,,,,,
2026-08-22 00:35:20,Night_001,Right Side,0.61977,0.4503,0.139724,0.983221,0.603644,0.437721,0.128492,0.980496,0.618674,0.461962,0.241284,0.989232,0.586886,0.44205,0.189204,0.986603,0.615059,0.501162,0.216798,0.998652,0.528264,0.466177,0.159943,0.994722,0.572202,0.63293,0.027241,0.9992,0.520915,0.620787,-0.027474,0.998442
2026-08-22 00:35:20,Night_001,No Person Detected,,,,,,,,,,,,,,,,,,,,,,,,,,,,,,,,
2026-08-22 00:35:21,Night_001,Right Side,0.620979,0.446975,0.225953,0.983714,0.603254,0.438869,0.208534,0.981322,0.613991,0.456235,0.340239,0.989519,0.58375,0.441097,0.260345,0.987342,0.607675,0.482837,0.310931,0.998532,0.514398,0.456348,0.209651,0.995154,0.572214,0.633878,0.033758,0.999194,0.509135,0.621205,-0.033997,0.99853
2026-08-22 00:35:21,Night_001,No Person Detected,,,,,,,,,,,,,,,,,,,,,,,,,,,,,,,,
2026-08-22 00:35:22,Night_001,Right Side,0.617732,0.44403,0.133298,0.984226,0.599918,0.434198,0.119875,0.982071,0.615238,0.456857,0.250955,0.989935,0.582774,0.435658,0.188877,0.988101,0.613775,0.494954,0.236483,0.998492,0.516138,0.460505,0.163195,0.995457,0.572099,0.633859,0.031286,0.999137,0.510437,0.613711,-0.031491,0.998472
2026-08-22 00:35:22,Night_001,No Person Detected,,,,,,,,,,,,,,,,,,,,,,,,,,,,,,,,
2026-08-22 00:35:22,Night_001,Right Side,0.616201,0.445069,0.178945,0.982932,0.596517,0.436813,0.167105,0.980961,0.614387,0.452242,0.28549,0.988646,0.580837,0.441046,0.231692,0.987122,0.61561,0.470472,0.252851,0.998214,0.526982,0.448013,0.198258,0.995235,0.57215,0.627129,0.018457,0.999126,0.522355,0.618465,-0.018708,0.998416
2026-08-22 00:35:22,Night_001,No Person Detected,,,,,,,,,,,,,,,,,,,,,,,,,,,,,,,,
2026-08-22 00:35:23,Night_001,Right Side,0.617139,0.449747,0.132612,0.983478,0.598707,0.44333,0.114662,0.981278,0.614187,0.456821,0.237723,0.989065,0.581806,0.44426,0.155387,0.986471,0.621397,0.487386,0.219835,0.998259,0.517517,0.463078,0.140237,0.995099,0.586513,0.648887,0.034177,0.999154,0.525207,0.637195,-0.034386,0.998435
2026-08-22 00:35:23,Night_001,No Person Detected,,,,,,,,,,,,,,,,,,,,,,,,,,,,,,,,
2026-08-22 00:35:23,Night_001,Right Side,0.617459,0.447225,0.171152,0.982392,0.597721,0.4396,0.154174,0.980204,0.615829,0.453594,0.276071,0.987953,0.584349,0.441749,0.198835,0.985392,0.61511,0.479965,0.253439,0.998197,0.527251,0.45411,0.166574,0.995243,0.579847,0.632959,0.035889,0.999162,0.527873,0.622136,-0.036222,0.998442
2026-08-22 00:35:23,Night_001,No Person Detected,,,,,,,,,,,,,,,,,,,,,,,,,,,,,,,,
2026-08-22 00:35:23,Night_001,Right Side,0.618841,0.449071,0.118118,0.976995,0.600301,0.440475,0.100746,0.97483,0.614427,0.454651,0.222738,0.985074,0.58589,0.443343,0.14372,0.981181,0.610928,0.473985,0.20778,0.997897,0.526588,0.45588,0.124204,0.995015,0.566261,0.637457,0.029908,0.999146,0.517705,0.625888,-0.030232,0.998397
2026-08-22 00:35:23,Night_001,No Person Detected,,,,,,,,,,,,,,,,,,,,,,,,,,,,,,,,
2026-08-22 00:35:23,Night_001,Right Side,0.617144,0.448013,0.148222,0.974461,0.600092,0.440037,0.131792,0.972837,0.613565,0.45742,0.251469,0.984018,0.584023,0.442669,0.174646,0.98064,0.602284,0.477663,0.227083,0.997662,0.513074,0.459275,0.141987,0.994901,0.558744,0.643274,0.029393,0.9991,0.507714,0.626929,-0.029538,0.998323
2026-08-22 00:35:24,Night_001,No Person Detected,,,,,,,,,,,,,,,,,,,,,,,,,,,,,,,,
2026-08-22 00:35:25,Night_001,Right Side,0.615641,0.445781,0.131924,0.967475,0.597777,0.439998,0.11643,0.965246,0.613077,0.452324,0.217428,0.979417,0.584407,0.443842,0.148443,0.973932,0.614232,0.460761,0.187817,0.997761,0.535006,0.450231,0.120575,0.99449,0.572617,0.630257,0.012483,0.99916,0.533491,0.627376,-0.012891,0.998365
2026-08-22 00:35:25,Night_001,No Person Detected,,,,,,,,,,,,,,,,,,,,,,,,,,,,,,,,
2026-08-22 00:35:26,Night_001,Right Side,0.618571,0.450225,0.10641,0.969489,0.600868,0.440561,0.090274,0.967441,0.616037,0.460167,0.216346,0.980895,0.581468,0.441471,0.140252,0.975944,0.608725,0.489861,0.20283,0.997914,0.512917,0.460471,0.127343,0.994938,0.56456,0.653286,0.029498,0.999187,0.50886,0.634344,-0.029666,0.998445
2026-08-22 00:35:26,Night_001,No Person Detected,,,,,,,,,,,,,,,,,,,,,,,,,,,,,,,,
2026-08-22 00:35:26,Night_001,Right Side,0.617065,0.443916,0.156312,0.970944,0.599322,0.435641,0.141673,0.969145,0.613621,0.45339,0.269094,0.981896,0.582017,0.438599,0.201112,0.977416,0.612525,0.479254,0.247381,0.997891,0.516282,0.457014,0.174324,0.995022,0.566891,0.630199,0.026947,0.999104,0.515504,0.617286,-0.027104,0.998255
2026-08-22 00:35:26,Night_001,No Person Detected,,,,,,,,,,,,,,,,,,,,,,,,,,,,,,,,
2026-08-22 00:35:26,Night_001,Right Side,0.616024,0.445829,0.150028,0.97178,0.597079,0.438156,0.136148,0.96957,0.614537,0.453387,0.251043,0.982489,0.581862,0.44085,0.186097,0.977371,0.610307,0.478856,0.217732,0.998026,0.517282,0.461385,0.169947,0.995022,0.570957,0.645354,0.013451,0.99914,0.519044,0.635417,-0.013554,0.998307
2026-08-22 00:35:26,Night_001,No Person Detected,,,,,,,,,,,,,,,,,,,,,,,,,,,,,,,,
2026-08-22 00:35:27,Night_001,Right Side,0.616912,0.443431,0.106059,0.967309,0.599899,0.43485,0.097044,0.965371,0.613203,0.455643,0.20724,0.979787,0.581929,0.436025,0.163989,0.975671,0.613681,0.49776,0.18418,0.997856,0.514655,0.461366,0.156268,0.994339,0.562155,0.642929,0.004909,0.999055,0.511591,0.619349,-0.004982,0.998064
2026-08-22 00:35:27,Night_001,No Person Detected,,,,,,,,,,,,,,,,,,,,,,,,,,,,,,,,
2026-08-22 00:35:28,Night_001,Right Side,0.620147,0.447696,0.137335,0.968756,0.603659,0.43723,0.119954,0.967208,0.61468,0.455572,0.251642,0.980852,0.583399,0.436771,0.17064,0.97732,0.610855,0.483011,0.235946,0.997811,0.5119,0.460335,0.149155,0.994542,0.566086,0.643298,0.029992,0.998997,0.50669,0.623379,-0.030089,0.997995
2026-08-22 00:35:28,Night_001,No Person Detected,,,,,,,,,,,,,,,,,,,,,,,,,,,,,,,,
2026-08-22 00:35:28,Night_001,Right Side,0.620679,0.446155,0.155459,0.97137,0.603848,0.436068,0.137488,0.97003,0.615562,0.454408,0.27735,0.982442,0.585564,0.436837,0.194973,0.979334,0.610515,0.491215,0.259776,0.997898,0.519398,0.456571,0.156474,0.995015,0.569344,0.638204,0.036349,0.999019,0.516912,0.622756,-0.036597,0.998102
2026-08-22 00:35:28,Night_001,No Person Detected,,,,,,,,,,,,,,,,,,,,,,,,,,,,,,,,
2026-08-22 00:35:28,Night_001,Right Side,0.61574,0.452813,0.153684,0.973602,0.600378,0.441409,0.137715,0.972422,0.614685,0.462959,0.261505,0.983921,0.584457,0.440403,0.187213,0.981129,0.602172,0.492341,0.235615,0.998051,0.519422,0.457612,0.180056,0.995444,0.555523,0.640353,0.017165,0.999048,0.506338,0.625043,-0.017488,0.998211
2026-08-22 00:35:28,Night_001,No Person Detected,,,,,,,,,,,,,,,,,,,,,,,,,,,,,,,,
2026-08-22 00:35:29,Night_001,Right Side,0.614456,0.447633,0.099863,0.974613,0.595894,0.437954,0.090917,0.9735,0.612221,0.45954,0.205713,0.984622,0.579376,0.441166,0.163975,0.982052,0.610947,0.495734,0.194798,0.99808,0.513441,0.467065,0.158529,0.995412,0.562971,0.640591,0.014146,0.999074,0.508354,0.624683,-0.014311,0.998278
2026-08-22 00:35:29,Night_001,No Person Detected,,,,,,,,,,,,,,,,,,,,,,,,,,,,,,,,
2026-08-22 00:35:29,Night_001,Right Side,0.620233,0.450739,0.158128,0.975614,0.60293,0.443414,0.138169,0.974647,0.616032,0.457059,0.273115,0.985282,0.583686,0.439318,0.180437,0.982726,0.611074,0.483108,0.243362,0.998068,0.520661,0.458456,0.154394,0.995575,0.569076,0.646084,0.029341,0.999071,0.518373,0.629373,-0.029501,0.998262
2026-08-22 00:35:30,Night_001,No Person Detected,,,,,,,,,,,,,,,,,,,,,,,,,,,,,,,,
2026-08-22 00:35:30,Night_001,Right Side,0.618927,0.460163,0.341938,0.978042,0.606563,0.444626,0.321121,0.977151,0.615865,0.464797,0.494412,0.986738,0.588239,0.439096,0.399346,0.984425,0.60095,0.518297,0.480017,0.997785,0.532673,0.451078,0.291171,0.995921,0.561543,0.611562,0.067134,0.998873,0.514838,0.585409,-0.067555,0.99788
2026-08-22 00:35:31,Night_001,No Person Detected,,,,,,,,,,,,,,,,,,,,,,,,,,,,,,,,
2026-08-22 00:35:31,Night_001,Right Side,0.615439,0.443056,0.133345,0.976601,0.596121,0.437105,0.124459,0.975517,0.615025,0.452206,0.232264,0.986015,0.582238,0.443,0.191335,0.983671,0.62307,0.47197,0.208603,0.997778,0.529691,0.453153,0.172788,0.995652,0.577934,0.635044,0.012751,0.998898,0.522957,0.620434,-0.012857,0.99789
2026-08-22 00:35:32,Night_001,No Person Detected,,,,,,,,,,,,,,,,,,,,,,,,,,,,,,,,
2026-08-22 00:35:32,Night_001,Right Side,0.616337,0.447246,0.166141,0.977938,0.596692,0.438559,0.152765,0.976838,0.613905,0.45609,0.269164,0.986745,0.582842,0.442779,0.207011,0.9844,0.610704,0.475647,0.233048,0.997855,0.524222,0.457335,0.184289,0.995637,0.570977,0.634131,0.014149,0.998922,0.522116,0.626103,-0.014395,0.997934
2026-08-22 00:35:32,Night_001,No Person Detected,,,,,,,,,,,,,,,,,,,,,,,,,,,,,,,,
2026-08-22 00:35:33,Night_001,Right Side,0.618708,0.449493,0.158088,0.979258,0.602085,0.437402,0.143393,0.978182,0.615569,0.459068,0.272134,0.987544,0.583859,0.441011,0.204393,0.985524,0.611926,0.489572,0.257159,0.997865,0.518296,0.456419,0.16766,0.995948,0.569187,0.629453,0.038657,0.998842,0.50925,0.612906,-0.038848,0.997931
2026-08-22 00:35:33,Night_001,No Person Detected,,,,,,,,,,,,,,,,,,,,,,,,,,,,,,,,
2026-08-22 00:35:34,Night_001,Right Side,0.619994,0.445221,0.167575,0.979133,0.601398,0.438279,0.148918,0.978458,0.61578,0.453102,0.277796,0.986153,0.583763,0.44158,0.191341,0.984691,0.614168,0.479862,0.252188,0.99804,0.515302,0.45704,0.164146,0.996189,0.582998,0.63845,0.032876,0.998933,0.524832,0.627452,-0.032964,0.99809
2026-08-22 00:35:34,Night_001,No Person Detected,,,,,,,,,,,,,,,,,,,,,,,,,,,,,,,,
2026-08-22 00:35:34,Night_001,Right Side,0.618826,0.446459,0.14612,0.97977,0.598736,0.437097,0.137091,0.978596,0.617865,0.459588,0.239961,0.986632,0.58242,0.441697,0.199368,0.984392,0.614565,0.485653,0.211061,0.99811,0.52643,0.459049,0.175024,0.996216,0.575977,0.624523,0.014309,0.998996,0.522165,0.614906,-0.014565,0.998214
2026-08-22 00:35:34,Night_001,No Person Detected,,,,,,,,,,,,,,,,,,,,,,,,,,,,,,,,
2026-08-22 00:35:35,Night_001,Right Side,0.618682,0.447653,0.144158,0.980664,0.601763,0.438324,0.128695,0.979554,0.6161,0.456621,0.257,0.987116,0.58234,0.440746,0.183586,0.985018,0.601647,0.490995,0.229315,0.998171,0.514746,0.460797,0.172467,0.996289,0.560904,0.638087,0.01464,0.998912,0.51078,0.618605,-0.014582,0.997987
2026-08-22 00:35:35,Night_001,No Person Detected,,,,,,,,,,,,,,,,,,,,,,,,,,,,,,,,
2026-08-22 00:35:35,Night_001,Right Side,0.617322,0.448158,0.188184,0.980915,0.600683,0.43909,0.17307,0.980349,0.614066,0.456607,0.30457,0.986882,0.584327,0.439294,0.235266,0.98635,0.613204,0.482158,0.274042,0.998391,0.523012,0.454028,0.202731,0.996849,0.57264,0.631266,0.026022,0.998989,0.51632,0.61966,-0.02631,0.998235
2026-08-22 00:35:35,Night_001,No Person Detected,,,,,,,,,,,,,,,,,,,,,,,,,,,,,,,,
2026-08-22 00:35:36,Night_001,Right Side,0.619088,0.445459,0.094483,0.979488,0.603436,0.43637,0.081771,0.979196,0.615511,0.457931,0.199839,0.986475,0.584495,0.435707,0.139923,0.985866,0.609024,0.491253,0.185521,0.998136,0.514985,0.457593,0.133529,0.995887,0.551259,0.651121,0.02392,0.998829,0.494925,0.622549,-0.023866,0.997877
2026-08-22 00:35:36,Night_001,No Person Detected,,,,,,,,,,,,,,,,,,,,,,,,,,,,,,,,
2026-08-22 00:35:37,Night_001,Right Side,0.617636,0.450607,0.174445,0.978724,0.599381,0.443988,0.156099,0.978364,0.612955,0.455282,0.265014,0.986024,0.582921,0.442148,0.181031,0.984673,0.603947,0.46529,0.227884,0.998209,0.533271,0.452852,0.149699,0.996014,0.567109,0.632251,0.026492,0.9989,0.531796,0.628974,-0.026923,0.997993
2026-08-22 00:35:37,Night_001,No Person Detected,,,,,,,,,,,,,,,,,,,,,,,,,,,,,,,,
2026-08-22 00:35:37,Night_001,Right Side,0.620269,0.448178,0.173881,0.980493,0.602108,0.439317,0.156771,0.9801,0.616416,0.455988,0.289846,0.987141,0.58461,0.441464,0.210893,0.985871,0.608403,0.497415,0.268699,0.998315,0.525856,0.460768,0.18172,0.996356,0.573062,0.633139,0.037881,0.998859,0.517897,0.623063,-0.038104,0.998043
2026-08-22 00:35:37,Night_001,No Person Detected,,,,,,,,,,,,,,,,,,,,,,,,,,,,,,,,
2026-08-22 00:35:38,Night_001,Right Side,0.616868,0.443075,0.088078,0.979713,0.598837,0.434904,0.07544,0.979398,0.613369,0.456808,0.19895,0.986794,0.579844,0.436843,0.140456,0.985832,0.611087,0.488523,0.193992,0.998262,0.513427,0.462542,0.124042,0.996196,0.560565,0.648379,0.026703,0.998807,0.503393,0.628808,-0.026813,0.997928
2026-08-22 00:35:38,Night_001,No Person Detected,,,,,,,,,,,,,,,,,,,,,,,,,,,,,,,,
2026-08-22 00:35:38,Night_001,Right Side,0.615079,0.447629,0.169307,0.977528,0.599862,0.443281,0.153709,0.976521,0.612091,0.450342,0.237303,0.985876,0.584155,0.443561,0.165168,0.98393,0.600293,0.455613,0.183042,0.998348,0.547198,0.457222,0.139313,0.996119,0.566459,0.6332,0.010025,0.998893,0.54301,0.634645,-0.010526,0.998039
2026-08-22 00:35:38,Night_001,No Person Detected,,,,,,,,,,,,,,,,,,,,,,,,,,,,,,,,
2026-08-22 00:35:39,Night_001,Right Side,0.61469,0.443879,0.19124,0.977355,0.596591,0.437579,0.176853,0.976223,0.612505,0.451005,0.292555,0.985623,0.583731,0.437286,0.227137,0.983492,0.609233,0.473116,0.267088,0.998259,0.527574,0.449642,0.190268,0.996241,0.574131,0.625661,0.032762,0.998933,0.524676,0.618411,-0.033065,0.998115
2026-08-22 00:35:39,Night_001,No Person Detected,,,,,,,,,,,,,,,,,,,,,,,,,,,,,,,,
2026-08-22 00:35:40,Night_001,Right Side,0.620218,0.448426,0.191293,0.978502,0.601894,0.439269,0.174265,0.977443,0.61554,0.455288,0.298947,0.986278,0.584886,0.440931,0.221064,0.984247,0.608037,0.477596,0.273997,0.998295,0.528878,0.455173,0.178118,0.996487,0.569855,0.633609,0.040911,0.998994,0.528756,0.625074,-0.04129,0.99821
2026-08-22 00:35:40,Night_001,No Person Detected,,,,,,,,,,,,,,,,,,,,,,,,,,,,,,,,
2026-08-22 00:35:41,Night_001,Right Side,0.616892,0.458873,0.309276,0.980477,0.60508,0.444968,0.292533,0.979462,0.614075,0.465921,0.442578,0.987379,0.588551,0.438506,0.36418,0.985631,0.598285,0.513583,0.435328,0.997278,0.53426,0.448372,0.2739,0.996767,0.560417,0.606305,0.065678,0.998287,0.516556,0.575958,-0.065969,0.997433
2026-08-22 00:35:41,Night_001,No Person Detected,,,,,,,,,,,,,,,,,,,,,,,,,,,,,,,,
2026-08-22 00:35:42,Night_001,Right Side,0.617464,0.445885,0.115474,0.978157,0.6008,0.438186,0.098143,0.976673,0.61415,0.452801,0.223372,0.985784,0.584585,0.442178,0.141247,0.983718,0.603109,0.470727,0.201369,0.99734,0.512034,0.451031,0.124422,0.99594,0.562002,0.63642,0.017166,0.998322,0.512299,0.623777,-0.017267,0.997356
2026-08-22 00:35:43,Night_001,No Person Detected,,,,,,,,,,,,,,,,,,,,,,,,,,,,,,,,
2026-08-22 00:35:43,Night_001,Right Side,0.616169,0.448214,0.195919,0.984056,0.597989,0.439094,0.17882,0.982828,0.613077,0.455355,0.312674,0.989463,0.580818,0.44078,0.234742,0.988104,0.607205,0.483868,0.29017,0.998071,0.518408,0.459963,0.197103,0.997034,0.572707,0.629354,0.042057,0.998791,0.52004,0.61939,-0.04237,0.998074
2026-08-22 00:35:43,Night_001,No Person Detected,,,,,,,,,,,,,,,,,,,,,,,,,,,,,,,,
2026-08-22 00:35:44,Night_001,Right Side,0.621612,0.44742,0.144827,0.984939,0.60084,0.437185,0.129838,0.983739,0.619293,0.458607,0.267046,0.990059,0.582243,0.439999,0.197197,0.988935,0.619976,0.496461,0.251742,0.998083,0.514017,0.463897,0.168558,0.99718,0.582112,0.628071,0.036425,0.998821,0.513741,0.6139,-0.036616,0.998134
2026-08-22 00:35:44,Night_001,No Person Detected,,,,,,,,,,,,,,,,,,,,,,,,,,,,,,,,
2026-08-22 00:35:45,Night_001,Right Side,0.617012,0.445883,0.170152,0.985367,0.597303,0.436675,0.15746,0.983877,0.615275,0.454735,0.274397,0.990191,0.583017,0.440854,0.216097,0.988684,0.614609,0.480997,0.245664,0.998069,0.52777,0.460679,0.187487,0.996917,0.57631,0.618246,0.026561,0.998825,0.523727,0.611722,-0.026782,0.998097
2026-08-22 00:35:45,Night_001,No Person Detected,,,,,,,,,,,,,,,,,,,,,,,,,,,,,,,,
2026-08-22 00:35:46,Night_001,Right Side,0.617965,0.448907,0.129654,0.984399,0.602901,0.436415,0.12111,0.98281,0.616963,0.461656,0.218033,0.98972,0.587812,0.441762,0.178308,0.987918,0.612746,0.500697,0.181663,0.99805,0.519542,0.464639,0.174432,0.996568,0.562436,0.641219,0.006701,0.998711,0.508376,0.626896,-0.006949,0.998048
2026-08-22 00:35:46,Night_001,No Person Detected,,,,,,,,,,,,,,,,,,,,,,,,,,,,,,,,
2026-08-22 00:35:47,Night_001,Right Side,0.619538,0.452023,0.127292,0.984362,0.601513,0.441826,0.111295,0.982803,0.61407,0.460389,0.241529,0.989939,0.584624,0.442696,0.167745,0.988264,0.610825,0.494778,0.229692,0.998098,0.514939,0.459302,0.145493,0.996717,0.569898,0.638792,0.032889,0.998781,0.51164,0.620065,-0.033153,0.998136
2026-08-22 00:35:47,Night_001,No Person Detected,,,,,,,,,,,,,,,,,,,,,,,,,,,,,,,,
2026-08-22 00:35:48,Night_001,Right Side,0.619415,0.454028,0.180227,0.985185,0.600967,0.443222,0.163965,0.983631,0.618229,0.46409,0.285176,0.990451,0.582977,0.442323,0.210336,0.988741,0.606574,0.495351,0.256344,0.998175,0.530553,0.462345,0.189847,0.996869,0.566575,0.632776,0.02926,0.998873,0.51638,0.618117,-0.029578,0.998276
2026-08-22 00:35:48,Night_001,No Person Detected,,,,,,,,,,,,,,,,,,,,,,,,,,,,,,,,
2026-08-22 00:35:48,Night_001,Right Side,0.615122,0.442764,0.135374,0.984363,0.596404,0.437859,0.119693,0.982482,0.613035,0.450194,0.235846,0.989771,0.580485,0.442514,0.162922,0.987275,0.613704,0.475354,0.210576,0.998203,0.517805,0.460387,0.137497,0.996762,0.585325,0.646895,0.028692,0.998932,0.535735,0.638982,-0.029029,0.998331
2026-08-22 00:35:49,Night_001,No Person Detected,,,,,,,,,,,,,,,,,,,,,,,,,,,,,,,,
2026-08-22 00:35:50,Night_001,Right Side,0.618009,0.441543,0.183796,0.985609,0.599,0.434903,0.166869,0.984208,0.615309,0.452626,0.294403,0.990157,0.583602,0.441463,0.215296,0.988677,0.61078,0.480072,0.242547,0.998293,0.512744,0.458925,0.198961,0.996599,0.575463,0.644595,-0.001009,0.999001,0.525701,0.632419,0.000763,0.998369
2026-08-22 00:35:50,Night_001,No Person Detected,,,,,,,,,,,,,,,,,,,,,,,,,,,,,,,,
2026-08-22 00:35:51,Night_001,Right Side,0.616864,0.450663,0.15087,0.9874,0.60025,0.437662,0.135803,0.986021,0.61534,0.461643,0.259865,0.991433,0.583452,0.440051,0.189951,0.990227,0.605118,0.499862,0.252225,0.99841,0.517676,0.465081,0.174561,0.996275,0.561367,0.6324,0.030714,0.99897,0.503472,0.621746,-0.030937,0.998419
2026-08-22 00:35:51,Night_001,No Person Detected,,,,,,,,,,,,,,,,,,,,,,,,,,,,,,,,
2026-08-22 00:35:52,Night_001,Right Side,0.618192,0.452959,0.135034,0.987528,0.601282,0.443376,0.121296,0.985984,0.616635,0.461138,0.234485,0.991636,0.583977,0.442947,0.171825,0.990475,0.609783,0.494606,0.219153,0.998345,0.525175,0.458719,0.146144,0.996461,0.568226,0.643716,0.024616,0.999013,0.513502,0.631721,-0.024921,0.998492
2026-08-22 00:35:52,Night_001,No Person Detected,,,,,,,,,,,,,,,,,,,,,,,,,,,,,,,,
2026-08-22 00:35:53,Night_001,Right Side,0.615777,0.45005,0.100016,0.983858,0.599493,0.442252,0.085076,0.982715,0.611991,0.459051,0.197235,0.989765,0.581323,0.443151,0.129403,0.988697,0.606159,0.481137,0.191166,0.998107,0.512319,0.454944,0.123025,0.996485,0.564378,0.63759,0.027308,0.998869,0.506089,0.626153,-0.027612,0.998475
2026-08-22 00:35:53,Night_001,No Person Detected,,,,,,,,,,,,,,,,,,,,,,,,,,,,,,,,
2026-08-22 00:35:54,Night_001,Right Side,0.617801,0.446948,0.148429,0.983791,0.598808,0.436927,0.133605,0.982548,0.616429,0.456047,0.256783,0.989694,0.582811,0.439295,0.188424,0.988093,0.606171,0.485862,0.226831,0.998083,0.518193,0.458743,0.170071,0.996023,0.562839,0.636203,0.014677,0.999045,0.512486,0.625011,-0.014898,0.998526
2026-08-22 00:35:54,Night_001,No Person Detected,,,,,,,,,,,,,,,,,,,,,,,,,,,,,,,,
2026-08-22 00:35:54,Night_001,Right Side,0.619752,0.448468,0.129304,0.985054,0.601008,0.43434,0.117813,0.983896,0.619788,0.462188,0.232001,0.990525,0.586021,0.439741,0.178823,0.989044,0.614701,0.497802,0.219084,0.998203,0.526721,0.462466,0.166752,0.996351,0.567354,0.639948,0.02593,0.999037,0.513793,0.623246,-0.026266,0.998576
2026-08-22 00:35:55,Night_001,No Person Detected,,,,,,,,,,,,,,,,,,,,,,,,,,,,,,,,
2026-08-22 00:35:55,Night_001,Right Side,0.618314,0.450912,0.145813,0.986281,0.601037,0.437602,0.132261,0.985223,0.617676,0.46277,0.253663,0.991291,0.584134,0.439742,0.190942,0.989959,0.611418,0.502883,0.241825,0.998226,0.520231,0.463388,0.168001,0.996648,0.570588,0.632671,0.032697,0.999018,0.510193,0.616686,-0.032807,0.998622
2026-08-22 00:35:55,Night_001,No Person Detected,,,,,,,,,,,,,,,,,,,,,,,,,,,,,,,,
2026-08-22 00:35:55,Night_001,Right Side,0.615921,0.441254,0.110162,0.985357,0.598495,0.435979,0.090915,0.984155,0.613313,0.447783,0.220727,0.990775,0.581461,0.441394,0.13142,0.988976,0.605811,0.469761,0.200882,0.998308,0.526244,0.451593,0.112251,0.996635,0.572016,0.650526,0.023919,0.999046,0.527354,0.639565,-0.024351,0.998564
2026-08-22 00:35:55,Night_001,No Person Detected,,,,,,,,,,,,,,,,,,,,,,,,,,,,,,,,
2026-08-22 00:35:57,Night_001,Right Side,0.61492,0.448146,0.178373,0.987183,0.597044,0.438734,0.164873,0.986143,0.614028,0.457906,0.277697,0.99182,0.584698,0.442891,0.215522,0.990753,0.612168,0.474612,0.258811,0.998519,0.533005,0.446834,0.176641,0.997057,0.572942,0.62536,0.039477,0.999203,0.523599,0.612866,-0.039819,0.998703
2026-08-22 00:35:57,Night_001,No Person Detected,,,,,,,,,,,,,,,,,,,,,,,,,,,,,,,,
2026-08-22 00:35:57,Night_001,Right Side,0.61706,0.456981,0.297513,0.9884,0.603739,0.443751,0.280371,0.987451,0.612509,0.46461,0.427866,0.992551,0.587255,0.440148,0.347814,0.991618,0.604485,0.519841,0.416631,0.997945,0.535733,0.452246,0.277282,0.997298,0.566228,0.621879,0.056121,0.998579,0.512316,0.590166,-0.056417,0.998111
2026-08-22 00:35:57,Night_001,No Person Detected,,,,,,,,,,,,,,,,,,,,,,,,,,,,,,,,
2026-08-22 00:35:58,Night_001,Right Side,0.61541,0.449306,0.149636,0.987655,0.599066,0.440338,0.138644,0.986575,0.613423,0.4598,0.243524,0.992235,0.585109,0.443564,0.191347,0.991042,0.608638,0.487574,0.210428,0.998028,0.524606,0.46506,0.181678,0.996935,0.563093,0.633142,0.011647,0.998628,0.519772,0.620733,-0.011861,0.998075
2026-08-22 00:35:58,Night_001,No Person Detected,,,,,,,,,,,,,,,,,,,,,,,,,,,,,,,,
2026-08-22 00:35:59,Night_001,Right Side,0.618161,0.446045,0.157743,0.98688,0.600962,0.436519,0.141092,0.985884,0.61278,0.454424,0.259233,0.991889,0.583672,0.43758,0.182797,0.990551,0.606871,0.476255,0.236129,0.998085,0.523853,0.449228,0.155637,0.997044,0.56795,0.632536,0.030766,0.99866,0.518844,0.62229,-0.031106,0.9981
2026-08-22 00:35:59,Night_001,No Person Detected,,,,,,,,,,,,,,,,,,,,,,,,,,,,,,,,
2026-08-22 00:36:00,Night_001,Right Side,0.615656,0.448109,0.109902,0.986441,0.598471,0.437104,0.096865,0.985479,0.612968,0.45642,0.221262,0.991764,0.580572,0.442205,0.160433,0.990644,0.607471,0.487482,0.205105,0.998138,0.515143,0.461316,0.139263,0.997179,0.562353,0.648529,0.024281,0.998688,0.506437,0.63018,-0.024497,0.998163
2026-08-22 00:36:01,Night_001,No Person Detected,,,,,,,,,,,,,,,,,,,,,,,,,,,,,,,,
2026-08-22 00:36:02,Night_001,Right Side,0.617854,0.445629,0.174849,0.990147,0.602104,0.436331,0.156283,0.989238,0.615232,0.456392,0.286088,0.99413,0.587404,0.442962,0.200591,0.993405,0.602579,0.488139,0.267196,0.998736,0.516919,0.461247,0.170642,0.997643,0.563588,0.640207,0.031715,0.999154,0.514272,0.629867,-0.03199,0.998783
2026-08-22 00:36:02,Night_001,No Person Detected,,,,,,,,,,,,,,,,,,,,,,,,,,,,,,,,
2026-08-22 00:36:03,Night_001,Right Side,0.614871,0.444045,0.187614,0.99067,0.597367,0.436965,0.174558,0.989647,0.612014,0.451955,0.297525,0.994415,0.581737,0.440816,0.236223,0.993567,0.604468,0.475492,0.260126,0.998831,0.52243,0.460283,0.20499,0.997803,0.571338,0.624127,0.017848,0.999221,0.526544,0.621758,-0.018192,0.998877
2026-08-22 00:36:03,Night_001,No Person Detected,,,,,,,,,,,,,,,,,,,,,,,,,,,,,,,,
2026-08-22 00:36:04,Night_001,Right Side,0.616321,0.45531,0.151062,0.990729,0.601839,0.443388,0.134215,0.989729,0.614197,0.46246,0.258845,0.994502,0.585083,0.441687,0.181837,0.993691,0.603666,0.492419,0.244817,0.998843,0.518922,0.45606,0.172642,0.997929,0.559041,0.642855,0.022111,0.999253,0.508897,0.626701,-0.022513,0.998933
2026-08-22 00:36:04,Night_001,No Person Detected,,,,,,,,,,,,,,,,,,,,,,,,,,,,,,,,
2026-08-22 00:36:04,Night_001,Right Side,0.620185,0.453196,0.095749,0.988095,0.604009,0.443737,0.083722,0.98707,0.619552,0.464279,0.191854,0.993197,0.588418,0.443996,0.136106,0.992088,0.618231,0.486964,0.172905,0.998746,0.524772,0.459195,0.125913,0.997252,0.563443,0.64794,0.012621,0.999252,0.516543,0.629969,-0.012873,0.998875
2026-08-22 00:36:04,Night_001,No Person Detected,,,,,,,,,,,,,,,,,,,,,,,,,,,,,,,,
2026-08-22 00:36:05,Night_001,Right Side,0.618654,0.446344,0.103736,0.987986,0.599567,0.437913,0.08553,0.986847,0.615681,0.453739,0.217331,0.993061,0.583724,0.440446,0.131951,0.991669,0.60865,0.479529,0.201061,0.998777,0.512984,0.459345,0.124352,0.997029,0.566732,0.648553,0.019113,0.999209,0.514881,0.631536,-0.019138,0.998669
2026-08-22 00:36:05,Night_001,No Person Detected,,,,,,,,,,,,,,,,,,,,,,,,,,,,,,,,
2026-08-22 00:36:06,Night_001,Right Side,0.618793,0.449672,0.09436,0.989027,0.601529,0.436568,0.07999,0.988196,0.616376,0.461443,0.202041,0.993619,0.585845,0.436739,0.133992,0.992708,0.61506,0.505875,0.19176,0.998704,0.51617,0.460305,0.115482,0.997251,0.56301,0.643759,0.033055,0.999178,0.507186,0.619349,-0.033125,0.99853
2026-08-22 00:36:07,Night_001,No Person Detected,,,,,,,,,,,,,,,,,,,,,,,,,,,,,,,,
2026-08-22 00:36:09,Night_001,Right Side,0.61365,0.444633,0.13376,0.979145,0.595208,0.440643,0.114099,0.978644,0.608867,0.450576,0.233403,0.986833,0.579565,0.441872,0.144385,0.985645,0.602379,0.469097,0.194169,0.998528,0.517054,0.459393,0.125566,0.996575,0.567668,0.651449,0.004614,0.999119,0.526005,0.642731,-0.005065,0.998387
2026-08-22 00:36:09,Night_001,No Person Detected,,,,,,,,,,,,,,,,,,,,,,,,,,,,,,,,
2026-08-22 00:36:10,Night_001,Right Side,0.616187,0.442165,0.099844,0.977355,0.595887,0.43233,0.087452,0.976837,0.610883,0.449048,0.205612,0.986286,0.582649,0.440824,0.148948,0.985539,0.613518,0.471821,0.191988,0.998422,0.515367,0.458624,0.127956,0.995987,0.567004,0.642007,0.019989,0.999251,0.512091,0.625716,-0.020275,0.998592
2026-08-22 00:36:10,Night_001,No Person Detected,,,,,,,,,,,,,,,,,,,,,,,,,,,,,,,,
2026-08-22 00:36:12,Night_001,Right Side,0.619736,0.447899,0.116406,0.979367,0.602893,0.435617,0.102613,0.978884,0.616439,0.460319,0.235481,0.987516,0.585623,0.436521,0.170271,0.986864,0.615117,0.509802,0.216343,0.998532,0.52133,0.465572,0.150041,0.99632,0.567877,0.643836,0.028514,0.999247,0.512136,0.62505,-0.028636,0.998594
2026-08-22 00:36:12,Night_001,No Person Detected,,,,,,,,,,,,,,,,,,,,,,,,,,,,,,,,
2026-08-22 00:36:12,Night_001,Right Side,0.620729,0.449851,0.177378,0.980852,0.603376,0.437105,0.163182,0.980282,0.617741,0.460982,0.279583,0.988291,0.584508,0.441136,0.213827,0.987611,0.610576,0.495198,0.252922,0.998295,0.517573,0.458521,0.16472,0.996496,0.572674,0.624951,0.036962,0.998952,0.513697,0.615387,-0.03713,0.998483
2026-08-22 00:36:12,Night_001,No Person Detected,,,,,,,,,,,,,,,,,,,,,,,,,,,,,,,,
2026-08-22 00:36:13,Night_001,Right Side,0.620222,0.447252,0.07562,0.98208,0.60112,0.440067,0.058276,0.981318,0.615561,0.455147,0.191267,0.98897,0.583075,0.442997,0.10924,0.988074,0.611272,0.486707,0.173834,0.998383,0.517371,0.454874,0.104871,0.996411,0.569997,0.655432,0.015923,0.998972,0.519575,0.640439,-0.015989,0.998373
2026-08-22 00:36:13,Night_001,No Person Detected,,,,,,,,,,,,,,,,,,,,,,,,,,,,,,,,
2026-08-22 00:36:14,Night_001,Right Side,0.619755,0.443392,0.101839,0.985662,0.598594,0.433874,0.086741,0.984709,0.614923,0.454421,0.21888,0.990778,0.579689,0.440851,0.146488,0.990267,0.614886,0.490167,0.190179,0.99868,0.510035,0.467021,0.153403,0.995943,0.57329,0.650371,0.002489,0.999012,0.518491,0.637046,-0.002463,0.998095
2026-08-22 00:36:14,Night_001,No Person Detected,,,,,,,,,,,,,,,,,,,,,,,,,,,,,,,,
2026-08-22 00:36:15,Night_001,Right Side,0.617734,0.445336,0.136577,0.985582,0.598934,0.438581,0.118623,0.984793,0.613551,0.455238,0.243838,0.990771,0.584077,0.438319,0.160576,0.99016,0.610804,0.484983,0.214148,0.998721,0.515176,0.457529,0.150802,0.996026,0.57159,0.638659,0.015807,0.999021,0.522108,0.624341,-0.016087,0.998067
2026-08-22 00:36:15,Night_001,No Person Detected,,,,,,,,,,,,,,,,,,,,,,,,,,,,,,,,
2026-08-22 00:36:16,Night_001,Right Side,0.616984,0.447741,0.078853,0.954461,0.599463,0.440856,0.063269,0.954926,0.614722,0.451518,0.171319,0.971963,0.582712,0.443151,0.099562,0.968353,0.610378,0.463076,0.158467,0.997998,0.515764,0.453574,0.090291,0.994496,0.565781,0.641709,0.015787,0.99896,0.519287,0.630557,-0.016041,0.997909
2026-08-22 00:36:16,Night_001,No Person Detected,,,,,,,,,,,,,,,,,,,,,,,,,,,,,,,,
2026-08-22 00:36:16,Night_001,Right Side,0.615649,0.454781,0.266833,0.9688,0.603601,0.442277,0.247842,0.968838,0.612006,0.462079,0.387288,0.980672,0.58711,0.438378,0.301359,0.978329,0.596589,0.511461,0.371591,0.997766,0.538709,0.451146,0.200604,0.995564,0.558454,0.617537,0.064849,0.998993,0.518342,0.59309,-0.065288,0.998107
2026-08-22 00:36:17,Night_001,No Person Detected,,,,,,,,,,,,,,,,,,,,,,,,,,,,,,,,
2026-08-22 00:36:17,Night_001,Right Side,0.616022,0.44529,0.128949,0.969777,0.597931,0.434671,0.115607,0.96988,0.61377,0.455476,0.242881,0.981457,0.579872,0.435577,0.181136,0.979474,0.610299,0.490613,0.233,0.997805,0.512828,0.461609,0.157205,0.995854,0.566325,0.640479,0.030281,0.998948,0.506234,0.622581,-0.030432,0.998109
2026-08-22 00:36:17,Night_001,No Person Detected,,,,,,,,,,,,,,,,,,,,,,,,,,,,,,,,
2026-08-22 00:36:19,Night_001,Right Side,0.615693,0.442489,0.125399,0.970949,0.596003,0.436583,0.109939,0.970809,0.615695,0.451197,0.239023,0.98201,0.58193,0.441173,0.168367,0.979875,0.618535,0.468442,0.219808,0.99793,0.52261,0.451597,0.150499,0.995742,0.574043,0.640794,0.014048,0.999001,0.526619,0.631213,-0.014247,0.998152
2026-08-22 00:36:19,Night_001,No Person Detected,,,,,,,,,,,,,,,,,,,,,,,,,,,,,,,,
2026-08-22 00:36:19,Night_001,Right Side,0.62219,0.446407,0.15777,0.97287,0.605098,0.438902,0.141826,0.972617,0.616787,0.454944,0.264729,0.98311,0.586158,0.441712,0.190311,0.980909,0.609175,0.484047,0.243293,0.998017,0.517467,0.458987,0.166643,0.995933,0.572332,0.627857,0.034696,0.998994,0.520215,0.614522,-0.034808,0.998137
2026-08-22 00:36:19,Night_001,No Person Detected,,,,,,,,,,,,,,,,,,,,,,,,,,,,,,,,
2026-08-22 00:36:20,Night_001,Right Side,0.619894,0.449067,0.117436,0.972007,0.603409,0.441858,0.100199,0.971574,0.613589,0.455234,0.218944,0.982849,0.584683,0.442824,0.139102,0.980566,0.605067,0.477539,0.206897,0.997945,0.51806,0.448672,0.114598,0.995994,0.564861,0.63833,0.031566,0.998973,0.510118,0.625725,-0.031807,0.998141
2026-08-22 00:36:20,Night_001,No Person Detected,,,,,,,,,,,,,,,,,,,,,,,,,,,,,,,,
2026-08-22 00:36:20,Night_001,Right Side,0.619239,0.449024,0.154375,0.975793,0.603198,0.436399,0.142342,0.974936,0.615635,0.460268,0.250063,0.985235,0.58736,0.440789,0.194266,0.982713,0.608368,0.49284,0.214875,0.998178,0.526674,0.463538,0.184191,0.996313,0.565762,0.636432,0.014148,0.999068,0.514118,0.622264,-0.014478,0.998369
2026-08-22 00:36:20,Night_001,No Person Detected,,,,,,,,,,,,,,,,,,,,,,,,,,,,,,,,
2026-08-22 00:36:20,Night_001,Right Side,0.614414,0.448739,0.104802,0.973668,0.597435,0.44093,0.086807,0.972323,0.611328,0.455206,0.189434,0.984825,0.584583,0.442756,0.10633,0.980931,0.595559,0.461077,0.170765,0.998267,0.532568,0.442677,0.099111,0.996499,0.557112,0.64245,0.023218,0.999146,0.524926,0.63522,-0.023655,0.998501
2026-08-22 00:36:21,Night_001,No Person Detected,,,,,,,,,,,,,,,,,,,,,,,,,,,,,,,,
2026-08-22 00:36:21,Night_001,Right Side,0.620821,0.447262,0.163312,0.974981,0.60175,0.43835,0.14693,0.973551,0.619563,0.458446,0.279638,0.985489,0.584272,0.442018,0.204147,0.981709,0.616439,0.479342,0.241241,0.998303,0.522789,0.4549,0.187995,0.996343,0.569443,0.640576,0.011469,0.99913,0.519048,0.630171,-0.01163,0.99842
2026-08-22 00:36:21,Night_001,No Person Detected,,,,,,,,,,,,,,,,,,,,,,,,,,,,,,,,
2026-08-22 00:36:21,Night_001,Right Side,0.618063,0.446722,0.063654,0.971778,0.600009,0.43784,0.046812,0.971134,0.613477,0.457397,0.182732,0.983866,0.579953,0.436793,0.103014,0.981036,0.607393,0.486766,0.178779,0.998099,0.501972,0.459583,0.105623,0.995473,0.551939,0.660842,0.01558,0.998965,0.495909,0.632896,-0.015577,0.997971
2026-08-22 00:36:21,Night_001,No Person Detected,,,,,,,,,,,,,,,,,,,,,,,,,,,,,,,,
2026-08-22 00:36:21,Night_001,Right Side,0.620413,0.450812,0.124362,0.97343,0.602867,0.442011,0.105886,0.97278,0.617107,0.456963,0.229794,0.984688,0.584486,0.442263,0.143127,0.981991,0.606783,0.48261,0.202724,0.998191,0.513957,0.460204,0.13665,0.995575,0.561033,0.644094,0.012728,0.998978,0.518145,0.628565,-0.012804,0.997912
2026-08-22 00:36:22,Night_001,No Person Detected,,,,,,,,,,,,,,,,,,,,,,,,,,,,,,,,
2026-08-22 00:36:22,Night_001,Right Side,0.617582,0.447822,0.158342,0.973777,0.600092,0.440436,0.141845,0.972563,0.615278,0.455066,0.262681,0.984797,0.585984,0.442355,0.187367,0.981241,0.606397,0.476936,0.23601,0.998268,0.519212,0.457942,0.158247,0.99583,0.56711,0.636219,0.034184,0.999014,0.516107,0.629789,-0.034479,0.998029
2026-08-22 00:36:22,Night_001,No Person Detected,,,,,,,,,,,,,,,,,,,,,,,,,,,,,,,,
2026-08-22 00:36:23,Night_001,Right Side,0.617349,0.452902,0.148348,0.975779,0.60184,0.443773,0.132557,0.974272,0.61371,0.458583,0.239304,0.985793,0.587117,0.441886,0.166625,0.982092,0.604152,0.473526,0.213665,0.998339,0.530702,0.451395,0.144526,0.99607,0.563431,0.628577,0.027957,0.999129,0.522521,0.621422,-0.028257,0.998248
2026-08-22 00:36:23,Night_001,No Person Detected,,,,,,,,,,,,,,,,,,,,,,,,,,,,,,,,
2026-08-22 00:36:24,Night_001,Right Side,0.615045,0.444807,0.050501,0.966601,0.597128,0.438332,0.034346,0.964318,0.613212,0.452931,0.149951,0.980625,0.57991,0.442472,0.075814,0.975301,0.608224,0.471489,0.136945,0.998316,0.512562,0.457308,0.070699,0.995323,0.563618,0.647627,0.008687,0.999139,0.513419,0.634005,-0.00893,0.998225
2026-08-22 00:36:24,Night_001,No Person Detected,,,,,,,,,,,,,,,,,,,,,,,,,,,,,,,,
2026-08-22 00:36:24,Night_001,Right Side,0.615561,0.445417,0.186089,0.970243,0.598885,0.437231,0.171548,0.968484,0.613343,0.454651,0.282814,0.98218,0.585468,0.44124,0.215577,0.977633,0.604576,0.479336,0.241487,0.998273,0.528007,0.45006,0.186888,0.99575,0.572018,0.62769,0.015418,0.999179,0.529114,0.615937,-0.015816,0.998358
2026-08-22 00:36:25,Night_001,No Person Detected,,,,,,,,,,,,,,,,,,,,,,,,,,,,,,,,
2026-08-22 00:36:25,Night_001,Right Side,0.617476,0.448739,0.192006,0.972225,0.598891,0.439431,0.173911,0.970507,0.613713,0.455691,0.300935,0.983374,0.582571,0.440646,0.217164,0.979111,0.60002,0.477849,0.273013,0.998338,0.519194,0.452227,0.17793,0.996063,0.561547,0.629738,0.04003,0.999225,0.518986,0.620276,-0.040331,0.998451
2026-08-22 00:36:25,Night_001,No Person Detected,,,,,,,,,,,,,,,,,,,,,,,,,,,,,,,,
2026-08-22 00:36:25,Night_001,Right Side,0.621375,0.447508,0.155385,0.9736,0.601654,0.437947,0.140727,0.972088,0.619728,0.458589,0.276731,0.9842,0.58279,0.440124,0.208679,0.98051,0.616315,0.49195,0.261939,0.998297,0.513433,0.463947,0.185107,0.996226,0.576791,0.635517,0.031971,0.999218,0.510022,0.618839,-0.032046,0.998473
2026-08-22 00:36:25,Night_001,No Person Detected,,,,,,,,,,,,,,,,,,,,,,,,,,,,,,,,
2026-08-22 00:36:27,Night_001,Right Side,0.619523,0.449325,0.144059,0.975728,0.601006,0.440205,0.124512,0.974241,0.617623,0.455585,0.266426,0.985387,0.582598,0.438936,0.176094,0.98194,0.620208,0.488678,0.254851,0.998314,0.519532,0.454136,0.16201,0.996287,0.585258,0.642633,0.031856,0.999124,0.525725,0.62816,-0.032124,0.998311
2026-08-22 00:36:27,Night_001,No Person Detected,,,,,,,,,,,,,,,,,,,,,,,,,,,,,,,,
2026-08-22 00:36:27,Night_001,Right Side,0.615506,0.447354,0.164497,0.978978,0.596253,0.441871,0.147744,0.977703,0.612713,0.449876,0.263215,0.986861,0.582702,0.444397,0.187518,0.984389,0.616047,0.46546,0.228407,0.998253,0.530527,0.452096,0.164912,0.996008,0.577273,0.643759,0.007283,0.999159,0.532973,0.636783,-0.007584,0.998471
2026-08-22 00:36:27,Night_001,No Person Detected,,,,,,,,,,,,,,,,,,,,,,,,,,,,,,,,
2026-08-22 00:36:30,Night_001,Right Side,0.61858,0.448241,0.106461,0.978203,0.600408,0.439607,0.088188,0.977244,0.615047,0.4582,0.223358,0.98664,0.579454,0.44111,0.137843,0.984372,0.602414,0.485893,0.213191,0.99808,0.501297,0.458959,0.121165,0.99589,0.557789,0.65284,0.027998,0.999115,0.498005,0.629346,-0.028024,0.998395
2026-08-22 00:36:30,Night_001,No Person Detected,,,,,,,,,,,,,,,,,,,,,,,,,,,,,,,,
2026-08-22 00:36:32,Night_001,Right Side,0.611143,0.43761,0.10504,0.975925,0.592233,0.43088,0.088084,0.973704,0.608196,0.446639,0.224649,0.984275,0.574968,0.435511,0.146448,0.980846,0.606359,0.474882,0.193507,0.998317,0.506546,0.462233,0.139094,0.994494,0.569968,0.645733,-0.005446,0.999193,0.51999,0.636448,0.005098,0.998386
2026-08-22 00:36:32,Night_001,No Person Detected,,,,,,,,,,,,,,,,,,,,,,,,,,,,,,,,
2026-08-22 00:36:34,Night_001,Right Side,0.609754,0.451084,0.245619,0.97306,0.602498,0.447893,0.232503,0.971076,0.601338,0.4535,0.24489,0.982915,0.591545,0.448811,0.182804,0.974701,0.553615,0.44268,0.144053,0.99853,0.575949,0.461951,0.133663,0.994761,0.533975,0.614758,0.011656,0.999309,0.539761,0.618369,-0.012238,0.998593
2026-08-22 00:36:34,Night_001,No Person Detected,,,,,,,,,,,,,,,,,,,,,,,,,,,,,,,,
2026-08-22 00:36:34,Night_001,Right Side,0.618531,0.451139,0.14615,0.975222,0.601474,0.442804,0.129095,0.973293,0.615627,0.460445,0.249888,0.984347,0.587009,0.444187,0.170096,0.976909,0.604446,0.486054,0.228429,0.998526,0.523816,0.45491,0.135607,0.99499,0.563237,0.635127,0.026947,0.999347,0.513678,0.621189,-0.027238,0.998643
2026-08-22 00:36:34,Night_001,No Person Detected,,,,,,,,,,,,,,,,,,,,,,,,,,,,,,,,
2026-08-22 00:36:35,Night_001,Right Side,0.615078,0.44626,0.113471,0.961663,0.597029,0.439814,0.09965,0.960636,0.613099,0.453437,0.212905,0.976643,0.580742,0.443048,0.149292,0.969703,0.610341,0.466841,0.197589,0.998246,0.520339,0.447339,0.122711,0.994698,0.566378,0.634051,0.024984,0.999269,0.514708,0.622359,-0.025249,0.998528
2026-08-22 00:36:35,Night_001,No Person Detected,,,,,,,,,,,,,,,,,,,,,,,,,,,,,,,,
2026-08-22 00:36:35,Night_001,Right Side,0.622703,0.44805,0.134034,0.964553,0.602994,0.438638,0.118602,0.963521,0.620722,0.457199,0.244229,0.978333,0.584729,0.441086,0.172986,0.971892,0.618623,0.482733,0.225811,0.998288,0.523041,0.462271,0.154927,0.994812,0.578166,0.642342,0.024261,0.999232,0.526524,0.632677,-0.024392,0.998435
2026-08-22 00:36:35,Night_001,No Person Detected,,,,,,,,,,,,,,,,,,,,,,,,,,,,,,,,
2026-08-22 00:36:36,Night_001,Right Side,0.615193,0.442737,0.08418,0.963041,0.595829,0.433865,0.072784,0.961774,0.614353,0.456645,0.189851,0.97745,0.580269,0.436147,0.136984,0.971901,0.61523,0.510104,0.184644,0.998118,0.51342,0.463505,0.126131,0.994509,0.566124,0.649142,0.017955,0.999132,0.507699,0.626129,-0.018059,0.998243
2026-08-22 00:36:36,Night_001,No Person Detected,,,,,,,,,,,,,,,,,,,,,,,,,,,,,,,,
2026-08-22 00:36:36,Night_001,Right Side,0.619876,0.449597,0.164868,0.966105,0.601106,0.440905,0.147321,0.964853,0.615127,0.456288,0.276124,0.979289,0.582392,0.441774,0.195098,0.974151,0.60516,0.481333,0.247761,0.998198,0.51747,0.455442,0.171376,0.994902,0.564799,0.637953,0.030448,0.999161,0.517313,0.62841,-0.030633,0.998311
2026-08-22 00:36:37,Night_001,No Person Detected,,,,,,,,,,,,,,,,,,,,,,,,,,,,,,,,
2026-08-22 00:36:37,Night_001,Right Side,0.615018,0.447661,0.14864,0.959117,0.598754,0.439796,0.133619,0.956312,0.613342,0.452408,0.231528,0.975262,0.586307,0.443564,0.162899,0.968022,0.606459,0.460538,0.198392,0.998195,0.533541,0.450117,0.137399,0.994565,0.563287,0.636797,0.01318,0.999237,0.523993,0.632627,-0.01352,0.998463
2026-08-22 00:36:37,Night_001,No Person Detected,,,,,,,,,,,,,,,,,,,,,,,,,,,,,,,,
2026-08-22 00:36:38,Night_001,Right Side,0.620994,0.452968,0.158905,0.968448,0.601679,0.442634,0.14314,0.966086,0.620197,0.460629,0.265551,0.980544,0.58402,0.441788,0.193616,0.975487,0.613333,0.492116,0.246537,0.998371,0.525284,0.456865,0.165532,0.995824,0.571261,0.635937,0.035947,0.999302,0.513916,0.623425,-0.036104,0.998697
2026-08-22 00:36:38,Night_001,No Person Detected,,,,,,,,,,,,,,,,,,,,,,,,,,,,,,,,
2026-08-22 00:36:39,Night_001,Right Side,0.620669,0.443068,0.186623,0.971125,0.601145,0.434583,0.172285,0.968777,0.617355,0.454335,0.296129,0.982137,0.585126,0.439621,0.229489,0.977367,0.612063,0.484365,0.27004,0.998426,0.51959,0.457389,0.193474,0.995995,0.577725,0.629032,0.028821,0.999302,0.516082,0.625908,-0.028989,0.998731
2026-08-22 00:36:39,Night_001,No Person Detected,,,,,,,,,,,,,,,,,,,,,,,,,,,,,,,,
2026-08-22 00:36:40,Night_001,Right Side,0.619573,0.452031,0.184818,0.971854,0.60234,0.442638,0.169852,0.96947,0.614867,0.45886,0.287229,0.982907,0.586191,0.443894,0.218525,0.978421,0.613523,0.479167,0.255005,0.99843,0.526023,0.452313,0.187805,0.996211,0.573699,0.636379,0.029253,0.999328,0.519506,0.6216,-0.029624,0.998793
2026-08-22 00:36:40,Night_001,No Person Detected,,,,,,,,,,,,,,,,,,,,,,,,,,,,,,,,
2026-08-22 00:36:41,Night_001,Right Side,0.619578,0.445442,0.175555,0.96983,0.602372,0.439261,0.158306,0.968231,0.614307,0.45229,0.284032,0.981584,0.584861,0.438621,0.205721,0.976907,0.616514,0.478959,0.250844,0.998341,0.522855,0.456873,0.171585,0.996107,0.575772,0.637908,0.026577,0.999292,0.524118,0.620699,-0.026791,0.998761
2026-08-22 00:36:41,Night_001,No Person Detected,,,,,,,,,,,,,,,,,,,,,,,,,,,,,,,,
2026-08-22 00:36:42,Night_001,Right Side,0.610439,0.454599,0.199386,0.970711,0.598747,0.447857,0.184923,0.968949,0.603936,0.457224,0.262307,0.982458,0.587221,0.445131,0.194383,0.977771,0.583975,0.473119,0.21238,0.998432,0.535584,0.453915,0.157695,0.996416,0.544396,0.636253,0.018586,0.999344,0.522106,0.625342,-0.019123,0.998862
2026-08-22 00:36:42,Night_001,No Person Detected,,,,,,,,,,,,,,,,,,,,,,,,,,,,,,,,
2026-08-22 00:36:43,Night_001,Right Side,0.621688,0.445189,0.163028,0.972186,0.601796,0.436494,0.146836,0.970473,0.618918,0.454321,0.281878,0.983143,0.58359,0.43823,0.208158,0.978824,0.618106,0.486048,0.269626,0.998311,0.516402,0.458084,0.180357,0.996405,0.577559,0.631481,0.033587,0.999313,0.515953,0.61877,-0.033703,0.998822
2026-08-22 00:36:43,Night_001,No Person Detected,,,,,,,,,,,,,,,,,,,,,,,,,,,,,,,,
2026-08-22 00:36:43,Night_001,Right Side,0.620565,0.44749,0.106423,0.971969,0.602903,0.436944,0.089902,0.970493,0.61789,0.457945,0.220017,0.983376,0.583391,0.438495,0.142495,0.979519,0.604839,0.487846,0.213099,0.998089,0.505238,0.461607,0.126632,0.995997,0.558101,0.646398,0.034305,0.999168,0.496779,0.625684,-0.034301,0.99852
2026-08-22 00:36:43,Night_001,No Person Detected,,,,,,,,,,,,,,,,,,,,,,,,,,,,,,,,
2026-08-22 00:36:45,Night_001,Right Side,0.618273,0.451141,0.14055,0.974645,0.600936,0.440946,0.124301,0.973337,0.613667,0.459263,0.247851,0.984966,0.584146,0.439509,0.171638,0.981529,0.610243,0.498546,0.237165,0.998174,0.517573,0.463738,0.157667,0.996346,0.567412,0.639917,0.033307,0.999124,0.508391,0.624998,-0.033503,0.998523
2026-08-22 00:36:45,Night_001,No Person Detected,,,,,,,,,,,,,,,,,,,,,,,,,,,,,,,,
2026-08-22 00:36:45,Night_001,Right Side,0.616289,0.447037,0.117613,0.974875,0.599831,0.440477,0.101077,0.973881,0.609898,0.454207,0.231049,0.985147,0.583607,0.442144,0.15477,0.982266,0.602976,0.477342,0.210919,0.998131,0.515156,0.458628,0.135253,0.996394,0.558237,0.644471,0.016578,0.999167,0.512135,0.629269,-0.016912,0.998561
2026-08-22 00:36:46,Night_001,No Person Detected,,,,,,,,,,,,,,,,,,,,,,,,,,,,,,,,
2026-08-22 00:36:46,Night_001,Right Side,0.620462,0.450553,0.172936,0.978978,0.603411,0.440304,0.154268,0.978113,0.617533,0.46095,0.293908,0.987621,0.581746,0.441006,0.206052,0.985286,0.599582,0.486865,0.27615,0.998347,0.510202,0.461285,0.173075,0.996337,0.55591,0.644517,0.035132,0.999256,0.497917,0.630144,-0.035321,0.99866
2026-08-22 00:36:46,Night_001,No Person Detected,,,,,,,,,,,,,,,,,,,,,,,,,,,,,,,,
2026-08-22 00:36:47,Night_001,Right Side,0.616143,0.448824,0.243747,0.981175,0.603123,0.436814,0.228787,0.979512,0.612018,0.459272,0.353945,0.988035,0.586753,0.439187,0.28619,0.98458,0.608334,0.503816,0.319833,0.996857,0.531491,0.453442,0.216568,0.9951,0.575059,0.605335,0.04123,0.998667,0.522374,0.583254,-0.041623,0.998025
2026-08-22 00:36:47,Night_001,No Person Detected,,,,,,,,,,,,,,,,,,,,,,,,,,,,,,,,
2026-08-22 00:36:47,Night_001,Right Side,0.616046,0.449727,0.168918,0.978079,0.599213,0.440669,0.152887,0.976471,0.613553,0.459946,0.274027,0.98601,0.5837,0.442418,0.201205,0.983183,0.603975,0.480879,0.25402,0.996327,0.519724,0.450842,0.162324,0.994889,0.561411,0.637611,0.029667,0.998687,0.507281,0.621923,-0.02997,0.998025
2026-08-22 00:36:48,Night_001,No Person Detected,,,,,,,,,,,,,,,,,,,,,,,,,,,,,,,,
2026-08-22 00:36:50,Night_001,Right Side,0.615906,0.453625,0.160107,0.982876,0.600955,0.442937,0.142736,0.981616,0.613955,0.459829,0.260429,0.988954,0.585212,0.441354,0.179372,0.987067,0.596104,0.482905,0.228499,0.997198,0.529263,0.446267,0.16242,0.996141,0.554371,0.631067,0.026942,0.998998,0.51403,0.618527,-0.027324,0.998501
2026-08-22 00:36:50,Night_001,No Person Detected,,,,,,,,,,,,,,,,,,,,,,,,,,,,,,,,
2026-08-22 00:36:50,Night_001,Right Side,0.615694,0.44416,0.084815,0.983014,0.597804,0.435542,0.070793,0.98201,0.61251,0.455567,0.191149,0.989114,0.581579,0.43682,0.125593,0.987545,0.6066,0.491767,0.182047,0.997193,0.515499,0.460718,0.115029,0.996068,0.554676,0.641587,0.016546,0.998964,0.504243,0.621497,-0.01672,0.99842
2026-08-22 00:36:50,Night_001,No Person Detected,,,,,,,,,,,,,,,,,,,,,,,,,,,,,,,,
2026-08-22 00:36:51,Night_001,Right Side,0.616936,0.443024,0.186475,0.984285,0.59937,0.434427,0.173104,0.983318,0.615655,0.453153,0.299215,0.989897,0.583395,0.442185,0.237964,0.98851,0.615497,0.483588,0.276479,0.997339,0.51855,0.459825,0.194963,0.996369,0.580493,0.624555,0.034804,0.998916,0.517819,0.613352,-0.034965,0.998425
2026-08-22 00:36:51,Night_001,No Person Detected,,,,,,,,,,,,,,,,,,,,,,,,,,,,,,,,
2026-08-22 00:36:53,Night_001,Right Side,0.619666,0.450418,0.193461,0.984493,0.601685,0.441287,0.178758,0.983328,0.616037,0.45743,0.295795,0.989981,0.585696,0.442233,0.227707,0.988243,0.604669,0.485092,0.259926,0.997372,0.526761,0.459912,0.188378,0.99632,0.565456,0.635555,0.032088,0.99895,0.515761,0.625805,-0.032363,0.998447
2026-08-22 00:36:53,Night_001,No Person Detected,,,,,,,,,,,,,,,,,,,,,,,,,,,,,,,,
2026-08-22 00:36:54,Night_001,Right Side,0.617787,0.45889,0.298539,0.985638,0.606679,0.445779,0.280712,0.984344,0.614608,0.464615,0.415759,0.990421,0.589598,0.439775,0.334156,0.988674,0.597961,0.514253,0.391104,0.996719,0.53738,0.4507,0.248204,0.996587,0.563493,0.614701,0.052613,0.998829,0.518722,0.584781,-0.053052,0.998432
2026-08-22 00:36:54,Night_001,No Person Detected,,,,,,,,,,,,,,,,,,,,,,,,,,,,,,,,
2026-08-22 00:36:55,Night_001,Right Side,0.616031,0.44283,0.15905,0.986336,0.595746,0.432674,0.14355,0.985149,0.614825,0.453951,0.279906,0.990625,0.579405,0.440212,0.20791,0.989209,0.614651,0.494783,0.260384,0.996883,0.515764,0.46412,0.185427,0.996557,0.579489,0.631042,0.029784,0.998295,0.518047,0.611879,-0.029879,0.997637
2026-08-22 00:36:55,Night_001,No Person Detected,,,,,,,,,,,,,,,,,,,,,,,,,,,,,,,,
2026-08-22 00:36:55,Night_001,Right Side,0.619057,0.451184,0.146907,0.987073,0.600987,0.440928,0.134026,0.985908,0.615654,0.459735,0.247067,0.991193,0.586619,0.442384,0.18665,0.989752,0.608306,0.492565,0.217343,0.997085,0.530523,0.458839,0.167508,0.99666,0.56341,0.635527,0.024756,0.998413,0.517302,0.61727,-0.02499,0.997759
2026-08-22 00:36:55,Night_001,No Person Detected,,,,,,,,,,,,,,,,,,,,,,,,,,,,,,,,
2026-08-22 00:36:56,Night_001,Right Side,0.620043,0.44704,0.11245,0.98621,0.601559,0.436797,0.09282,0.985045,0.613184,0.455076,0.236662,0.990742,0.580701,0.437086,0.142882,0.989404,0.598711,0.487291,0.223625,0.997147,0.500584,0.454787,0.124714,0.996354,0.558598,0.661844,0.030133,0.998469,0.494792,0.641435,-0.030217,0.997781
2026-08-22 00:36:56,Night_001,No Person Detected,,,,,,,,,,,,,,,,,,,,,,,,,,,,,,,,
2026-08-22 00:36:57,Night_001,Right Side,0.617167,0.447901,0.133724,0.986841,0.600209,0.436422,0.119784,0.985827,0.615197,0.45588,0.243262,0.991403,0.583053,0.441892,0.178899,0.990638,0.614576,0.484825,0.229542,0.997464,0.517958,0.460804,0.161053,0.995484,0.570262,0.639118,0.023208,0.998576,0.510762,0.626471,-0.023427,0.997759
2026-08-22 00:36:57,Night_001,No Person Detected,,,,,,,,,,,,,,,,,,,,,,,,,,,,,,,,
2026-08-22 00:36:57,Night_001,Right Side,0.615756,0.445664,0.087107,0.987426,0.598668,0.439305,0.070952,0.986394,0.615035,0.453121,0.198527,0.991854,0.586367,0.444362,0.12322,0.991098,0.611147,0.476462,0.182727,0.997684,0.530315,0.459713,0.117706,0.995645,0.564935,0.641859,0.007323,0.998673,0.528562,0.634008,-0.007704,0.997831
2026-08-22 00:36:57,Night_001,No Person Detected,,,,,,,,,,,,,,,,,,,,,,,,,,,,,,,,
2026-08-22 00:36:57,Night_001,Right Side,0.619016,0.453232,0.11931,0.983457,0.601007,0.444199,0.102231,0.983331,0.612627,0.457635,0.220343,0.99029,0.585265,0.444414,0.140771,0.989923,0.606494,0.483894,0.206437,0.997547,0.512244,0.460046,0.130412,0.995468,0.557773,0.647251,0.024735,0.998701,0.501695,0.62435,-0.024885,0.997881
2026-08-22 00:36:57,Night_001,No Person Detected,,,,,,,,,,,,,,,,,,,,,,,,,,,,,,,,
2026-08-22 00:36:59,Night_001,Right Side,0.615851,0.449848,0.173737,0.980561,0.599286,0.443539,0.155523,0.979904,0.613181,0.455054,0.261887,0.988443,0.584785,0.445495,0.179217,0.986651,0.608952,0.471152,0.225246,0.997624,0.535073,0.457572,0.142695,0.995653,0.575967,0.631523,0.036727,0.998808,0.53799,0.630544,-0.037162,0.998053
2026-08-22 00:36:59,Night_001,No Person Detected,,,,,,,,,,,,,,,,,,,,,,,,,,,,,,,,
2026-08-22 00:37:00,Night_001,Right Side,0.619453,0.440349,0.16657,0.980044,0.598862,0.430871,0.155375,0.979362,0.617646,0.449517,0.28213,0.987635,0.582157,0.433436,0.231417,0.98593,0.61934,0.48101,0.253324,0.997474,0.517622,0.457462,0.203634,0.995417,0.581109,0.629165,0.018421,0.998787,0.52137,0.617715,-0.018608,0.998
2026-08-22 00:37:00,Night_001,No Person Detected,,,,,,,,,,,,,,,,,,,,,,,,,,,,,,,,
2026-08-22 00:37:00,Night_001,Right Side,0.617777,0.450846,0.194488,0.981761,0.598029,0.440741,0.181494,0.981073,0.613135,0.460228,0.303246,0.988676,0.580809,0.442546,0.243792,0.987047,0.604025,0.495062,0.263374,0.997631,0.526171,0.466014,0.214656,0.995748,0.567552,0.629392,0.017944,0.998854,0.516541,0.618773,-0.018146,0.998135
2026-08-22 00:37:00,Night_001,No Person Detected,,,,,,,,,,,,,,,,,,,,,,,,,,,,,,,,
2026-08-22 00:37:03,Night_001,Right Side,0.619385,0.447433,0.088203,0.978253,0.59899,0.435684,0.073046,0.977289,0.611746,0.456496,0.203739,0.987187,0.580347,0.442138,0.132848,0.985277,0.603802,0.486443,0.193881,0.997393,0.503525,0.457803,0.116499,0.995017,0.557554,0.659462,0.023825,0.99884,0.499783,0.63739,-0.023872,0.998093
2026-08-22 00:37:04,Night_001,No Person Detected,,,,,,,,,,,,,,,,,,,,,,,,,,,,,,,,
2026-08-22 00:37:05,Night_001,Right Side,0.615813,0.440908,0.145138,0.978671,0.595906,0.435627,0.128978,0.97706,0.614642,0.450765,0.260467,0.986314,0.580527,0.440877,0.186721,0.983849,0.620011,0.481897,0.239515,0.997872,0.516549,0.462766,0.167207,0.994502,0.588112,0.639276,0.02462,0.998976,0.527833,0.626725,-0.024722,0.998132
2026-08-22 00:37:05,Night_001,No Person Detected,,,,,,,,,,,,,,,,,,,,,,,,,,,,,,,,
2026-08-22 00:37:05,Night_001,Right Side,0.619835,0.447217,0.077239,0.979809,0.600955,0.43649,0.058924,0.978268,0.616005,0.458175,0.202778,0.986936,0.580268,0.436757,0.117063,0.984679,0.610024,0.490612,0.196307,0.997955,0.510865,0.462238,0.108606,0.994519,0.565848,0.645051,0.020408,0.998952,0.510884,0.628739,-0.020515,0.998009
2026-08-22 00:37:06,Night_001,No Person Detected,,,,,,,,,,,,,,,,,,,,,,,,,,,,,,,,
2026-08-22 00:37:06,Night_001,Right Side,0.616426,0.444769,0.142913,0.985044,0.600148,0.435542,0.130409,0.984032,0.614793,0.457557,0.252782,0.990378,0.583677,0.437028,0.193916,0.989233,0.609494,0.492343,0.246872,0.998441,0.517683,0.460402,0.168643,0.996057,0.56599,0.63047,0.037972,0.999082,0.509353,0.619056,-0.038184,0.998441
2026-08-22 00:37:06,Night_001,No Person Detected,,,,,,,,,,,,,,,,,,,,,,,,,,,,,,,,
2026-08-22 00:37:07,Night_001,Right Side,0.616409,0.45405,0.212058,0.985889,0.598671,0.44352,0.196557,0.985023,0.614545,0.462979,0.323826,0.991012,0.582573,0.442538,0.251918,0.990075,0.603197,0.488551,0.30121,0.998482,0.520729,0.456566,0.205007,0.996405,0.560032,0.633728,0.042721,0.999125,0.507048,0.618337,-0.042988,0.998537
2026-08-22 00:37:07,Night_001,No Person Detected,,,,,,,,,,,,,,,,,,,,,,,,,,,,,,,,
2026-08-22 00:37:09,Night_001,Right Side,0.618222,0.448009,0.117741,0.98701,0.601085,0.436456,0.103054,0.986242,0.616041,0.455861,0.221278,0.991772,0.586124,0.436852,0.152407,0.990943,0.612064,0.489926,0.209346,0.998517,0.519145,0.463407,0.148133,0.996593,0.565151,0.640875,0.026243,0.999032,0.509921,0.626329,-0.026314,0.998394
2026-08-22 00:37:09,Night_001,No Person Detected,,,,,,,,,,,,,,,,,,,,,,,,,,,,,,,,
2026-08-22 00:37:09,Night_001,Right Side,0.616586,0.448028,0.169904,0.98768,0.599242,0.436537,0.157543,0.986882,0.61558,0.459605,0.279588,0.992173,0.5839,0.441735,0.222118,0.991434,0.613149,0.491225,0.260561,0.998471,0.519503,0.456933,0.175417,0.996853,0.569459,0.629908,0.040908,0.99899,0.514041,0.616295,-0.041119,0.998444
2026-08-22 00:37:09,Night_001,No Person Detected,,,,,,,,,,,,,,,,,,,,,,,,,,,,,,,,
2026-08-22 00:37:10,Night_001,Right Side,0.618634,0.450772,0.180756,0.988022,0.600309,0.441335,0.160926,0.987224,0.613538,0.455908,0.291341,0.992386,0.583405,0.441773,0.199284,0.991457,0.597001,0.481451,0.273572,0.998541,0.517134,0.452331,0.162862,0.99708,0.56034,0.63336,0.054387,0.999052,0.516136,0.621409,-0.054689,0.99853
2026-08-22 00:37:10,Night_001,No Person Detected,,,,,,,,,,,,,,,,,,,,,,,,,,,,,,,,
2026-08-22 00:37:12,Night_001,Right Side,0.615664,0.44214,0.180766,0.98804,0.596645,0.43698,0.166012,0.987234,0.614454,0.451984,0.300696,0.992291,0.58159,0.442289,0.230926,0.991377,0.614463,0.478232,0.258111,0.998579,0.522124,0.457759,0.20305,0.996879,0.58059,0.644796,0.01147,0.999032,0.530253,0.633528,-0.011672,0.998399
2026-08-22 00:37:12,Night_001,No Person Detected,,,,,,,,,,,,,,,,,,,,,,,,,,,,,,,,
2026-08-22 00:37:13,Night_001,Right Side,0.609935,0.440639,0.149976,0.986065,0.590237,0.436603,0.134147,0.984799,0.608251,0.450413,0.272598,0.990863,0.578673,0.442124,0.198831,0.989454,0.610574,0.474687,0.238913,0.998564,0.519899,0.455488,0.173549,0.996363,0.577789,0.647185,0.01042,0.999015,0.531275,0.637428,-0.010681,0.99822
2026-08-22 00:37:13,Night_001,No Person Detected,,,,,,,,,,,,,,,,,,,,,,,,,,,,,,,,
2026-08-22 00:37:14,Night_001,Right Side,0.619876,0.447207,0.198228,0.985996,0.601024,0.439263,0.181911,0.984828,0.615347,0.456183,0.307481,0.990752,0.58429,0.44193,0.232965,0.989654,0.611317,0.482739,0.280648,0.998324,0.524817,0.455065,0.186353,0.996509,0.5736,0.628437,0.039421,0.999005,0.518753,0.61269,-0.039672,0.998257
2026-08-22 00:37:14,Night_001,No Person Detected,,,,,,,,,,,,,,,,,,,,,,,,,,,,,,,,
2026-08-22 00:37:14,Night_001,Right Side,0.61727,0.446818,0.155337,0.984919,0.600484,0.438748,0.141105,0.98355,0.615205,0.456994,0.255524,0.990331,0.586646,0.441837,0.190423,0.988877,0.610277,0.475057,0.235625,0.998229,0.530205,0.450152,0.157922,0.996389,0.569028,0.634409,0.028449,0.999018,0.518679,0.621288,-0.028756,0.998256
2026-08-22 00:37:14,Night_001,No Person Detected,,,,,,,,,,,,,,,,,,,,,,,,,,,,,,,,
2026-08-22 00:37:15,Night_001,Right Side,0.622429,0.448658,0.086841,0.984316,0.602338,0.438118,0.072042,0.983267,0.618845,0.458726,0.200133,0.990116,0.583269,0.438876,0.130247,0.989076,0.613766,0.491372,0.188906,0.998136,0.515908,0.464526,0.12716,0.995827,0.560111,0.646744,0.017853,0.998941,0.503694,0.625087,-0.01782,0.997906
2026-08-22 00:37:15,Night_001,No Person Detected,,,,,,,,,,,,,,,,,,,,,,,,,,,,,,,,
2026-08-22 00:37:15,Night_001,Right Side,0.619538,0.454621,0.119415,0.983187,0.603823,0.445968,0.100541,0.982074,0.615085,0.459392,0.215234,0.989765,0.58722,0.442746,0.127841,0.988367,0.603042,0.476604,0.188814,0.998102,0.525152,0.457088,0.118627,0.99562,0.556028,0.642029,0.017122,0.998993,0.515041,0.627843,-0.017364,0.997976
2026-08-22 00:37:16,Night_001,No Person Detected,,,,,,,,,,,,,,,,,,,,,,,,,,,,,,,,
2026-08-22 00:37:16,Night_001,Right Side,0.620008,0.449218,0.168285,0.982572,0.603202,0.437534,0.151367,0.981988,0.615852,0.456413,0.279692,0.989686,0.584312,0.442265,0.200733,0.988961,0.611459,0.486662,0.265253,0.998082,0.516026,0.461804,0.182723,0.995815,0.569257,0.646407,0.029228,0.998995,0.508118,0.63142,-0.029396,0.998023
2026-08-22 00:37:16,Night_001,No Person Detected,,,,,,,,,,,,,,,,,,,,,,,,,,,,,,,,
2026-08-22 00:37:17,Night_001,Right Side,0.616282,0.446176,0.190539,0.978678,0.594891,0.439488,0.17611,0.978303,0.61365,0.453976,0.284635,0.98661,0.580702,0.443592,0.219198,0.985455,0.613753,0.468059,0.238715,0.997887,0.527859,0.453463,0.191295,0.995299,0.580303,0.630767,0.006861,0.998957,0.529756,0.621684,-0.007178,0.998012
2026-08-22 00:37:17,Night_001,No Person Detected,,,,,,,,,,,,,,,,,,,,,,,,,,,,,,,,
2026-08-22 00:37:17,Night_001,Right Side,0.618696,0.448399,0.123318,0.979513,0.600683,0.437384,0.107379,0.979067,0.61661,0.45844,0.236216,0.987157,0.584204,0.436748,0.163712,0.985583,0.617351,0.4943,0.219331,0.997801,0.516381,0.459537,0.150356,0.995347,0.575118,0.650213,0.024986,0.998999,0.516264,0.634647,-0.02524,0.998101
2026-08-22 00:37:18,Night_001,No Person Detected,,,,,,,,,,,,,,,,,,,,,,,,,,,,,,,,
2026-08-22 00:37:18,Night_001,Right Side,0.614052,0.448759,0.154874,0.977801,0.59711,0.440107,0.141604,0.97711,0.612816,0.456763,0.2467,0.986744,0.585098,0.443052,0.185633,0.984637,0.609449,0.470244,0.222535,0.997828,0.533503,0.446897,0.153805,0.995435,0.567037,0.633372,0.029775,0.999046,0.521665,0.618056,-0.030111,0.998168
2026-08-22 00:37:18,Night_001,No Person Detected,,,,,,,,,,,,,,,,,,,,,,,,,,,,,,,,
2026-08-22 00:37:20,Night_001,Right Side,0.619367,0.452069,0.16869,0.978412,0.602854,0.442644,0.148501,0.977579,0.614373,0.457147,0.274515,0.987148,0.584968,0.442556,0.181436,0.984623,0.601601,0.485697,0.255157,0.9979,0.527186,0.452121,0.149626,0.995752,0.562225,0.641562,0.049059,0.999121,0.519077,0.632523,-0.049368,0.998314
2026-08-22 00:37:20,Night_001,No Person Detected,,,,,,,,,,,,,,,,,,,,,,,,,,,,,,,,
2026-08-22 00:37:21,Night_001,Right Side,0.617479,0.449454,0.159116,0.979994,0.600825,0.439543,0.143611,0.979173,0.615405,0.458076,0.272903,0.988161,0.584969,0.441774,0.201691,0.985884,0.607192,0.489019,0.251125,0.997976,0.519915,0.45687,0.162746,0.996081,0.567515,0.635582,0.031148,0.999161,0.510607,0.622959,-0.031351,0.998421
2026-08-22 00:37:21,Night_001,No Person Detected,,,,,,,,,,,,,,,,,,,,,,,,,,,,,,,,
2026-08-22 00:37:25,Night_001,Right Side,0.616831,0.449906,0.139631,0.981381,0.598706,0.437719,0.129171,0.980595,0.616192,0.461564,0.241664,0.988988,0.583834,0.440557,0.192822,0.986898,0.61186,0.497227,0.215427,0.998065,0.526101,0.467601,0.192205,0.996198,0.564249,0.638677,0.012428,0.999038,0.510681,0.625584,-0.012653,0.998357
2026-08-22 00:37:25,Night_001,No Person Detected,,,,,,,,,,,,,,,,,,,,,,,,,,,,,,,,
2026-08-22 00:37:29,Night_001,Right Side,0.617621,0.441069,0.10442,0.971704,0.597176,0.434926,0.090308,0.969673,0.617121,0.453609,0.203911,0.982943,0.582018,0.439143,0.13977,0.977052,0.61335,0.474964,0.183567,0.997866,0.516022,0.457429,0.129436,0.995058,0.569838,0.644489,0.014538,0.999024,0.513146,0.633258,-0.014755,0.998282
2026-08-22 00:37:29,Night_001,No Person Detected,,,,,,,,,,,,,,,,,,,,,,,,,,,,,,,,
2026-08-22 00:37:29,Night_001,Right Side,0.617901,0.455109,0.177146,0.977766,0.601757,0.44505,0.160592,0.976026,0.616868,0.461974,0.279069,0.986416,0.584701,0.443321,0.201236,0.981943,0.605821,0.488787,0.256297,0.99822,0.526944,0.456037,0.175819,0.995449,0.567844,0.629449,0.042741,0.999165,0.524543,0.617814,-0.043099,0.998472
2026-08-22 00:37:30,Night_001,No Person Detected,,,,,,,,,,,,,,,,,,,,,,,,,,,,,,,,
2026-08-22 00:37:30,Night_001,Right Side,0.616751,0.445769,0.20293,0.978757,0.598217,0.438861,0.189883,0.976783,0.614236,0.456033,0.305283,0.986936,0.583816,0.442585,0.245561,0.982501,0.615603,0.475308,0.271802,0.998309,0.526822,0.455118,0.206156,0.995758,0.581542,0.625521,0.02434,0.999203,0.522895,0.621749,-0.024564,0.998567
2026-08-22 00:37:30,Night_001,No Person Detected,,,,,,,,,,,,,,,,,,,,,,,,,,,,,,,,
2026-08-22 00:37:31,Night_001,Right Side,0.621581,0.450789,0.174705,0.978941,0.602058,0.440456,0.159082,0.977368,0.616813,0.457462,0.288184,0.987072,0.584713,0.441318,0.216386,0.983381,0.611908,0.486983,0.269762,0.998116,0.519217,0.457684,0.1875,0.995916,0.570246,0.636129,0.03678,0.999108,0.511452,0.620007,-0.036945,0.998475
2026-08-22 00:37:31,Night_001,No Person Detected,,,,,,,,,,,,,,,,,,,,,,,,,,,,,,,,
2026-08-22 00:37:32,Night_001,Right Side,0.617645,0.445307,0.167091,0.980795,0.597702,0.435897,0.153537,0.979436,0.617187,0.457608,0.275474,0.988233,0.582432,0.436828,0.212557,0.984975,0.616608,0.495909,0.2572,0.998228,0.515571,0.468359,0.200456,0.996291,0.575526,0.636333,0.029216,0.999075,0.512206,0.623314,-0.029465,0.998545
2026-08-22 00:37:32,Night_001,No Person Detected,,,,,,,,,,,,,,,,,,,,,,,,,,,,,,,,
2026-08-22 00:37:33,Night_001,Right Side,0.616499,0.448662,0.130402,0.979198,0.600212,0.440124,0.111915,0.978333,0.612066,0.455006,0.245795,0.987511,0.580247,0.436759,0.16032,0.98495,0.599064,0.479763,0.228301,0.997987,0.510041,0.459071,0.140444,0.996205,0.555405,0.640804,0.022163,0.999011,0.507132,0.625057,-0.022305,0.998396
2026-08-22 00:37:33,Night_001,No Person Detected,,,,,,,,,,,,,,,,,,,,,,,,,,,,,,,,
2026-08-22 00:37:34,Night_001,Right Side,0.618816,0.451186,0.118083,0.985242,0.60127,0.438155,0.102887,0.984698,0.617147,0.461453,0.226773,0.991116,0.58578,0.440671,0.156112,0.989635,0.605147,0.499735,0.221258,0.998356,0.519423,0.459476,0.138218,0.996832,0.562361,0.638021,0.037738,0.999171,0.507645,0.622177,-0.037933,0.998655
2026-08-22 00:37:34,Night_001,No Person Detected,,,,,,,,,,,,,,,,,,,,,,,,,,,,,,,,
2026-08-22 00:37:35,Night_001,Right Side,0.619276,0.448308,0.170612,0.985631,0.600746,0.440703,0.155767,0.985034,0.614107,0.454532,0.267572,0.991321,0.583354,0.442006,0.198053,0.989728,0.607529,0.476372,0.227392,0.99842,0.530341,0.448792,0.18444,0.996948,0.570858,0.633447,0.020451,0.999205,0.529909,0.626183,-0.020694,0.998692
2026-08-22 00:37:35,Night_001,No Person Detected,,,,,,,,,,,,,,,,,,,,,,,,,,,,,,,,
2026-08-22 00:37:36,Night_001,Right Side,0.617494,0.456358,0.293565,0.985324,0.607615,0.444272,0.27228,0.98546,0.611907,0.46191,0.415712,0.989361,0.591577,0.437958,0.317447,0.989874,0.5984,0.514807,0.395421,0.997982,0.53766,0.449778,0.224453,0.997404,0.562685,0.616726,0.069,0.999122,0.51947,0.587021,-0.069424,0.998675
2026-08-22 00:37:36,Night_001,No Person Detected,,,,,,,,,,,,,,,,,,,,,,,,,,,,,,,,
2026-08-22 00:37:38,Night_001,Right Side,0.622079,0.449437,0.178355,0.985143,0.604337,0.442334,0.161415,0.98533,0.620481,0.456239,0.283944,0.989654,0.586071,0.443427,0.20506,0.990026,0.615515,0.47934,0.257179,0.998103,0.525531,0.457814,0.196918,0.997489,0.571268,0.638992,0.018485,0.999173,0.519062,0.628819,-0.018662,0.998729
2026-08-22 00:37:38,Night_001,No Person Detected,,,,,,,,,,,,,,,,,,,,,,,,,,,,,,,,
2026-08-22 00:37:40,Night_001,Right Side,0.617605,0.442619,0.170696,0.98526,0.599787,0.437221,0.15397,0.9853,0.614862,0.448939,0.282694,0.989559,0.582965,0.441243,0.205022,0.98976,0.616825,0.477659,0.250426,0.998162,0.515174,0.456157,0.184509,0.997016,0.580734,0.634903,0.014451,0.9991,0.52657,0.621692,-0.014494,0.998531
2026-08-22 00:37:40,Night_001,No Person Detected,,,,,,,,,,,,,,,,,,,,,,,,,,,,,,,,
2026-08-22 00:37:40,Night_001,Right Side,0.619679,0.452193,0.142298,0.98517,0.602797,0.439896,0.127035,0.985455,0.614072,0.458794,0.253878,0.989872,0.586685,0.438827,0.182619,0.990062,0.606462,0.497271,0.231546,0.998087,0.518534,0.460504,0.161052,0.9971,0.558375,0.647903,0.028795,0.999025,0.504126,0.622796,-0.028933,0.998487
2026-08-22 00:37:41,Night_001,No Person Detected,,,,,,,,,,,,,,,,,,,,,,,,,,,,,,,,
2026-08-22 00:37:42,Night_001,Right Side,0.614521,0.448455,0.13323,0.985673,0.598821,0.437157,0.116569,0.985955,0.612107,0.458839,0.23835,0.990358,0.582475,0.441688,0.16081,0.990593,0.600016,0.4845,0.218275,0.998132,0.516421,0.457433,0.13744,0.997127,0.553873,0.638009,0.025013,0.999056,0.511656,0.62477,-0.025283,0.998489
2026-08-22 00:37:42,Night_001,No Person Detected,,,,,,,,,,,,,,,,,,,,,,,,,,,,,,,,
2026-08-22 00:37:43,Night_001,Right Side,0.616324,0.442569,0.153021,0.985841,0.595916,0.435271,0.138892,0.985817,0.615143,0.451727,0.256233,0.990467,0.58299,0.440425,0.190698,0.990236,0.614546,0.473061,0.23032,0.99821,0.521036,0.454585,0.168468,0.99701,0.5757,0.630645,0.022828,0.9991,0.528334,0.623356,-0.023001,0.998521
2026-08-22 00:37:43,Night_001,No Person Detected,,,,,,,,,,,,,,,,,,,,,,,,,,,,,,,,
2026-08-22 00:37:44,Night_001,Right Side,0.615906,0.443747,0.161455,0.984533,0.597094,0.434686,0.147698,0.98404,0.613081,0.45269,0.265264,0.989439,0.582783,0.43899,0.201548,0.989101,0.607693,0.473799,0.231334,0.998276,0.51857,0.457126,0.16976,0.996907,0.568627,0.627682,0.01831,0.999204,0.523283,0.625474,-0.018679,0.998663
2026-08-22 00:37:44,Night_001,No Person Detected,,,,,,,,,,,,,,,,,,,,,,,,,,,,,,,,
2026-08-22 00:37:44,Night_001,Right Side,0.619832,0.448436,0.129046,0.983544,0.60091,0.43677,0.113578,0.982907,0.614169,0.457722,0.238323,0.989036,0.584747,0.438126,0.167332,0.988467,0.610426,0.489429,0.219265,0.998086,0.519784,0.451728,0.144207,0.996774,0.564334,0.644863,0.026091,0.999187,0.507832,0.62401,-0.026444,0.998645
2026-08-22 00:37:44,Night_001,No Person Detected,,,,,,,,,,,,,,,,,,,,,,,,,,,,,,,,
2026-08-22 00:37:45,Night_001,Right Side,0.616261,0.445744,0.119558,0.97378,0.596099,0.436777,0.107465,0.973881,0.610202,0.451683,0.222818,0.984129,0.582545,0.441042,0.166206,0.983743,0.607374,0.478319,0.2089,0.997758,0.517293,0.456991,0.137672,0.996131,0.55754,0.641416,0.02536,0.999213,0.505953,0.621932,-0.025513,0.998644
2026-08-22 00:37:46,Night_001,No Person Detected,,,,,,,,,,,,,,,,,,,,,,,,,,,,,,,,
2026-08-22 00:37:46,Night_001,Right Side,0.61931,0.447097,0.103945,0.974849,0.599543,0.437063,0.090334,0.975091,0.618142,0.459365,0.213791,0.985259,0.582209,0.439591,0.150349,0.985155,0.611534,0.488351,0.203387,0.997936,0.514298,0.46206,0.138504,0.996226,0.55532,0.647341,0.029928,0.999168,0.496831,0.623861,-0.029985,0.998548
2026-08-22 00:37:47,Night_001,No Person Detected,,,,,,,,,,,,,,,,,,,,,,,,,,,,,,,,
2026-08-22 00:37:47,Night_001,Right Side,0.623537,0.45417,0.162961,0.977006,0.604643,0.441293,0.145905,0.977161,0.621903,0.464453,0.281887,0.986465,0.584966,0.439981,0.202629,0.986337,0.607453,0.506181,0.258236,0.997869,0.525011,0.46238,0.165324,0.996463,0.562336,0.643554,0.036422,0.999121,0.507978,0.626134,-0.036705,0.998513
2026-08-22 00:37:47,Night_001,No Person Detected,,,,,,,,,,,,,,,,,,,,,,,,,,,,,,,,
2026-08-22 00:37:49,Night_001,Right Side,0.620405,0.446756,0.143869,0.978758,0.603346,0.43924,0.128475,0.978823,0.615345,0.456612,0.248743,0.987537,0.586224,0.442833,0.176626,0.987322,0.606587,0.48493,0.227767,0.998022,0.518124,0.459734,0.152634,0.996698,0.569574,0.640115,0.029548,0.99917,0.516324,0.629001,-0.029735,0.998593
2026-08-22 00:37:49,Night_001,No Person Detected,,,,,,,,,,,,,,,,,,,,,,,,,,,,,,,,
2026-08-22 00:37:50,Night_001,Right Side,0.618299,0.443211,0.137096,0.978971,0.596216,0.436425,0.118749,0.978748,0.615896,0.453035,0.254028,0.987323,0.580577,0.441533,0.17035,0.986775,0.620304,0.483781,0.243531,0.998096,0.516988,0.458857,0.149624,0.996339,0.581225,0.639379,0.03013,0.999146,0.518744,0.622384,-0.030214,0.998504
2026-08-22 00:37:50,Night_001,No Person Detected,,,,,,,,,,,,,,,,,,,,,,,,,,,,,,,,
2026-08-22 00:37:51,Night_001,Right Side,0.616005,0.445278,0.128756,0.969897,0.597974,0.440564,0.115336,0.967992,0.612009,0.453087,0.227839,0.9824,0.582169,0.440408,0.168202,0.980255,0.619608,0.463257,0.211116,0.997992,0.529376,0.451367,0.149771,0.995547,0.576182,0.626293,0.009432,0.99909,0.529295,0.624604,-0.009748,0.998363
2026-08-22 00:37:51,Night_001,No Person Detected,,,,,,,,,,,,,,,,,,,,,,,,,,,,,,,,
2026-08-22 00:37:52,Night_001,Right Side,0.617377,0.458439,0.308322,0.980275,0.606025,0.444564,0.288429,0.979543,0.613329,0.466779,0.447577,0.987734,0.58867,0.438556,0.35468,0.987806,0.593904,0.517547,0.440146,0.998277,0.539016,0.449596,0.269884,0.997102,0.559666,0.608382,0.057313,0.999073,0.516827,0.578371,-0.057665,0.998558
2026-08-22 00:37:52,Night_001,No Person Detected,,,,,,,,,,,,,,,,,,,,,,,,,,,,,,,,
2026-08-22 00:37:53,Night_001,Right Side,0.618554,0.458029,0.292361,0.982214,0.605397,0.442248,0.274402,0.981535,0.615658,0.464181,0.430715,0.988898,0.587695,0.436901,0.347174,0.988977,0.609104,0.517711,0.421941,0.997503,0.532635,0.451857,0.265688,0.997275,0.570232,0.605104,0.060059,0.998035,0.517246,0.579323,-0.060302,0.99741
2026-08-22 00:37:53,Night_001,No Person Detected,,,,,,,,,,,,,,,,,,,,,,,,,,,,,,,,
2026-08-22 00:37:55,Night_001,Right Side,0.619103,0.44753,0.152962,0.980993,0.601842,0.441138,0.135786,0.980623,0.61406,0.455984,0.252102,0.988193,0.584738,0.443665,0.172608,0.988212,0.608027,0.475289,0.227059,0.997595,0.524951,0.45788,0.148943,0.997148,0.564883,0.643999,0.020487,0.998175,0.521286,0.633466,-0.020639,0.997503
2026-08-22 00:37:55,Night_001,No Person Detected,,,,,,,,,,,,,,,,,,,,,,,,,,,,,,,,
2026-08-22 00:37:55,Night_001,Right Side,0.618337,0.449761,0.112703,0.981709,0.601232,0.436977,0.095928,0.981441,0.614812,0.459688,0.22424,0.988729,0.584973,0.441698,0.146596,0.988812,0.604633,0.490211,0.205672,0.997623,0.517867,0.460511,0.130855,0.997179,0.559913,0.64279,0.01984,0.9983,0.513152,0.626126,-0.020122,0.997649
2026-08-22 00:37:55,Night_001,No Person Detected,,,,,,,,,,,,,,,,,,,,,,,,,,,,,,,,
2026-08-22 00:37:57,Night_001,Right Side,0.616194,0.449653,0.143659,0.979326,0.598292,0.440607,0.133876,0.977964,0.616047,0.458703,0.238548,0.987838,0.586037,0.445256,0.193909,0.986147,0.616243,0.484903,0.212499,0.997703,0.530245,0.459923,0.175799,0.99697,0.570583,0.637879,0.016233,0.998398,0.514899,0.622453,-0.016516,0.997793
2026-08-22 00:37:57,Night_001,No Person Detected,,,,,,,,,,,,,,,,,,,,,,,,,,,,,,,,
2026-08-22 00:37:59,Night_001,Right Side,0.616465,0.458112,0.394599,0.981347,0.602053,0.443026,0.377169,0.980059,0.611126,0.46288,0.543184,0.989012,0.585086,0.439133,0.462489,0.987418,0.603662,0.519147,0.505319,0.997632,0.531496,0.452022,0.377098,0.997185,0.571763,0.614993,0.045087,0.998315,0.515489,0.586015,-0.04543,0.997808
2026-08-22 00:37:59,Night_001,No Person Detected,,,,,,,,,,,,,,,,,,,,,,,,,,,,,,,,
2026-08-22 00:38:00,Night_001,Right Side,0.618505,0.450745,0.173014,0.982167,0.602881,0.44118,0.152356,0.980888,0.612537,0.457011,0.292885,0.989372,0.583581,0.438603,0.197024,0.987923,0.604419,0.494953,0.267856,0.997604,0.517586,0.458258,0.167548,0.997126,0.566772,0.644987,0.031991,0.998377,0.512693,0.630197,-0.03216,0.997834
2026-08-22 00:38:00,Night_001,No Person Detected,,,,,,,,,,,,,,,,,,,,,,,,,,,,,,,,
2026-08-22 00:38:01,Night_001,Right Side,0.6161,0.442863,0.099342,0.98282,0.594313,0.43621,0.084305,0.981617,0.614843,0.453378,0.214443,0.988983,0.580332,0.4404,0.144097,0.987598,0.614891,0.482288,0.195887,0.998051,0.510739,0.459367,0.133653,0.996356,0.574403,0.650258,0.00986,0.998625,0.513628,0.631637,-0.009928,0.997929
2026-08-22 00:38:02,Night_001,No Person Detected,,,,,,,,,,,,,,,,,,,,,,,,,,,,,,,,
2026-08-22 00:38:02,Night_001,Right Side,0.616688,0.444353,0.113328,0.984753,0.599352,0.437124,0.097663,0.984199,0.613097,0.455613,0.228265,0.990321,0.581015,0.438314,0.155931,0.989941,0.607381,0.485539,0.217877,0.998262,0.512997,0.455929,0.143949,0.996527,0.559613,0.640903,0.01912,0.99888,0.506419,0.623505,-0.019311,0.998266
2026-08-22 00:38:02,Night_001,No Person Detected,,,,,,,,,,,,,,,,,,,,,,,,,,,,,,,,
2026-08-22 00:38:03,Night_001,Right Side,0.614379,0.44832,0.15151,0.984463,0.598841,0.439802,0.136721,0.983567,0.61346,0.459115,0.251743,0.990663,0.585667,0.442991,0.183409,0.989764,0.60968,0.480935,0.224241,0.998328,0.527668,0.44904,0.163089,0.996605,0.565283,0.640164,0.017906,0.99901,0.516322,0.623611,-0.018331,0.998425
2026-08-22 00:38:03,Night_001,No Person Detected,,,,,,,,,,,,,,,,,,,,,,,,,,,,,,,,
2026-08-22 00:38:04,Night_001,Right Side,0.618056,0.448643,0.036887,0.975306,0.601346,0.440309,0.020264,0.975542,0.609595,0.455423,0.126922,0.985024,0.581399,0.441121,0.047214,0.98331,0.593342,0.475184,0.114438,0.997839,0.49942,0.457191,0.047014,0.995609,0.550391,0.661151,0.017503,0.998908,0.498513,0.638895,-0.017588,0.9982
2026-08-22 00:38:04,Night_001,No Person Detected,,,,,,,,,,,,,,,,,,,,,,,,,,,,,,,,
2026-08-22 00:38:05,Night_001,Right Side,0.619857,0.45168,0.09702,0.977075,0.604719,0.438709,0.084908,0.977385,0.615297,0.458542,0.1874,0.98611,0.587059,0.442108,0.129743,0.984935,0.613898,0.489822,0.16659,0.997983,0.517152,0.462956,0.131453,0.994593,0.55858,0.646676,0.013357,0.998918,0.509649,0.625205,-0.01346,0.998001
2026-08-22 00:38:05,Night_001,No Person Detected,,,,,,,,,,,,,,,,,,,,,,,,,,,,,,,,
2026-08-22 00:38:06,Night_001,Right Side,0.614938,0.450302,0.161114,0.97106,0.599257,0.441777,0.145801,0.970602,0.613992,0.457993,0.250402,0.983163,0.587637,0.444067,0.17993,0.979073,0.606842,0.469289,0.212949,0.997918,0.537128,0.448586,0.156956,0.994311,0.564605,0.637364,0.020222,0.99897,0.524924,0.625628,-0.020502,0.998063
2026-08-22 00:38:07,Night_001,No Person Detected,,,,,,,,,,,,,,,,,,,,,,,,,,,,,,,,
2026-08-22 00:38:07,Night_001,Right Side,0.616971,0.444349,0.140559,0.971288,0.597579,0.437638,0.125766,0.970573,0.614918,0.453913,0.253054,0.982796,0.580064,0.440792,0.185202,0.978848,0.617239,0.475722,0.232748,0.997933,0.514303,0.461678,0.168475,0.994282,0.577579,0.629661,0.017446,0.998804,0.518918,0.617632,-0.017479,0.997835
2026-08-22 00:38:07,Night_001,No Person Detected,,,,,,,,,,,,,,,,,,,,,,,,,,,,,,,,
2026-08-22 00:38:08,Night_001,Right Side,0.618978,0.449431,0.12707,0.973631,0.601064,0.435409,0.11523,0.972999,0.61592,0.461225,0.228104,0.984208,0.585667,0.440877,0.172595,0.980726,0.611444,0.500639,0.215025,0.997953,0.519252,0.464355,0.161715,0.994704,0.566557,0.639987,0.021607,0.998795,0.508206,0.62427,-0.021908,0.997924
2026-08-22 00:38:08,Night_001,No Person Detected,,,,,,,,,,,,,,,,,,,,,,,,,,,,,,,,
2026-08-22 00:38:09,Night_001,Right Side,0.616582,0.44792,0.161805,0.975837,0.599683,0.435232,0.15299,0.97522,0.615737,0.461399,0.267566,0.985528,0.586095,0.442281,0.226865,0.982325,0.614984,0.497417,0.238127,0.998075,0.527472,0.465313,0.20143,0.995135,0.571315,0.633105,0.021761,0.998857,0.518349,0.617426,-0.021995,0.998075
2026-08-22 00:38:09,Night_001,No Person Detected,,,,,,,,,,,,,,,,,,,,,,,,,,,,,,,,
2026-08-22 00:38:10,Night_001,Right Side,0.617271,0.446734,0.168952,0.975421,0.60037,0.442932,0.151662,0.974718,0.613351,0.452076,0.239782,0.985195,0.586397,0.445855,0.160925,0.981781,0.602165,0.464886,0.193535,0.99819,0.547331,0.464061,0.120918,0.995425,0.568045,0.638666,0.021739,0.998961,0.54553,0.639272,-0.022338,0.998239
2026-08-22 00:38:10,Night_001,No Person Detected,,,,,,,,,,,,,,,,,,,,,,,,,,,,,,,,
2026-08-22 00:38:12,Night_001,Right Side,0.61164,0.438911,0.178429,0.975804,0.592211,0.432121,0.164575,0.974621,0.610739,0.451011,0.293974,0.985261,0.580664,0.438644,0.230604,0.981893,0.606078,0.478303,0.280385,0.998189,0.516906,0.456915,0.192943,0.995566,0.572044,0.624783,0.036669,0.999025,0.516806,0.617597,-0.036893,0.998327
2026-08-22 00:38:12,Night_001,No Person Detected,,,,,,,,,,,,,,,,,,,,,,,,,,,,,,,,
2026-08-22 00:38:12,Night_001,Right Side,0.614443,0.451495,0.075863,0.968121,0.598662,0.444423,0.054569,0.967644,0.608458,0.45482,0.180115,0.980541,0.583756,0.44326,0.080374,0.976453,0.591733,0.470749,0.15979,0.998071,0.519081,0.446896,0.080864,0.995359,0.549216,0.657814,0.01091,0.999019,0.515907,0.640671,-0.011283,0.998283
2026-08-22 00:38:13,Night_001,No Person Detected,,,,,,,,,,,,,,,,,,,,,,,,,,,,,,,,
2026-08-22 00:38:16,Night_001,Right Side,0.615413,0.450859,0.330488,0.973398,0.602904,0.439129,0.31295,0.971569,0.610659,0.460302,0.445011,0.982392,0.585321,0.438783,0.365006,0.97873,0.596835,0.507988,0.399156,0.99605,0.528827,0.451336,0.27222,0.994952,0.563386,0.610541,0.051318,0.998092,0.51412,0.586739,-0.051749,0.997437
2026-08-22 00:38:17,Night_001,No Person Detected,,,,,,,,,,,,,,,,,,,,,,,,,,,,,,,,
2026-08-22 00:38:19,Night_001,Right Side,0.616783,0.450328,0.203488,0.967824,0.59963,0.445276,0.185236,0.966561,0.611355,0.454238,0.288139,0.979009,0.584143,0.443646,0.205669,0.973824,0.605048,0.463699,0.251657,0.996234,0.534141,0.451902,0.158791,0.995071,0.573305,0.62947,0.042356,0.99825,0.530294,0.623444,-0.042856,0.997621
2026-08-22 00:38:19,Night_001,No Person Detected,,,,,,,,,,,,,,,,,,,,,,,,,,,,,,,,
2026-08-22 00:38:21,Night_001,Right Side,0.612918,0.452397,0.260848,0.968311,0.604861,0.4483,0.246273,0.966385,0.608905,0.456983,0.287991,0.979695,0.593118,0.449363,0.21898,0.972497,0.572536,0.457271,0.203951,0.996543,0.56863,0.456661,0.162558,0.995389,0.546475,0.624222,0.031124,0.998407,0.542201,0.620658,-0.031615,0.997826
2026-08-22 00:38:21,Night_001,No Person Detected,,,,,,,,,,,,,,,,,,,,,,,,,,,,,,,,
2026-08-22 00:38:21,Night_001,Right Side,0.614451,0.448209,0.122452,0.968213,0.597289,0.438286,0.108167,0.966703,0.612348,0.45562,0.212746,0.980083,0.584001,0.438487,0.146207,0.973421,0.607506,0.484318,0.193942,0.996688,0.524413,0.454193,0.145322,0.995481,0.561946,0.639485,0.021493,0.998459,0.514124,0.624681,-0.021805,0.997849
2026-08-22 00:38:22,Night_001,No Person Detected,,,,,,,,,,,,,,,,,,,,,,,,,,,,,,,,
2026-08-22 00:38:22,Night_001,Right Side,0.619109,0.450323,0.182783,0.970195,0.600094,0.441686,0.166047,0.968638,0.614441,0.456043,0.294709,0.981211,0.583936,0.443099,0.217803,0.975024,0.610221,0.48352,0.265559,0.996835,0.527435,0.457478,0.191506,0.995679,0.574674,0.632154,0.031533,0.99851,0.525952,0.625115,-0.03176,0.997866
2026-08-22 00:38:23,Night_001,No Person Detected,,,,,,,,,,,,,,,,,,,,,,,,,,,,,,,,
2026-08-22 00:38:24,Night_001,Right Side,0.615383,0.449712,0.129872,0.968691,0.600205,0.442745,0.106978,0.9665,0.611334,0.451496,0.215867,0.979538,0.583123,0.443264,0.110655,0.973869,0.589972,0.459451,0.198964,0.997282,0.539561,0.450389,0.080087,0.996151,0.556967,0.632338,0.033819,0.998766,0.53033,0.63027,-0.034294,0.998211
2026-08-22 00:38:24,Night_001,No Person Detected,,,,,,,,,,,,,,,,,,,,,,,,,,,,,,,,
2026-08-22 00:38:25,Night_001,Right Side,0.617398,0.449511,0.12276,0.970855,0.600598,0.438634,0.111141,0.968712,0.61549,0.45673,0.226619,0.981025,0.586219,0.442766,0.17314,0.9758,0.619249,0.489571,0.212299,0.997402,0.528832,0.460914,0.150085,0.996346,0.577144,0.625966,0.029526,0.998697,0.521198,0.611529,-0.029729,0.998124
2026-08-22 00:38:25,Night_001,No Person Detected,,,,,,,,,,,,,,,,,,,,,,,,,,,,,,,,
2026-08-22 00:38:25,Night_001,Right Side,0.61794,0.447576,0.105916,0.971963,0.600452,0.434866,0.090981,0.969946,0.615993,0.456863,0.22388,0.981884,0.582609,0.434571,0.154751,0.977342,0.614805,0.498056,0.221629,0.997479,0.514799,0.461471,0.140011,0.996521,0.567417,0.63979,0.03559,0.998495,0.504233,0.622781,-0.035664,0.99789
2026-08-22 00:38:25,Night_001,No Person Detected,,,,,,,,,,,,,,,,,,,,,,,,,,,,,,,,
2026-08-22 00:38:25,Night_001,Right Side,0.613675,0.452536,0.138075,0.971802,0.60307,0.447569,0.116158,0.970005,0.606367,0.452119,0.195575,0.9822,0.590458,0.445951,0.09451,0.977793,0.571515,0.453604,0.158044,0.997642,0.556698,0.455053,0.056123,0.996734,0.543356,0.640154,0.030545,0.998628,0.53835,0.639795,-0.030952,0.99806
2026-08-22 00:38:26,Night_001,No Person Detected,,,,,,,,,,,,,,,,,,,,,,,,,,,,,,,,
2026-08-22 00:38:27,Night_001,Right Side,0.61919,0.453282,0.187408,0.978086,0.60432,0.439914,0.174553,0.976804,0.615941,0.464265,0.303774,0.98538,0.585894,0.438585,0.242629,0.982983,0.614079,0.515854,0.287391,0.997846,0.530375,0.455961,0.200854,0.997109,0.581308,0.606208,0.031379,0.998824,0.520093,0.577117,-0.031562,0.998386
2026-08-22 00:38:27,Night_001,No Person Detected,,,,,,,,,,,,,,,,,,,,,,,,,,,,,,,,
2026-08-22 00:38:28,Night_001,Right Side,0.618715,0.445877,0.161721,0.979334,0.600408,0.438836,0.149248,0.978015,0.617313,0.457541,0.270544,0.986252,0.587092,0.443457,0.213711,0.98402,0.618795,0.485365,0.249405,0.997844,0.530527,0.455975,0.175025,0.997171,0.578191,0.634625,0.030379,0.998894,0.522465,0.621917,-0.030652,0.998466
2026-08-22 00:38:28,Night_001,No Person Detected,,,,,,,,,,,,,,,,,,,,,,,,,,,,,,,,
2026-08-22 00:38:29,Night_001,Right Side,0.613703,0.450695,0.15492,0.9761,0.598027,0.44289,0.139236,0.974145,0.613219,0.457062,0.242522,0.984449,0.586376,0.444002,0.170531,0.980738,0.602832,0.468745,0.21057,0.997786,0.52788,0.454613,0.151378,0.996648,0.560558,0.636862,0.019573,0.99895,0.524623,0.628446,-0.01993,0.998461
2026-08-22 00:38:29,Night_001,No Person Detected,,,,,,,,,,,,,,,,,,,,,,,,,,,,,,,,
2026-08-22 00:38:31,Night_001,Right Side,0.618763,0.441697,0.157416,0.9766,0.597841,0.43535,0.144366,0.974623,0.617323,0.452105,0.266545,0.984609,0.580985,0.440095,0.207862,0.980648,0.618611,0.479047,0.249068,0.997827,0.522292,0.461584,0.182975,0.996492,0.579261,0.636079,0.029888,0.998979,0.521845,0.625329,-0.030065,0.99847
2026-08-22 00:38:31,Night_001,No Person Detected,,,,,,,,,,,,,,,,,,,,,,,,,,,,,,,,
2026-08-22 00:38:31,Night_001,Right Side,0.617092,0.443981,0.165424,0.975581,0.597725,0.437699,0.150657,0.973747,0.615502,0.454383,0.279629,0.983663,0.581578,0.441307,0.211927,0.979662,0.616543,0.480643,0.244719,0.997788,0.514316,0.461894,0.187015,0.995985,0.575807,0.638391,0.014147,0.998937,0.52048,0.625168,-0.014306,0.998351
2026-08-22 00:38:32,Night_001,No Person Detected,,,,,,,,,,,,,,,,,,,,,,,,,,,,,,,,
2026-08-22 00:38:33,Night_001,Right Side,0.616643,0.443585,0.155814,0.97439,0.596448,0.439512,0.140892,0.973112,0.615729,0.451519,0.254991,0.982557,0.584607,0.442876,0.187778,0.979508,0.619807,0.46486,0.215565,0.998143,0.536091,0.455931,0.163857,0.996296,0.580101,0.627745,0.008993,0.999149,0.540924,0.6259,-0.009528,0.99864
2026-08-22 00:38:33,Night_001,No Person Detected,,,,,,,,,,,,,,,,,,,,,,,,,,,,,,,,
2026-08-22 00:38:34,Night_001,Right Side,0.616842,0.443065,0.083747,0.965174,0.596735,0.438134,0.069444,0.963076,0.614936,0.451081,0.182251,0.977585,0.581235,0.442658,0.116878,0.973238,0.612783,0.461545,0.168142,0.998066,0.521284,0.45634,0.109449,0.995333,0.567564,0.639498,0.005504,0.999155,0.522505,0.635566,-0.005812,0.998562
2026-08-22 00:38:34,Night_001,No Person Detected,,,,,,,,,,,,,,,,,,,,,,,,,,,,,,,,
2026-08-22 00:38:34,Night_001,Right Side,0.61541,0.447198,0.149763,0.963572,0.599315,0.440102,0.132927,0.962271,0.611662,0.453863,0.245168,0.976549,0.583734,0.443027,0.167777,0.973338,0.602803,0.462885,0.222118,0.997936,0.519203,0.450956,0.146697,0.995117,0.559101,0.627897,0.014989,0.99905,0.515432,0.620844,-0.015207,0.998332
2026-08-22 00:38:34,Night_001,No Person Detected,,,,,,,,,,,,,,,,,,,,,,,,,,,,,,,,
2026-08-22 00:38:35,Night_001,Right Side,0.615931,0.447449,0.095062,0.962031,0.599079,0.44086,0.079831,0.961204,0.612728,0.455163,0.199861,0.975908,0.584134,0.439824,0.1297,0.972358,0.616067,0.474028,0.19096,0.997766,0.519606,0.44533,0.113047,0.99496,0.569121,0.632752,0.027737,0.998957,0.51471,0.616772,-0.027884,0.998143
2026-08-22 00:38:35,Night_001,No Person Detected,,,,,,,,,,,,,,,,,,,,,,,,,,,,,,,,
2026-08-22 00:38:37,Night_001,Right Side,0.617971,0.44873,0.085437,0.962407,0.600983,0.441744,0.066373,0.961549,0.61298,0.453987,0.188091,0.976426,0.583191,0.444038,0.100862,0.972786,0.609148,0.469582,0.169145,0.997872,0.521209,0.451731,0.086479,0.994959,0.565092,0.642229,0.014583,0.999021,0.520325,0.630243,-0.014873,0.998208
2026-08-22 00:38:37,Night_001,No Person Detected,,,,,,,,,,,,,,,,,,,,,,,,,,,,,,,,
2026-08-22 00:38:37,Night_001,Right Side,0.620418,0.448101,0.148444,0.964316,0.599482,0.43872,0.131677,0.96345,0.615312,0.45666,0.259312,0.977518,0.583212,0.441581,0.181792,0.974,0.611282,0.476593,0.232964,0.99794,0.520008,0.444778,0.153698,0.995173,0.569102,0.635875,0.024837,0.999058,0.515884,0.621484,-0.025013,0.998286
2026-08-22 00:38:37,Night_001,No Person Detected,,,,,,,,,,,,,,,,,,,,,,,,,,,,,,,,
2026-08-22 00:38:40,Night_001,Right Side,0.619406,0.446249,0.1392,0.967372,0.601241,0.438987,0.125221,0.966555,0.617062,0.455576,0.253594,0.979423,0.585151,0.442508,0.187711,0.97616,0.616413,0.49299,0.221636,0.998062,0.524579,0.465552,0.171832,0.995461,0.579385,0.646036,0.017594,0.998923,0.520177,0.6287,-0.017677,0.99813
2026-08-22 00:38:40,Night_001,No Person Detected,,,,,,,,,,,,,,,,,,,,,,,,,,,,,,,,
2026-08-22 00:38:41,Night_001,Right Side,0.615927,0.446793,0.093664,0.966566,0.598107,0.435957,0.082801,0.96606,0.615353,0.455268,0.193084,0.978763,0.581767,0.441533,0.14164,0.975907,0.613645,0.478306,0.17639,0.997911,0.525598,0.454578,0.126653,0.995064,0.562453,0.636842,0.021335,0.998902,0.514884,0.616108,-0.021383,0.99799
2026-08-22 00:38:41,Night_001,No Person Detected,,,,,,,,,,,,,,,,,,,,,,,,,,,,,,,,
2026-08-22 00:38:41,Night_001,Right Side,0.622176,0.447909,0.103863,0.96536,0.603775,0.439677,0.085409,0.964732,0.617016,0.453172,0.22508,0.9777,0.585386,0.442492,0.140633,0.974783,0.608162,0.480371,0.214999,0.997711,0.521563,0.459631,0.117277,0.994975,0.562715,0.645089,0.026841,0.998898,0.517386,0.632536,-0.027163,0.99795
2026-08-22 00:38:41,Night_001,No Person Detected,,,,,,,,,,,,,,,,,,,,,,,,,,,,,,,,
2026-08-22 00:38:42,Night_001,Right Side,0.614314,0.446102,0.11187,0.955952,0.597644,0.436021,0.097338,0.953987,0.612082,0.455198,0.214017,0.970301,0.584146,0.438028,0.147925,0.966353,0.610542,0.475286,0.200415,0.996552,0.526002,0.448802,0.125667,0.992863,0.565849,0.631003,0.017978,0.998666,0.519514,0.620731,-0.018363,0.997142
2026-08-22 00:38:42,Night_001,No Person Detected,,,,,,,,,,,,,,,,,,,,,,,,,,,,,,,,
2026-08-22 00:38:44,Night_001,Right Side,0.619648,0.450105,0.187902,0.960096,0.601268,0.440359,0.167368,0.958278,0.614766,0.456838,0.301005,0.973122,0.583179,0.441522,0.206547,0.969504,0.601651,0.490497,0.277646,0.996832,0.518271,0.460034,0.17748,0.993534,0.566627,0.63897,0.043793,0.998761,0.516155,0.629522,-0.044045,0.997378
2026-08-22 00:38:45,Night_001,No Person Detected,,,,,,,,,,,,,,,,,,,,,,,,,,,,,,,,
2026-08-22 00:38:45,Night_001,Right Side,0.617153,0.454453,0.132454,0.973608,0.600255,0.443552,0.117185,0.972211,0.613334,0.462092,0.234732,0.982052,0.583464,0.442586,0.16429,0.980355,0.608349,0.492525,0.223398,0.997789,0.517748,0.456247,0.139039,0.99573,0.564968,0.639072,0.03245,0.999135,0.510738,0.621025,-0.032766,0.998265
2026-08-22 00:38:45,Night_001,No Person Detected,,,,,,,,,,,,,,,,,,,,,,,,,,,,,,,,
2026-08-22 00:38:45,Night_001,Right Side,0.616932,0.446864,0.168387,0.975427,0.600923,0.437476,0.153144,0.973994,0.613394,0.454717,0.275582,0.983393,0.584589,0.438244,0.205595,0.981691,0.608003,0.484794,0.245539,0.997876,0.526728,0.456712,0.170842,0.995951,0.567323,0.633926,0.026405,0.999131,0.519209,0.622078,-0.026711,0.998279
2026-08-22 00:38:45,Night_001,No Person Detected,,,,,,,,,,,,,,,,,,,,,,,,,,,,,,,,
2026-08-22 00:38:47,Night_001,Right Side,0.620826,0.446412,0.134511,0.976595,0.603733,0.434738,0.123831,0.975077,0.619653,0.460509,0.239257,0.984213,0.587058,0.440028,0.190024,0.982475,0.618463,0.495541,0.218331,0.997996,0.52321,0.464071,0.177925,0.996196,0.573753,0.627462,0.016279,0.999104,0.516257,0.615443,-0.0165,0.998368
2026-08-22 00:38:47,Night_001,No Person Detected,,,,,,,,,,,,,,,,,,,,,,,,,,,,,,,,
2026-08-22 00:38:48,Night_001,Right Side,0.616388,0.442854,0.177103,0.973881,0.596435,0.438319,0.163244,0.97233,0.614972,0.449949,0.274417,0.982482,0.584011,0.44383,0.212008,0.979528,0.619972,0.47379,0.242418,0.99799,0.532451,0.457151,0.179999,0.996007,0.584717,0.637406,0.028614,0.999126,0.535732,0.629694,-0.029021,0.998392
2026-08-22 00:38:48,Night_001,No Person Detected,,,,,,,,,,,,,,,,,,,,,,,,,,,,,,,,
2026-08-22 00:38:48,Night_001,Right Side,0.617858,0.449564,0.19852,0.97503,0.601062,0.440223,0.184414,0.973513,0.615077,0.45726,0.308262,0.983305,0.585658,0.441872,0.242841,0.980507,0.60771,0.486696,0.277913,0.997935,0.514972,0.457607,0.20395,0.996218,0.569288,0.638017,0.031272,0.999142,0.513807,0.625122,-0.031519,0.998448
2026-08-22 00:38:48,Night_001,No Person Detected,,,,,,,,,,,,,,,,,,,,,,,,,,,,,,,,
2026-08-22 00:38:50,Night_001,Right Side,0.617624,0.448796,0.188617,0.975,0.595528,0.441555,0.172393,0.973153,0.61306,0.454493,0.293169,0.983341,0.58124,0.442355,0.219701,0.979985,0.608848,0.47465,0.255834,0.998005,0.527893,0.458471,0.199337,0.996277,0.573038,0.62969,0.021704,0.999163,0.530002,0.6266,-0.022091,0.99848
2026-08-22 00:38:50,Night_001,No Person Detected,,,,,,,,,,,,,,,,,,,,,,,,,,,,,,,,
2026-08-22 00:38:51,Night_001,Right Side,0.618158,0.454405,0.189722,0.97714,0.602159,0.444261,0.170366,0.975458,0.61354,0.46019,0.309194,0.984805,0.585022,0.443005,0.219616,0.981796,0.600978,0.497725,0.29111,0.998093,0.524705,0.455046,0.17951,0.996611,0.564279,0.63821,0.048981,0.999188,0.515916,0.622308,-0.049327,0.998543
2026-08-22 00:38:52,Night_001,No Person Detected,,,,,,,,,,,,,,,,,,,,,,,,,,,,,,,,
2026-08-22 00:38:53,Night_001,Right Side,0.620131,0.45061,0.15973,0.982979,0.600157,0.440435,0.14401,0.981494,0.615961,0.458131,0.267014,0.988844,0.584786,0.443044,0.194853,0.98746,0.608443,0.478225,0.241662,0.998484,0.51997,0.459118,0.162471,0.996922,0.563369,0.634772,0.023802,0.999428,0.515931,0.626308,-0.023977,0.998908
2026-08-22 00:38:53,Night_001,No Person Detected,,,,,,,,,,,,,,,,,,,,,,,,,,,,,,,,
2026-08-22 00:38:53,Night_001,Right Side,0.616315,0.44849,0.19985,0.981913,0.599322,0.441844,0.183843,0.980476,0.613338,0.45415,0.295839,0.988595,0.585407,0.444427,0.222723,0.986984,0.607337,0.47049,0.261927,0.998406,0.529777,0.446981,0.182598,0.996999,0.566628,0.6348,0.034499,0.999433,0.515942,0.623554,-0.034865,0.998943
2026-08-22 00:38:54,Night_001,No Person Detected,,,,,,,,,,,,,,,,,,,,,,,,,,,,,,,,
2026-08-22 00:38:54,Night_001,Right Side,0.618993,0.44389,0.154024,0.986336,0.599791,0.43698,0.137454,0.985569,0.614669,0.453483,0.272035,0.990826,0.584247,0.44284,0.194602,0.9908,0.610044,0.48844,0.236608,0.998702,0.52176,0.464825,0.168288,0.996859,0.567277,0.648654,0.012819,0.999515,0.523862,0.634383,-0.012926,0.998972
2026-08-22 00:38:54,Night_001,No Person Detected,,,,,,,,,,,,,,,,,,,,,,,,,,,,,,,,
2026-08-22 00:38:55,Night_001,Right Side,0.620984,0.451736,0.11629,0.984025,0.601125,0.441055,0.099107,0.983496,0.617789,0.458369,0.229537,0.990047,0.585551,0.441177,0.149606,0.989893,0.611428,0.487162,0.215812,0.998591,0.517015,0.457751,0.135924,0.996593,0.568655,0.640752,0.0266,0.999438,0.507753,0.622059,-0.026783,0.998814
2026-08-22 00:38:55,Night_001,No Person Detected,,,,,,,,,,,,,,,,,,,,,,,,,,,,,,,,
2026-08-22 00:38:56,Night_001,Right Side,0.621586,0.446623,0.166154,0.984256,0.601679,0.435237,0.151514,0.983783,0.618521,0.457246,0.27966,0.989879,0.585396,0.441853,0.212186,0.990087,0.616936,0.487893,0.259016,0.998427,0.527988,0.459978,0.17708,0.996731,0.583694,0.623051,0.032205,0.99928,0.522244,0.609068,-0.032374,0.99871
2026-08-22 00:38:56,Night_001,No Person Detected,,,,,,,,,,,,,,,,,,,,,,,,,,,,,,,,
2026-08-22 00:38:56,Night_001,Right Side,0.611938,0.441199,0.142916,0.983875,0.593359,0.433436,0.128966,0.983383,0.61038,0.449884,0.254335,0.98959,0.581394,0.438897,0.189789,0.989407,0.607363,0.471963,0.232947,0.99843,0.516634,0.45536,0.163523,0.996639,0.567245,0.6384,0.022773,0.99932,0.522597,0.629091,-0.022978,0.998753
2026-08-22 00:38:57,Night_001,No Person Detected,,,,,,,,,,,,,,,,,,,,,,,,,,,,,,,,
2026-08-22 00:38:57,Night_001,Right Side,0.618418,0.444666,0.174138,0.984867,0.600054,0.435973,0.158705,0.984429,0.616612,0.456976,0.290217,0.990323,0.583263,0.439234,0.219393,0.990192,0.605629,0.49572,0.26268,0.998451,0.515894,0.46444,0.187115,0.996863,0.565713,0.641984,0.026083,0.999331,0.507837,0.627243,-0.02632,0.998804
2026-08-22 00:38:57,Night_001,No Person Detected,,,,,,,,,,,,,,,,,,,,,,,,,,,,,,,,
2026-08-22 00:38:57,Night_001,Right Side,0.621348,0.449246,0.164028,0.985905,0.601296,0.437282,0.150076,0.985395,0.621394,0.460717,0.273939,0.99102,0.586776,0.442498,0.210787,0.990816,0.616115,0.492975,0.253428,0.998493,0.530218,0.463583,0.190847,0.997009,0.570683,0.639039,0.02582,0.999295,0.514437,0.625842,-0.026104,0.998805
2026-08-22 00:38:57,Night_001,No Person Detected,,,,,,,,,,,,,,,,,,,,,,,,,,,,,,,,
2026-08-22 00:38:58,Night_001,Right Side,0.616919,0.450983,0.228205,0.986844,0.60277,0.438128,0.213457,0.986302,0.614946,0.461943,0.350724,0.991282,0.586944,0.438885,0.282719,0.991272,0.611893,0.508785,0.32759,0.997526,0.531934,0.455037,0.232511,0.997048,0.58156,0.609055,0.034397,0.997021,0.516818,0.580488,-0.034633,0.997314
2026-08-22 00:38:58,Night_001,No Person Detected,,,,,,,,,,,,,,,,,,,,,,,,,,,,,,,,
2026-08-22 00:39:02,Night_001,Right Side,0.614932,0.446167,0.193321,0.977038,0.596146,0.439805,0.180502,0.975824,0.614874,0.454012,0.284019,0.985745,0.582282,0.441021,0.22675,0.981723,0.614705,0.46587,0.242667,0.997551,0.531591,0.451623,0.19013,0.996652,0.575189,0.632913,0.022422,0.997252,0.528551,0.626438,-0.02274,0.997449
2026-08-22 00:39:02,Night_001,No Person Detected,,,,,,,,,,,,,,,,,,,,,,,,,,,,,,,,
2026-08-22 00:39:02,Night_001,Right Side,0.620662,0.44611,0.109942,0.976706,0.600866,0.43741,0.094741,0.975804,0.616332,0.456152,0.222148,0.98537,0.583739,0.442617,0.151225,0.981621,0.613858,0.483224,0.205086,0.997558,0.512377,0.461552,0.133568,0.996488,0.570899,0.645563,0.023162,0.997417,0.516077,0.627847,-0.023272,0.997483
2026-08-22 00:39:02,Night_001,No Person Detected,,,,,,,,,,,,,,,,,,,,,,,,,,,,,,,,
2026-08-22 00:39:03,Night_001,Right Side,0.617518,0.453033,0.247289,0.978642,0.603855,0.440467,0.230442,0.977563,0.614763,0.458346,0.38026,0.986535,0.58788,0.437819,0.302712,0.982549,0.609015,0.509987,0.364956,0.996861,0.535412,0.443579,0.229224,0.996679,0.57331,0.617716,0.048807,0.9976,0.516623,0.590335,-0.048942,0.997686
2026-08-22 00:39:03,Night_001,No Person Detected,,,,,,,,,,,,,,,,,,,,,,,,,,,,,,,,
2026-08-22 00:39:08,Night_001,Right Side,0.613281,0.444659,0.212265,0.979092,0.593778,0.437294,0.197737,0.978105,0.612841,0.455965,0.315453,0.986849,0.582904,0.442426,0.249616,0.983474,0.60596,0.475883,0.292015,0.997076,0.515527,0.459264,0.197374,0.996973,0.571931,0.627063,0.036278,0.997811,0.514414,0.61859,-0.036491,0.997896
2026-08-22 00:39:08,Night_001,No Person Detected,,,,,,,,,,,,,,,,,,,,,,,,,,,,,,,,
2026-08-22 00:39:08,Night_001,Right Side,0.621071,0.449085,0.146465,0.979254,0.603573,0.440732,0.129647,0.97837,0.615581,0.45755,0.256707,0.987056,0.585121,0.441986,0.180366,0.983889,0.611852,0.478835,0.238447,0.997144,0.524588,0.454766,0.149218,0.996942,0.570075,0.64119,0.031669,0.997947,0.519222,0.627865,-0.031947,0.997954
2026-08-22 00:39:09,Night_001,No Person Detected,,,,,,,,,,,,,,,,,,,,,,,,,,,,,,,,
2026-08-22 00:39:12,Night_001,Right Side,0.616728,0.446467,0.164423,0.978767,0.598455,0.439162,0.148439,0.976532,0.614342,0.454166,0.271419,0.986148,0.58149,0.441695,0.198225,0.98371,0.615412,0.476595,0.251776,0.997848,0.523398,0.452763,0.167517,0.996291,0.583004,0.637407,0.034269,0.998625,0.527323,0.626037,-0.034424,0.998428
2026-08-22 00:39:12,Night_001,No Person Detected,,,,,,,,,,,,,,,,,,,,,,,,,,,,,,,,
2026-08-22 00:39:15,Night_001,Right Side,0.613721,0.450291,0.139503,0.978443,0.598026,0.441178,0.127236,0.976303,0.612158,0.460528,0.237481,0.986367,0.582925,0.441585,0.180554,0.9838,0.603925,0.4857,0.215288,0.99791,0.524709,0.458391,0.177306,0.996228,0.55596,0.637886,0.011742,0.99867,0.512353,0.623544,-0.012029,0.998408
2026-08-22 00:39:15,Night_001,No Person Detected,,,,,,,,,,,,,,,,,,,,,,,,,,,,,,,,
2026-08-22 00:39:18,Night_001,Right Side,0.616382,0.44286,0.187158,0.979747,0.596097,0.43498,0.174251,0.977538,0.614314,0.454277,0.29826,0.9872,0.580995,0.439132,0.239161,0.984624,0.607328,0.478473,0.260604,0.997964,0.519563,0.455936,0.203045,0.996204,0.568421,0.626362,0.017026,0.998745,0.516865,0.619956,-0.017298,0.998431
2026-08-22 00:39:18,Night_001,No Person Detected,,,,,,,,,,,,,,,,,,,,,,,,,,,,,,,,
2026-08-22 00:39:18,Night_001,Right Side,0.617041,0.446727,0.152661,0.980193,0.597105,0.440367,0.133424,0.97826,0.614547,0.452635,0.261691,0.987373,0.581321,0.442223,0.173442,0.985098,0.612466,0.471419,0.233668,0.998101,0.525085,0.458603,0.164552,0.996191,0.572871,0.638853,0.013006,0.998802,0.531167,0.632186,-0.013271,0.998392
2026-08-22 00:39:18,Night_001,No Person Detected,,,,,,,,,,,,,,,,,,,,,,,,,,,,,,,,
2026-08-22 00:39:19,Night_001,Right Side,0.616747,0.445244,0.180296,0.972761,0.595961,0.439889,0.166468,0.971071,0.615408,0.453504,0.277069,0.982777,0.583508,0.44259,0.215091,0.978455,0.619917,0.470361,0.234612,0.998008,0.529675,0.457513,0.187423,0.99552,0.581779,0.635685,0.012641,0.99885,0.533254,0.627373,-0.012952,0.998383
2026-08-22 00:39:19,Night_001,No Person Detected,,,,,,,,,,,,,,,,,,,,,,,,,,,,,,,,
2026-08-22 00:39:20,Night_001,Right Side,0.615935,0.44491,0.146856,0.972021,0.597347,0.43856,0.132453,0.970643,0.615175,0.454413,0.252444,0.981829,0.582439,0.442444,0.186295,0.978006,0.615435,0.479465,0.222824,0.998003,0.516002,0.456256,0.16335,0.995244,0.574802,0.634525,0.01292,0.998763,0.520723,0.617778,-0.013002,0.998223
2026-08-22 00:39:20,Night_001,No Person Detected,,,,,,,,,,,,,,,,,,,,,,,,,,,,,,,,
2026-08-22 00:39:21,Night_001,Right Side,0.615924,0.442075,0.149663,0.967913,0.596918,0.435945,0.134416,0.965775,0.614461,0.451928,0.262382,0.978332,0.581421,0.439926,0.192769,0.973915,0.618253,0.475578,0.246859,0.997943,0.515654,0.460574,0.166613,0.995044,0.581893,0.636286,0.032175,0.998709,0.521894,0.623363,-0.032283,0.998052
2026-08-22 00:39:21,Night_001,No Person Detected,,,,,,,,,,,,,,,,,,,,,,,,,,,,,,,,
2026-08-22 00:39:23,Night_001,Right Side,0.6192,0.444587,0.142909,0.970778,0.600499,0.436181,0.128606,0.968846,0.618356,0.456964,0.258547,0.980269,0.584941,0.438473,0.192412,0.97634,0.619454,0.490077,0.246241,0.998052,0.524935,0.465421,0.163907,0.995455,0.578895,0.631157,0.03462,0.998734,0.521901,0.619128,-0.034794,0.998108
2026-08-22 00:39:24,Night_001,No Person Detected,,,,,,,,,,,,,,,,,,,,,,,,,,,,,,,,
2026-08-22 00:39:24,Night_001,Right Side,0.615752,0.444094,0.154015,0.972492,0.597629,0.437538,0.139639,0.970697,0.615062,0.452103,0.25204,0.981323,0.584398,0.441606,0.184651,0.977561,0.612527,0.475669,0.22686,0.998124,0.522419,0.458293,0.159709,0.995492,0.575953,0.638536,0.027905,0.998743,0.523186,0.628175,-0.028082,0.998082
2026-08-22 00:39:24,Night_001,No Person Detected,,,,,,,,,,,,,,,,,,,,,,,,,,,,,,,,
2026-08-22 00:39:24,Night_001,Right Side,0.616333,0.450366,0.190851,0.974376,0.59995,0.442068,0.175097,0.972745,0.614242,0.457842,0.293364,0.982711,0.585394,0.443933,0.220071,0.9792,0.603807,0.476711,0.256048,0.998232,0.53404,0.45216,0.18394,0.99585,0.567915,0.637545,0.02746,0.998845,0.527085,0.626243,-0.027884,0.998231
2026-08-22 00:39:24,Night_001,No Person Detected,,,,,,,,,,,,,,,,,,,,,,,,,,,,,,,,
2026-08-22 00:39:25,Night_001,Right Side,0.615056,0.453445,0.108225,0.970176,0.595322,0.441376,0.093082,0.969161,0.611004,0.459454,0.211086,0.981,0.582205,0.441563,0.138707,0.978193,0.599989,0.486135,0.199184,0.998125,0.511921,0.452025,0.132149,0.99543,0.542457,0.646005,0.022203,0.998884,0.492506,0.619891,-0.022235,0.998187
2026-08-22 00:39:25,Night_001,No Person Detected,,,,,,,,,,,,,,,,,,,,,,,,,,,,,,,,
2026-08-22 00:39:25,Night_001,Right Side,0.615242,0.450524,0.106099,0.969675,0.598359,0.443285,0.090518,0.967573,0.614298,0.457567,0.199791,0.98096,0.584958,0.445196,0.129034,0.976751,0.608741,0.474149,0.179893,0.998205,0.526282,0.458792,0.113192,0.995514,0.565251,0.631314,0.023818,0.998958,0.521239,0.625401,-0.024177,0.998285
2026-08-22 00:39:25,Night_001,No Person Detected,,,,,,,,,,,,,,,,,,,,,,,,,,,,,,,,
2026-08-22 00:39:27,Night_001,Right Side,0.61973,0.447799,0.196767,0.972582,0.602936,0.438072,0.180591,0.970682,0.618316,0.458197,0.318134,0.982772,0.584857,0.4391,0.242362,0.979007,0.615782,0.499781,0.297841,0.998278,0.518693,0.462892,0.198385,0.995933,0.5803,0.630028,0.041138,0.998949,0.51941,0.620446,-0.041321,0.998354
2026-08-22 00:39:27,Night_001,No Person Detected,,,,,,,,,,,,,,,,,,,,,,,,,,,,,,,,
2026-08-22 00:39:28,Night_001,Right Side,0.617839,0.451762,0.207677,0.973556,0.600675,0.441964,0.190872,0.971929,0.614579,0.459951,0.32299,0.983706,0.581169,0.442428,0.245435,0.980461,0.602016,0.487381,0.288527,0.998317,0.518124,0.457217,0.207807,0.996246,0.565944,0.639685,0.027801,0.999001,0.510315,0.621792,-0.02798,0.998458
2026-08-22 00:39:29,Night_001,No Person Detected,,,,,,,,,,,,,,,,,,,,,,,,,,,,,,,,
2026-08-22 00:39:30,Night_001,Right Side,0.613994,0.44907,0.170611,0.978217,0.595497,0.440681,0.155883,0.976252,0.611512,0.456104,0.264114,0.986411,0.582348,0.444121,0.196174,0.98319,0.603673,0.46783,0.229575,0.998693,0.524285,0.456962,0.16768,0.996942,0.564472,0.626765,0.024049,0.999302,0.521002,0.625012,-0.024439,0.99886
2026-08-22 00:39:30,Night_001,No Person Detected,,,,,,,,,,,,,,,,,,,,,,,,,,,,,,,,
2026-08-22 00:39:31,Night_001,Right Side,0.619077,0.452649,0.162031,0.979674,0.599746,0.441893,0.146066,0.97789,0.615517,0.462149,0.27912,0.987338,0.582462,0.441955,0.205671,0.984517,0.611486,0.496448,0.253727,0.998689,0.522643,0.45804,0.190652,0.997155,0.57033,0.64295,0.017673,0.999268,0.512389,0.62279,-0.017995,0.998871
2026-08-22 00:39:31,Night_001,No Person Detected,,,,,,,,,,,,,,,,,,,,,,,,,,,,,,,,
2026-08-22 00:39:31,Night_001,Right Side,0.616642,0.447024,0.144632,0.977919,0.599865,0.439272,0.128699,0.975632,0.614257,0.454587,0.247108,0.986235,0.583064,0.440891,0.173133,0.981892,0.605631,0.473791,0.229885,0.998675,0.517237,0.446745,0.150291,0.997081,0.568055,0.631352,0.036629,0.999306,0.516443,0.621494,-0.036873,0.998904
2026-08-22 00:39:31,Night_001,No Person Detected,,,,,,,,,,,,,,,,,,,,,,,,,,,,,,,,
2026-08-22 00:39:33,Night_001,Right Side,0.61754,0.444496,0.142575,0.979108,0.599033,0.434506,0.129088,0.976967,0.615518,0.456958,0.259881,0.98704,0.581484,0.44102,0.196618,0.983103,0.609463,0.490777,0.241959,0.998657,0.514001,0.465304,0.16587,0.997157,0.568741,0.638172,0.036618,0.999177,0.507945,0.623137,-0.036774,0.998718
2026-08-22 00:39:33,Night_001,No Person Detected,,,,,,,,,,,,,,,,,,,,,,,,,,,,,,,,
2026-08-22 00:39:34,Night_001,Right Side,0.617056,0.451487,0.178038,0.980905,0.600372,0.438306,0.161575,0.978932,0.61406,0.460062,0.286601,0.988173,0.585179,0.437022,0.209725,0.984597,0.602661,0.49337,0.259388,0.998714,0.527133,0.453499,0.180064,0.997392,0.561051,0.639642,0.030681,0.999219,0.516048,0.624702,-0.031064,0.998788
2026-08-22 00:39:34,Night_001,No Person Detected,,,,,,,,,,,,,,,,,,,,,,,,,,,,,,,,
2026-08-22 00:39:34,Night_001,Right Side,0.61743,0.450117,0.080639,0.979636,0.599934,0.439748,0.061536,0.978055,0.61411,0.45711,0.190404,0.98741,0.581165,0.440891,0.100358,0.983979,0.598393,0.482089,0.174903,0.998625,0.50175,0.456252,0.083995,0.997247,0.556955,0.650747,0.020766,0.999216,0.502927,0.628065,-0.020997,0.998745
2026-08-22 00:39:35,Night_001,No Person Detected,,,,,,,,,,,,,,,,,,,,,,,,,,,,,,,,
2026-08-22 00:39:36,Night_001,Right Side,0.618274,0.456306,0.297456,0.986911,0.603132,0.444475,0.279005,0.985536,0.613681,0.46283,0.425411,0.991747,0.586823,0.441827,0.340522,0.988981,0.601442,0.506464,0.394334,0.998386,0.523491,0.452376,0.267565,0.998048,0.571609,0.622426,0.043131,0.999361,0.511847,0.601744,-0.043362,0.999132
2026-08-22 00:39:36,Night_001,No Person Detected,,,,,,,,,,,,,,,,,,,,,,,,,,,,,,,,
2026-08-22 00:39:37,Night_001,Right Side,0.618611,0.44491,0.176858,0.986576,0.597661,0.436925,0.163628,0.985031,0.613893,0.455047,0.278371,0.991498,0.582426,0.441686,0.217095,0.98844,0.607758,0.47177,0.245401,0.99837,0.527858,0.447135,0.184668,0.99799,0.56837,0.631584,0.02746,0.999349,0.523177,0.627515,-0.027727,0.999085
2026-08-22 00:39:37,Night_001,No Person Detected,,,,,,,,,,,,,,,,,,,,,,,,,,,,,,,,
2026-08-22 00:39:38,Night_001,Right Side,0.620775,0.445182,0.135465,0.982672,0.601764,0.438775,0.121289,0.981005,0.618512,0.453152,0.238832,0.989253,0.584235,0.443463,0.174134,0.984944,0.624769,0.473735,0.200767,0.998322,0.525065,0.446323,0.158202,0.997422,0.582718,0.643942,0.006003,0.999324,0.527329,0.62792,-0.006234,0.999005
2026-08-22 00:39:38,Night_001,No Person Detected,,,,,,,,,,,,,,,,,,,,,,,,,,,,,,,,
2026-08-22 00:39:38,Night_001,Right Side,0.617592,0.443752,0.085344,0.981355,0.597459,0.436071,0.067819,0.979302,0.615272,0.452035,0.212042,0.988113,0.579197,0.439509,0.130665,0.983427,0.616115,0.479467,0.200073,0.998354,0.511384,0.457511,0.129058,0.996466,0.572209,0.647254,0.011391,0.999296,0.515965,0.631103,-0.011553,0.998781
2026-08-22 00:39:39,Night_001,No Person Detected,,,,,,,,,,,,,,,,,,,,,,,,,,,,,,,,
2026-08-22 00:39:40,Night_001,Right Side,0.617894,0.447271,0.152679,0.976973,0.598905,0.439836,0.137204,0.97503,0.615318,0.455964,0.24978,0.985733,0.583859,0.443541,0.178656,0.980554,0.610559,0.472383,0.209889,0.998085,0.525993,0.452372,0.155404,0.995271,0.568484,0.639682,0.010549,0.999353,0.524711,0.627666,-0.010817,0.998807
2026-08-22 00:39:40,Night_001,No Person Detected,,,,,,,,,,,,,,,,,,,,,,,,,,,,,,,,
2026-08-22 00:39:40,Night_001,Right Side,0.616103,0.448798,0.137028,0.974926,0.599447,0.438316,0.125791,0.972226,0.614424,0.46053,0.232874,0.984681,0.58641,0.442567,0.180764,0.979093,0.613682,0.483831,0.212778,0.998089,0.525087,0.45825,0.160543,0.995381,0.56711,0.642984,0.017642,0.999367,0.51583,0.624887,-0.018079,0.998854
2026-08-22 00:39:40,Night_001,No Person Detected,,,,,,,,,,,,,,,,,,,,,,,,,,,,,,,,
2026-08-22 00:39:40,Night_001,Right Side,0.618247,0.442007,0.130876,0.974501,0.599805,0.433258,0.114264,0.971927,0.616308,0.451753,0.246917,0.984103,0.582172,0.435339,0.169846,0.978956,0.610166,0.478564,0.230819,0.998053,0.51294,0.458535,0.156553,0.995099,0.564159,0.637215,0.017171,0.999308,0.512485,0.621011,-0.017237,0.998652
2026-08-22 00:39:41,Night_001,No Person Detected,,,,,,,,,,,,,,,,,,,,,,,,,,,,,,,,
2026-08-22 00:39:41,Night_001,Right Side,0.619058,0.439504,0.131754,0.974618,0.599058,0.429887,0.120307,0.972043,0.617924,0.453055,0.250367,0.983699,0.580093,0.440137,0.195154,0.978852,0.617934,0.492326,0.221561,0.998026,0.512491,0.460415,0.183501,0.994802,0.580266,0.651914,0.017297,0.999031,0.511616,0.62867,-0.017232,0.998107
2026-08-22 00:39:42,Night_001,No Person Detected,,,,,,,,,,,,,,,,,,,,,,,,,,,,,,,,
2026-08-22 00:39:42,Night_001,Right Side,0.619435,0.453779,0.156375,0.980185,0.603561,0.439836,0.141485,0.978067,0.615579,0.46245,0.261382,0.987288,0.588884,0.442707,0.19177,0.98393,0.606997,0.500332,0.241001,0.998407,0.527562,0.459172,0.165883,0.995801,0.563577,0.642902,0.028784,0.999179,0.513335,0.626168,-0.029141,0.998406
2026-08-22 00:39:42,Night_001,No Person Detected,,,,,,,,,,,,,,,,,,,,,,,,,,,,,,,,
2026-08-22 00:39:44,Night_001,Right Side,0.616688,0.447485,0.101489,0.980722,0.600106,0.435601,0.087183,0.979004,0.61615,0.460082,0.210406,0.987822,0.583882,0.436005,0.141652,0.984925,0.606694,0.504894,0.198592,0.998377,0.509431,0.466414,0.142937,0.995683,0.555476,0.647558,0.023276,0.99903,0.496096,0.619962,-0.023223,0.997972
2026-08-22 00:39:44,Night_001,No Person Detected,,,,,,,,,,,,,,,,,,,,,,,,,,,,,,,,
2026-08-22 00:39:46,Night_001,Right Side,0.618976,0.448956,0.167832,0.981691,0.600784,0.438741,0.156273,0.979859,0.617241,0.460318,0.266116,0.988344,0.583829,0.44056,0.213497,0.9854,0.616765,0.49167,0.235309,0.998437,0.535589,0.46161,0.177455,0.995967,0.579984,0.630597,0.024022,0.999088,0.529105,0.6146,-0.024374,0.998114
2026-08-22 00:39:46,Night_001,No Person Detected,,,,,,,,,,,,,,,,,,,,,,,,,,,,,,,,
2026-08-22 00:39:47,Night_001,Right Side,0.617519,0.449242,0.162805,0.981608,0.59941,0.443448,0.143753,0.979802,0.612858,0.454284,0.259276,0.988235,0.584009,0.442741,0.172134,0.985219,0.604754,0.468425,0.225261,0.998492,0.532292,0.459256,0.155061,0.995955,0.565746,0.633264,0.014096,0.999137,0.531112,0.631728,-0.014546,0.998182
2026-08-22 00:39:47,Night_001,No Person Detected,,,,,,,,,,,,,,,,,,,,,,,,,,,,,,,,
2026-08-22 00:39:48,Night_001,Right Side,0.61855,0.452979,0.130735,0.981301,0.600789,0.440737,0.11708,0.979008,0.61487,0.460309,0.22584,0.988337,0.58635,0.441623,0.163279,0.984715,0.609541,0.485894,0.204439,0.998539,0.528727,0.457222,0.161164,0.995912,0.560747,0.634857,0.020091,0.999074,0.518425,0.623035,-0.020313,0.998064
2026-08-22 00:39:49,Night_001,No Person Detected,,,,,,,,,,,,,,,,,,,,,,,,,,,,,,,,
2026-08-22 00:39:49,Night_001,Right Side,0.619188,0.444463,0.088616,0.977083,0.6008,0.434508,0.071773,0.975096,0.616884,0.454112,0.202281,0.985612,0.581603,0.441415,0.123398,0.982945,0.610796,0.480653,0.193097,0.998273,0.503122,0.458618,0.112815,0.994823,0.561497,0.651929,0.024603,0.998997,0.500331,0.634782,-0.024692,0.997859
2026-08-22 00:39:50,Night_001,No Person Detected,,,,,,,,,,,,,,,,,,,,,,,,,,,,,,,,
2026-08-22 00:39:50,Night_001,Right Side,0.621037,0.442769,0.162091,0.983504,0.600751,0.433089,0.148383,0.982676,0.619723,0.455046,0.285829,0.989321,0.583577,0.4406,0.222602,0.988456,0.6246,0.492988,0.250811,0.998716,0.52289,0.462195,0.200041,0.995836,0.586231,0.642317,0.010625,0.99904,0.521648,0.62138,-0.010721,0.998088
2026-08-22 00:39:50,Night_001,No Person Detected,,,,,,,,,,,,,,,,,,,,,,,,,,,,,,,,
2026-08-22 00:39:51,Night_001,Right Side,0.617817,0.450013,0.156104,0.983925,0.598596,0.44433,0.138773,0.982977,0.613035,0.455372,0.245602,0.989653,0.582169,0.443371,0.165652,0.988481,0.603904,0.470206,0.201202,0.99874,0.536744,0.450627,0.143231,0.996037,0.565559,0.637965,0.017718,0.999099,0.535994,0.631998,-0.01812,0.998197
2026-08-22 00:39:51,Night_001,No Person Detected,,,,,,,,,,,,,,,,,,,,,,,,,,,,,,,,
2026-08-22 00:39:52,Night_001,Right Side,0.618713,0.450045,0.153409,0.985252,0.601923,0.437868,0.140596,0.984345,0.618236,0.461923,0.268247,0.990498,0.585814,0.443021,0.208457,0.98945,0.615933,0.49325,0.249533,0.998729,0.528204,0.458386,0.168625,0.99635,0.576182,0.62498,0.037829,0.998982,0.521751,0.612292,-0.038084,0.998094
2026-08-22 00:39:52,Night_001,No Person Detected,,,,,,,,,,,,,,,,,,,,,,,,,,,,,,,,
2026-08-22 00:39:55,Night_001,Right Side,0.616523,0.449871,0.157289,0.984465,0.599201,0.44158,0.143936,0.983524,0.61429,0.459609,0.263538,0.990296,0.582557,0.442505,0.202336,0.989373,0.606175,0.48872,0.238547,0.998499,0.515279,0.458605,0.170077,0.996454,0.562741,0.645128,0.023402,0.998925,0.504074,0.626067,-0.023707,0.998091
2026-08-22 00:39:55,Night_001,No Person Detected,,,,,,,,,,,,,,,,,,,,,,,,,,,,,,,,
2026-08-22 00:39:55,Night_001,Right Side,0.61753,0.45384,0.155799,0.985449,0.600516,0.442647,0.139269,0.984517,0.613411,0.459305,0.255375,0.99098,0.585857,0.442059,0.177941,0.990018,0.594751,0.497794,0.223927,0.99857,0.519876,0.458162,0.156663,0.996751,0.553306,0.642567,0.022248,0.998989,0.510003,0.625469,-0.022571,0.998234
2026-08-22 00:39:55,Night_001,No Person Detected,,,,,,,,,,,,,,,,,,,,,,,,,,,,,,,,
2026-08-22 00:39:57,Night_001,Right Side,0.620132,0.449622,0.163338,0.985916,0.602713,0.441777,0.14438,0.984837,0.615525,0.45641,0.272767,0.991205,0.584715,0.441723,0.184161,0.990062,0.604221,0.475285,0.245311,0.998629,0.526853,0.452058,0.155014,0.996898,0.563988,0.630574,0.034463,0.999024,0.524256,0.620987,-0.034696,0.998247
2026-08-22 00:39:57,Night_001,No Person Detected,,,,,,,,,,,,,,,,,,,,,,,,,,,,,,,,
2026-08-22 00:39:59,Night_001,Right Side,0.617491,0.446347,0.162862,0.98515,0.599051,0.438132,0.144284,0.983846,0.615841,0.455195,0.268634,0.990441,0.583084,0.439992,0.182653,0.988828,0.610823,0.48661,0.243462,0.998594,0.520392,0.45948,0.155837,0.996807,0.578424,0.636351,0.0313,0.999026,0.525311,0.625152,-0.031566,0.99826
2026-08-22 00:39:59,Night_001,No Person Detected,,,,,,,,,,,,,,,,,,,,,,,,,,,,,,,,
2026-08-22 00:40:02,Night_001,Right Side,0.618934,0.448542,0.130075,0.984989,0.601496,0.436822,0.113016,0.984139,0.614179,0.458409,0.245414,0.989974,0.583907,0.437068,0.16602,0.989399,0.605962,0.481424,0.22958,0.998275,0.513718,0.453345,0.136166,0.99693,0.566341,0.636755,0.031392,0.998951,0.509028,0.621207,-0.031543,0.998258
2026-08-22 00:40:02,Night_001,No Person Detected,,,,,,,,,,,,,,,,,,,,,,,,,,,,,,,,
2026-08-22 00:40:04,Night_001,Right Side,0.620193,0.453932,0.191398,0.986063,0.602639,0.442501,0.173555,0.985347,0.613449,0.458742,0.299584,0.990758,0.586006,0.445279,0.216962,0.99036,0.606919,0.49129,0.279202,0.998383,0.520143,0.462063,0.193882,0.997207,0.566433,0.63661,0.026119,0.999019,0.51027,0.624644,-0.026428,0.998391
2026-08-22 00:40:04,Night_001,No Person Detected,,,,,,,,,,,,,,,,,,,,,,,,,,,,,,,,
2026-08-22 00:40:04,Night_001,Right Side,0.620335,0.449693,0.177819,0.987169,0.60222,0.437939,0.163627,0.986453,0.618964,0.462122,0.289893,0.991517,0.586147,0.441348,0.223899,0.991119,0.613313,0.497946,0.274532,0.998473,0.522898,0.463096,0.188037,0.997431,0.573021,0.631747,0.043869,0.999045,0.513403,0.619008,-0.044127,0.998467
2026-08-22 00:40:04,Night_001,No Person Detected,,,,,,,,,,,,,,,,,,,,,,,,,,,,,,,,
2026-08-22 00:40:05,Night_001,Right Side,0.620864,0.453194,0.165449,0.986111,0.599657,0.44102,0.148903,0.985413,0.619708,0.460082,0.273503,0.990787,0.583912,0.440036,0.196601,0.990375,0.61282,0.480519,0.254057,0.998253,0.51899,0.448394,0.178851,0.997304,0.570605,0.632268,0.028341,0.999056,0.511097,0.620986,-0.028594,0.998499
2026-08-22 00:40:05,Night_001,No Person Detected,,,,,,,,,,,,,,,,,,,,,,,,,,,,,,,,
2026-08-22 00:40:06,Night_001,Right Side,0.615957,0.443448,0.16667,0.986787,0.597186,0.433986,0.151377,0.986088,0.614552,0.45347,0.279011,0.991259,0.581428,0.441876,0.2092,0.99087,0.612152,0.482741,0.259236,0.998253,0.516497,0.461338,0.171377,0.997348,0.571849,0.63168,0.032957,0.999022,0.516514,0.619503,-0.033137,0.998455
2026-08-22 00:40:06,Night_001,No Person Detected,,,,,,,,,,,,,,,,,,,,,,,,,,,,,,,,
2026-08-22 00:40:07,Night_001,Right Side,0.618593,0.450717,0.164659,0.987882,0.601292,0.440089,0.146592,0.987215,0.615191,0.458854,0.278742,0.991998,0.585203,0.440403,0.194724,0.99161,0.605351,0.492467,0.260988,0.998316,0.521701,0.459301,0.16948,0.997525,0.563674,0.635275,0.041609,0.999039,0.511284,0.622452,-0.041928,0.99848
2026-08-22 00:40:07,Night_001,No Person Detected,,,,,,,,,,,,,,,,,,,,,,,,,,,,,,,,
2026-08-22 00:40:07,Night_001,Right Side,0.618815,0.441082,0.145386,0.987199,0.599676,0.432683,0.133426,0.986357,0.617792,0.454334,0.258666,0.991258,0.581348,0.440808,0.201878,0.990479,0.621124,0.495003,0.230442,0.998264,0.521647,0.46499,0.186217,0.996698,0.584301,0.640671,0.011025,0.998704,0.520212,0.619733,-0.011021,0.997907
2026-08-22 00:40:07,Night_001,No Person Detected,,,,,,,,,,,,,,,,,,,,,,,,,,,,,,,,
2026-08-22 00:40:07,Night_001,Right Side,0.616145,0.461195,0.319027,0.988461,0.605175,0.447173,0.299583,0.987676,0.612541,0.464822,0.446378,0.99211,0.589094,0.439913,0.355987,0.991374,0.590095,0.519442,0.440758,0.997918,0.541168,0.451487,0.256621,0.996989,0.554859,0.618152,0.072673,0.998684,0.51764,0.587442,-0.073088,0.997861
2026-08-22 00:40:08,Night_001,No Person Detected,,,,,,,,,,,,,,,,,,,,,,,,,,,,,,,,
2026-08-22 00:40:08,Night_001,Right Side,0.617828,0.448994,0.180778,0.989286,0.601614,0.439815,0.163215,0.988564,0.61595,0.456906,0.288663,0.992716,0.586566,0.441936,0.207241,0.992036,0.600782,0.484906,0.265227,0.997981,0.517818,0.456722,0.164391,0.997167,0.561694,0.637398,0.042179,0.998779,0.514206,0.624817,-0.042442,0.998007
2026-08-22 00:40:08,Night_001,No Person Detected,,,,,,,,,,,,,,,,,,,,,,,,,,,,,,,,
2026-08-22 00:40:10,Night_001,Right Side,0.619183,0.442068,0.178378,0.990496,0.600464,0.433967,0.163214,0.98986,0.61682,0.453016,0.291898,0.993103,0.584057,0.439106,0.221843,0.992786,0.611416,0.485794,0.262519,0.998348,0.517252,0.456675,0.184579,0.99767,0.576188,0.625912,0.02919,0.99898,0.515635,0.612713,-0.02939,0.998388
2026-08-22 00:40:10,Night_001,No Person Detected,,,,,,,,,,,,,,,,,,,,,,,,,,,,,,,,
2026-08-22 00:40:12,Night_001,Right Side,0.615397,0.452588,0.125793,0.981515,0.598164,0.442639,0.110461,0.980185,0.612477,0.458755,0.22714,0.989066,0.581119,0.442299,0.157642,0.986646,0.60297,0.475556,0.212923,0.997917,0.515968,0.443938,0.146871,0.997062,0.559469,0.646586,0.019442,0.998991,0.504743,0.632952,-0.01984,0.998434
2026-08-22 00:40:12,Night_001,No Person Detected,,,,,,,,,,,,,,,,,,,,,,,,,,,,,,,,
2026-08-22 00:40:13,Night_001,Right Side,0.615965,0.445125,0.136901,0.983181,0.599036,0.435339,0.123605,0.981659,0.615107,0.454171,0.247489,0.990191,0.584113,0.442388,0.185477,0.988182,0.616285,0.483965,0.238455,0.998238,0.517855,0.461371,0.167141,0.997516,0.574858,0.633281,0.03367,0.999084,0.510326,0.619165,-0.033822,0.998653
2026-08-22 00:40:13,Night_001,No Person Detected,,,,,,,,,,,,,,,,,,,,,,,,,,,,,,,,
2026-08-22 00:40:13,Night_001,Right Side,0.61979,0.450963,0.177343,0.984427,0.604522,0.440121,0.161733,0.98297,0.61505,0.4584,0.28519,0.990993,0.587648,0.438746,0.211995,0.989076,0.606432,0.496369,0.249837,0.998372,0.525557,0.460322,0.188299,0.997721,0.560382,0.641944,0.033753,0.999087,0.508027,0.626111,-0.034083,0.998708
2026-08-22 00:40:13,Night_001,No Person Detected,,,,,,,,,,,,,,,,,,,,,,,,,,,,,,,,
2026-08-22 00:40:14,Night_001,Right Side,0.616135,0.449427,0.157795,0.977508,0.598115,0.442815,0.139122,0.976433,0.613912,0.454945,0.263136,0.9859,0.584704,0.444757,0.178484,0.983275,0.611675,0.473964,0.237107,0.998267,0.524556,0.457611,0.142716,0.997397,0.572833,0.634578,0.030938,0.999101,0.525238,0.623735,-0.031218,0.9987
2026-08-22 00:40:14,Night_001,No Person Detected,,,,,,,,,,,,,,,,,,,,,,,,,,,,,,,,
2026-08-22 00:40:15,Night_001,Right Side,0.61703,0.457962,0.120816,0.977135,0.602225,0.4465,0.10838,0.976121,0.616753,0.465151,0.211913,0.985674,0.587305,0.445098,0.154666,0.983093,0.614618,0.487617,0.189934,0.998238,0.526901,0.458535,0.152802,0.997296,0.565899,0.643419,0.016217,0.999058,0.520432,0.628193,-0.016627,0.998676
2026-08-22 00:40:15,Night_001,No Person Detected,,,,,,,,,,,,,,,,,,,,,,,,,,,,,,,,
2026-08-22 00:40:16,Night_001,Right Side,0.617821,0.453289,0.182689,0.978926,0.602334,0.440489,0.165417,0.977922,0.616163,0.462117,0.289839,0.986521,0.584319,0.436885,0.210343,0.984215,0.605395,0.508151,0.270271,0.997137,0.522976,0.457646,0.153619,0.997378,0.566631,0.631432,0.054266,0.998962,0.51133,0.61058,-0.05446,0.998584
2026-08-22 00:40:16,Night_001,No Person Detected,,,,,,,,,,,,,,,,,,,,,,,,,,,,,,,,
2026-08-22 00:40:16,Night_001,Right Side,0.619272,0.446658,0.142055,0.980613,0.601291,0.435673,0.135924,0.979578,0.619378,0.463191,0.239394,0.987585,0.58668,0.441495,0.211413,0.985376,0.614145,0.501748,0.211569,0.997386,0.532998,0.477932,0.198349,0.997538,0.573639,0.629219,0.014766,0.998918,0.522114,0.624891,-0.014975,0.998617
2026-08-22 00:40:16,Night_001,No Person Detected,,,,,,,,,,,,,,,,,,,,,,,,,,,,,,,,
2026-08-22 00:40:17,Night_001,Right Side,0.621042,0.44973,0.18216,0.981466,0.603202,0.440844,0.167297,0.980426,0.617164,0.456763,0.291759,0.988094,0.586297,0.44252,0.223374,0.985979,0.614298,0.48395,0.259783,0.997433,0.528519,0.461162,0.194282,0.997481,0.574547,0.6313,0.027396,0.998912,0.524875,0.618228,-0.02762,0.998575
2026-08-22 00:40:17,Night_001,No Person Detected,,,,,,,,,,,,,,,,,,,,,,,,,,,,,,,,
2026-08-22 00:40:18,Night_001,Right Side,0.617982,0.452271,0.15303,0.982922,0.600375,0.441158,0.137261,0.981898,0.617362,0.461951,0.266124,0.989048,0.585076,0.4422,0.193846,0.987107,0.6108,0.498478,0.250103,0.997508,0.525634,0.462009,0.160053,0.997645,0.572107,0.634585,0.040294,0.998892,0.516632,0.621404,-0.040516,0.998554
2026-08-22 00:40:18,Night_001,No Person Detected,,,,,,,,,,,,,,,,,,,,,,,,,,,,,,,,
2026-08-22 00:40:19,Night_001,Right Side,0.616814,0.451224,0.155992,0.981473,0.599384,0.443309,0.139059,0.979726,0.614681,0.457358,0.261687,0.988475,0.585682,0.44279,0.183857,0.985632,0.602965,0.47646,0.230016,0.997567,0.517685,0.457767,0.160399,0.997227,0.560667,0.637151,0.024646,0.998934,0.515001,0.629569,-0.024973,0.998536
2026-08-22 00:40:20,Night_001,No Person Detected,,,,,,,,,,,,,,,,,,,,,,,,,,,,,,,,
2026-08-22 00:40:20,Night_001,Right Side,0.619515,0.446222,0.195038,0.978761,0.597294,0.439097,0.178553,0.977087,0.614446,0.453021,0.30151,0.986097,0.582271,0.442825,0.226982,0.982993,0.614776,0.476023,0.268401,0.997368,0.526254,0.457978,0.202329,0.996716,0.58252,0.628326,0.023422,0.998893,0.530505,0.620386,-0.023781,0.998428
2026-08-22 00:40:20,Night_001,No Person Detected,,,,,,,,,,,,,,,,,,,,,,,,,,,,,,,,
2026-08-22 00:40:23,Night_001,Right Side,0.61788,0.446735,0.12687,0.980048,0.599569,0.436619,0.115116,0.978565,0.617648,0.459668,0.231062,0.987057,0.58378,0.439951,0.17473,0.984315,0.612195,0.491792,0.2206,0.997485,0.518972,0.463937,0.164683,0.996795,0.563779,0.640903,0.030346,0.998663,0.50113,0.624249,-0.03049,0.998225
2026-08-22 00:40:23,Night_001,No Person Detected,,,,,,,,,,,,,,,,,,,,,,,,,,,,,,,,
2026-08-22 00:40:24,Night_001,Right Side,0.62005,0.450008,0.178438,0.981956,0.600894,0.438687,0.164808,0.980622,0.618712,0.460819,0.292898,0.988285,0.583896,0.440388,0.229419,0.985835,0.613627,0.507203,0.266668,0.997593,0.524545,0.466895,0.194779,0.997061,0.574533,0.634042,0.036752,0.998688,0.514994,0.619658,-0.036924,0.998284
2026-08-22 00:40:24,Night_001,No Person Detected,,,,,,,,,,,,,,,,,,,,,,,,,,,,,,,,
2026-08-22 00:40:26,Night_001,Right Side,0.615565,0.444454,0.185208,0.981781,0.594586,0.435707,0.171792,0.980287,0.614681,0.452452,0.298034,0.98824,0.580398,0.438748,0.23678,0.98551,0.611661,0.473383,0.265776,0.997692,0.516509,0.45825,0.211394,0.996786,0.574856,0.629805,0.016895,0.998757,0.52371,0.624596,-0.017186,0.998288
2026-08-22 00:40:26,Night_001,No Person Detected,,,,,,,,,,,,,,,,,,,,,,,,,,,,,,,,
2026-08-22 00:40:26,Night_001,Right Side,0.615765,0.439813,0.195203,0.981579,0.598649,0.43198,0.179582,0.979877,0.614632,0.452062,0.312764,0.987859,0.583269,0.438043,0.240199,0.985222,0.608404,0.488863,0.290913,0.997674,0.517466,0.458034,0.207735,0.996811,0.579118,0.62886,0.037438,0.998759,0.520551,0.619388,-0.037675,0.998284
2026-08-22 00:40:26,Night_001,No Person Detected,,,,,,,,,,,,,,,,,,,,,,,,,,,,,,,,
2026-08-22 00:40:30,Night_001,Right Side,0.616814,0.447875,0.125415,0.98302,0.599431,0.437582,0.112775,0.981467,0.612523,0.456546,0.234867,0.988866,0.584402,0.438797,0.17684,0.986478,0.614346,0.495161,0.223208,0.997761,0.521221,0.460867,0.145469,0.997026,0.569824,0.633282,0.03062,0.99873,0.513194,0.616791,-0.030729,0.998296
2026-08-22 00:40:30,Night_001,No Person Detected,,,,,,,,,,,,,,,,,,,,,,,,,,,,,,,,
2026-08-22 00:40:30,Night_001,Right Side,0.618165,0.452395,0.211854,0.983066,0.604179,0.438922,0.196616,0.98116,0.614191,0.462358,0.323365,0.988082,0.585825,0.43563,0.251963,0.98547,0.610986,0.502774,0.291988,0.996505,0.529984,0.45245,0.202632,0.996825,0.575308,0.605941,0.035585,0.997583,0.511757,0.579516,-0.035746,0.997567
2026-08-22 00:40:30,Night_001,No Person Detected,,,,,,,,,,,,,,,,,,,,,,,,,,,,,,,,
2026-08-22 00:40:31,Night_001,Right Side,0.614946,0.444531,0.165337,0.980489,0.597542,0.438777,0.151407,0.977409,0.610248,0.450208,0.25841,0.986847,0.582182,0.442224,0.19471,0.981172,0.610389,0.470628,0.232084,0.996717,0.523988,0.452932,0.168906,0.996435,0.576275,0.632475,0.029479,0.997687,0.52391,0.625935,-0.029669,0.997578
2026-08-22 00:40:31,Night_001,No Person Detected,,,,,,,,,,,,,,,,,,,,,,,,,,,,,,,,
2026-08-22 00:40:32,Night_001,Right Side,0.619171,0.457994,0.178573,0.982154,0.602422,0.444726,0.159523,0.979323,0.615424,0.464381,0.283966,0.987939,0.58549,0.44112,0.19469,0.982747,0.590516,0.504181,0.264459,0.996758,0.525058,0.460335,0.148531,0.996706,0.547903,0.646036,0.048145,0.997729,0.503859,0.632993,-0.048526,0.997631
2026-08-22 00:40:32,Night_001,No Person Detected,,,,,,,,,,,,,,,,,,,,,,,,,,,,,,,,
2026-08-22 00:40:35,Night_001,Right Side,0.618246,0.448028,0.11641,0.982315,0.601429,0.442402,0.098068,0.97972,0.61321,0.453642,0.229956,0.988215,0.584408,0.439034,0.145441,0.983438,0.608628,0.477908,0.206389,0.996943,0.525753,0.453023,0.136721,0.996602,0.565438,0.640101,0.007517,0.997898,0.524984,0.629225,-0.007762,0.997682
2026-08-22 00:40:36,Night_001,No Person Detected,,,,,,,,,,,,,,,,,,,,,,,,,,,,,,,,
2026-08-22 00:40:36,Night_001,Right Side,0.615877,0.443974,0.156253,0.982397,0.597011,0.437839,0.139978,0.980087,0.615592,0.452326,0.257689,0.988298,0.584486,0.441441,0.183444,0.983814,0.610136,0.469764,0.227353,0.99717,0.532881,0.451138,0.158461,0.996758,0.569807,0.634925,0.018922,0.998086,0.535058,0.629022,-0.019391,0.99786
2026-08-22 00:40:37,Night_001,No Person Detected,,,,,,,,,,,,,,,,,,,,,,,,,,,,,,,,
2026-08-22 00:40:38,Night_001,Right Side,0.622247,0.448431,0.135764,0.984046,0.603923,0.438719,0.117073,0.981955,0.620595,0.45786,0.261435,0.989398,0.584074,0.439479,0.173921,0.985364,0.610133,0.498549,0.247833,0.997405,0.51463,0.465564,0.148835,0.997042,0.574364,0.635266,0.038656,0.99823,0.51682,0.624355,-0.038773,0.998009
2026-08-22 00:40:38,Night_001,No Person Detected,,,,,,,,,,,,,,,,,,,,,,,,,,,,,,,,
2026-08-22 00:40:39,Night_001,Right Side,0.61717,0.450721,0.10766,0.984317,0.597691,0.440799,0.09524,0.982269,0.616051,0.462028,0.210492,0.989729,0.582647,0.443796,0.154356,0.986059,0.611565,0.493338,0.20656,0.997437,0.51959,0.463508,0.137938,0.997193,0.568494,0.64353,0.026338,0.998284,0.509112,0.630606,-0.026562,0.998106
2026-08-22 00:40:40,Night_001,No Person Detected,,,,,,,,,,,,,,,,,,,,,,,,,,,,,,,,
2026-08-22 00:40:41,Night_001,Right Side,0.617566,0.441674,0.148109,0.982353,0.597412,0.435982,0.137585,0.980088,0.616411,0.450678,0.25,0.98832,0.582232,0.441644,0.201405,0.984158,0.618182,0.47552,0.223646,0.997473,0.516162,0.46181,0.182101,0.99675,0.578196,0.636286,0.014832,0.998366,0.521129,0.622727,-0.014926,0.998105
2026-08-22 00:40:41,Night_001,No Person Detected,,,,,,,,,,,,,,,,,,,,,,,,,,,,,,,,
2026-08-22 00:40:43,Night_001,Right Side,0.616103,0.447443,0.12624,0.983707,0.598303,0.435792,0.113596,0.981648,0.615827,0.459843,0.237861,0.989283,0.58272,0.440624,0.178691,0.985546,0.61578,0.503541,0.220447,0.997657,0.516315,0.467639,0.162123,0.996918,0.56696,0.637612,0.022411,0.998391,0.512876,0.621255,-0.022517,0.998066
2026-08-22 00:40:43,Night_001,No Person Detected,,,,,,,,,,,,,,,,,,,,,,,,,,,,,,,,
2026-08-22 00:40:44,Night_001,Right Side,0.613307,0.44808,0.140674,0.974768,0.596548,0.441421,0.127095,0.972297,0.61055,0.45755,0.2418,0.98477,0.580523,0.442993,0.180444,0.980539,0.609198,0.469079,0.224288,0.997358,0.519824,0.448429,0.159927,0.996297,0.568171,0.631726,0.018465,0.998368,0.515431,0.625093,-0.018857,0.99798
2026-08-22 00:40:44,Night_001,No Person Detected,,,,,,,,,,,,,,,,,,,,,,,,,,,,,,,,
2026-08-22 00:40:45,Night_001,Right Side,0.615823,0.445302,0.151016,0.975628,0.598755,0.437203,0.13426,0.973099,0.614826,0.453514,0.2638,0.985173,0.583745,0.439885,0.186272,0.98116,0.613989,0.481899,0.240149,0.997508,0.518858,0.455596,0.162501,0.996352,0.572322,0.640482,0.021445,0.998468,0.52159,0.627822,-0.021576,0.998031
2026-08-22 00:40:45,Night_001,No Person Detected,,,,,,,,,,,,,,,,,,,,,,,,,,,,,,,,
2026-08-22 00:40:47,Night_001,Right Side,0.614217,0.449008,0.179677,0.976402,0.596972,0.440656,0.166685,0.97366,0.612757,0.456544,0.274234,0.985744,0.584585,0.443916,0.214422,0.981351,0.610817,0.477531,0.246396,0.99763,0.538081,0.449052,0.183817,0.996437,0.568629,0.630873,0.02788,0.998565,0.52741,0.619038,-0.028293,0.998109
2026-08-22 00:40:47,Night_001,No Person Detected,,,,,,,,,,,,,,,,,,,,,,,,,,,,,,,,
2026-08-22 00:40:48,Night_001,Right Side,0.618394,0.45095,0.127528,0.978274,0.601193,0.440054,0.116291,0.975708,0.615142,0.46102,0.229701,0.986908,0.586723,0.442435,0.176905,0.982867,0.610398,0.494387,0.20805,0.997765,0.525761,0.465444,0.165097,0.99653,0.564286,0.63811,0.018061,0.998658,0.514206,0.622232,-0.018288,0.998205
2026-08-22 00:40:48,Night_001,No Person Detected,,,,,,,,,,,,,,,,,,,,,,,,,,,,,,,,
2026-08-22 00:40:54,Night_001,Right Side,0.617105,0.440685,0.125711,0.973662,0.600595,0.436033,0.113274,0.970766,0.612052,0.448629,0.230616,0.983482,0.585544,0.441686,0.172945,0.979117,0.617483,0.469373,0.20344,0.997821,0.527681,0.451727,0.149697,0.996158,0.572541,0.634004,0.009137,0.998695,0.524695,0.625349,-0.009298,0.998168
2026-08-22 00:40:54,Night_001,No Person Detected,,,,,,,,,,,,,,,,,,,,,,,,,,,,,,,,
2026-08-22 00:40:56,Night_001,Right Side,0.61535,0.445317,0.16666,0.971105,0.594718,0.438954,0.154325,0.967926,0.614026,0.454259,0.271614,0.98199,0.580038,0.440801,0.21538,0.976613,0.611943,0.468426,0.237414,0.997797,0.528712,0.452802,0.195526,0.995701,0.570244,0.633457,0.012568,0.998769,0.527307,0.626566,-0.012906,0.998204
2026-08-22 00:40:56,Night_001,No Person Detected,,,,,,,,,,,,,,,,,,,,,,,,,,,,,,,,
2026-08-22 00:40:56,Night_001,Right Side,0.619094,0.448933,0.162322,0.971463,0.601522,0.444283,0.143612,0.968848,0.616052,0.454947,0.239673,0.981906,0.585458,0.443338,0.153538,0.976609,0.601437,0.465619,0.191524,0.998035,0.541702,0.455095,0.127722,0.996017,0.567677,0.637348,0.018213,0.998934,0.539173,0.631842,-0.01877,0.998385
2026-08-22 00:40:56,Night_001,No Person Detected,,,,,,,,,,,,,,,,,,,,,,,,,,,,,,,,
2026-08-22 00:40:58,Night_001,Right Side,0.617263,0.445601,0.121167,0.97306,0.600137,0.436721,0.107194,0.970591,0.615178,0.456209,0.231704,0.983165,0.584839,0.439083,0.16727,0.978289,0.620003,0.481421,0.220114,0.998154,0.523765,0.463196,0.143402,0.996296,0.576226,0.642624,0.031061,0.998973,0.517943,0.628936,-0.031274,0.99846
2026-08-22 00:40:58,Night_001,No Person Detected,,,,,,,,,,,,,,,,,,,,,,,,,,,,,,,,
2026-08-22 00:40:59,Night_001,Right Side,0.615876,0.450505,0.156082,0.975535,0.597371,0.436641,0.145018,0.973256,0.615489,0.462016,0.26146,0.984709,0.582993,0.439514,0.21094,0.980291,0.606998,0.50213,0.240493,0.998248,0.5188,0.462833,0.203204,0.996566,0.561202,0.639985,0.021339,0.998745,0.504693,0.628225,-0.021713,0.998384
2026-08-22 00:40:59,Night_001,No Person Detected,,,,,,,,,,,,,,,,,,,,,,,,,,,,,,,,
2026-08-22 00:40:59,Night_001,Right Side,0.614547,0.447499,0.15637,0.97646,0.597916,0.440903,0.139104,0.974477,0.612217,0.452189,0.247234,0.98533,0.585222,0.444423,0.166986,0.981209,0.600311,0.466936,0.211011,0.998349,0.536721,0.445102,0.137572,0.996762,0.561593,0.636599,0.022119,0.998841,0.532401,0.629987,-0.022558,0.998473
2026-08-22 00:40:59,Night_001,No Person Detected,,,,,,,,,,,,,,,,,,,,,,,,,,,,,,,,
2026-08-22 00:41:00,Night_001,Right Side,0.614209,0.454396,0.216969,0.975919,0.602648,0.449506,0.201039,0.973135,0.607814,0.456148,0.251817,0.985152,0.590457,0.446435,0.176484,0.978015,0.570768,0.466913,0.178386,0.998483,0.570208,0.457401,0.127651,0.997015,0.551136,0.630525,0.034096,0.998954,0.547108,0.625462,-0.0347,0.998622
2026-08-22 00:41:00,Night_001,No Person Detected,,,,,,,,,,,,,,,,,,,,,,,,,,,,,,,,
2026-08-22 00:41:00,Night_001,Right Side,0.615329,0.450868,0.132313,0.976928,0.598665,0.442488,0.115833,0.974575,0.60859,0.457535,0.249448,0.985887,0.580828,0.442652,0.17282,0.979565,0.597462,0.488116,0.234638,0.998351,0.513036,0.459996,0.140751,0.997052,0.55495,0.647118,0.033621,0.998985,0.501696,0.62773,-0.033794,0.99864
2026-08-22 00:41:02,Night_001,No Person Detected,,,,,,,,,,,,,,,,,,,,,,,,,,,,,,,,
2026-08-22 00:41:04,Night_001,Right Side,0.617144,0.448852,0.114141,0.977453,0.596355,0.440115,0.103788,0.974461,0.615714,0.459108,0.208768,0.986263,0.585154,0.443579,0.160928,0.982065,0.623854,0.479727,0.189775,0.998721,0.530364,0.448715,0.137669,0.993058,0.577939,0.63316,0.024941,0.999379,0.520519,0.61586,-0.025239,0.998542
2026-08-22 00:41:04,Night_001,No Person Detected,,,,,,,,,,,,,,,,,,,,,,,,,,,,,,,,
2026-08-22 00:41:04,Night_001,Right Side,0.615789,0.457333,0.297066,0.979085,0.603384,0.44564,0.27567,0.975717,0.612187,0.46122,0.423575,0.987097,0.586757,0.441667,0.325437,0.982427,0.597442,0.505301,0.388514,0.998315,0.531708,0.449202,0.247625,0.993642,0.567444,0.626874,0.050014,0.999226,0.515549,0.598921,-0.050423,0.998501
2026-08-22 00:41:04,Night_001,No Person Detected,,,,,,,,,,,,,,,,,,,,,,,,,,,,,,,,
2026-08-22 00:41:06,Night_001,Right Side,0.615358,0.450698,0.087308,0.959548,0.601704,0.444336,0.068794,0.954753,0.612012,0.45323,0.174204,0.974446,0.584391,0.443731,0.090415,0.965208,0.603003,0.461106,0.160675,0.997991,0.528786,0.445917,0.072355,0.993336,0.559283,0.63862,0.02468,0.999195,0.516966,0.628982,-0.024996,0.998424
2026-08-22 00:41:06,Night_001,No Person Detected,,,,,,,,,,,,,,,,,,,,,,,,,,,,,,,,
2026-08-22 00:41:07,Night_001,Right Side,0.618715,0.453441,0.145865,0.966574,0.600548,0.438233,0.130364,0.962696,0.61495,0.462712,0.254231,0.978901,0.58517,0.440204,0.182892,0.971494,0.608646,0.498543,0.239145,0.998223,0.517529,0.457976,0.150711,0.994486,0.563439,0.640952,0.035832,0.999183,0.507424,0.622906,-0.036075,0.998562
2026-08-22 00:41:07,Night_001,No Person Detected,,,,,,,,,,,,,,,,,,,,,,,,,,,,,,,,
2026-08-22 00:41:08,Night_001,Right Side,0.619818,0.449986,0.096986,0.971538,0.601005,0.43618,0.086163,0.968084,0.620756,0.461623,0.197498,0.98208,0.586266,0.442163,0.146306,0.975848,0.61571,0.49896,0.182467,0.998398,0.523742,0.467315,0.140555,0.995162,0.568357,0.643674,0.027396,0.998989,0.511477,0.625233,-0.027492,0.998378
2026-08-22 00:41:08,Night_001,No Person Detected,,,,,,,,,,,,,,,,,,,,,,,,,,,,,,,,
2026-08-22 00:41:09,Night_001,Right Side,0.616618,0.459455,0.309069,0.974338,0.603811,0.444372,0.290472,0.971192,0.614179,0.467449,0.444234,0.983825,0.588114,0.437821,0.358511,0.978186,0.597284,0.521343,0.426083,0.99828,0.536382,0.447584,0.270543,0.995623,0.562771,0.61092,0.053814,0.999028,0.516495,0.575361,-0.054152,0.998488
2026-08-22 00:41:09,Night_001,No Person Detected,,,,,,,,,,,,,,,,,,,,,,,,,,,,,,,,
2026-08-22 00:41:10,Night_001,Right Side,0.617471,0.44348,0.174315,0.975687,0.598049,0.43575,0.160385,0.972655,0.616371,0.454305,0.291382,0.984631,0.582427,0.439868,0.22739,0.979484,0.61393,0.481067,0.274877,0.998268,0.521336,0.458148,0.198772,0.995695,0.577184,0.624925,0.030779,0.999032,0.516789,0.614653,-0.030958,0.998468
2026-08-22 00:41:11,Night_001,No Person Detected,,,,,,,,,,,,,,,,,,,,,,,,,,,,,,,,
2026-08-22 00:41:14,Night_001,Right Side,0.619486,0.440382,0.172715,0.976814,0.598971,0.432458,0.159954,0.973857,0.620068,0.453634,0.288466,0.985382,0.583981,0.437462,0.229663,0.980457,0.626598,0.486858,0.266514,0.998331,0.52321,0.459505,0.211993,0.995804,0.584578,0.633301,0.024731,0.999077,0.518015,0.619511,-0.024897,0.998517
2026-08-22 00:41:14,Night_001,No Person Detected,,,,,,,,,,,,,,,,,,,,,,,,,,,,,,,,
2026-08-22 00:41:15,Night_001,Right Side,0.615725,0.448165,0.160297,0.977946,0.59916,0.440981,0.142766,0.975092,0.612889,0.456526,0.253996,0.986034,0.58465,0.443344,0.173419,0.981039,0.611057,0.486452,0.22913,0.998281,0.518443,0.460333,0.143539,0.995729,0.57762,0.640488,0.033542,0.998999,0.517235,0.628187,-0.033733,0.998479
2026-08-22 00:41:15,Night_001,No Person Detected,,,,,,,,,,,,,,,,,,,,,,,,,,,,,,,,
2026-08-22 00:41:16,Night_001,Right Side,0.615905,0.442779,0.144436,0.977412,0.598789,0.43599,0.129659,0.974696,0.615047,0.452593,0.24116,0.985482,0.584387,0.440468,0.173144,0.980604,0.617236,0.479161,0.22473,0.998236,0.521898,0.455644,0.139226,0.995782,0.581348,0.641141,0.035211,0.999046,0.521033,0.627712,-0.035364,0.998539
2026-08-22 00:41:16,Night_001,No Person Detected,,,,,,,,,,,,,,,,,,,,,,,,,,,,,,,,
2026-08-22 00:41:18,Night_001,Right Side,0.623242,0.448415,0.197683,0.979205,0.603346,0.438847,0.181981,0.97682,0.622096,0.459101,0.320171,0.986571,0.585004,0.440086,0.248253,0.982316,0.621209,0.491108,0.295114,0.998157,0.522937,0.460938,0.223318,0.996048,0.582042,0.631875,0.029107,0.999014,0.517932,0.617362,-0.029247,0.998523
2026-08-22 00:41:18,Night_001,No Person Detected,,,,,,,,,,,,,,,,,,,,,,,,,,,,,,,,
2026-08-22 00:41:19,Night_001,Right Side,0.617896,0.44557,0.116995,0.980234,0.599395,0.435243,0.101098,0.978092,0.6157,0.455441,0.235388,0.987301,0.580273,0.44083,0.160748,0.983457,0.611587,0.493772,0.224522,0.998005,0.512304,0.463628,0.143889,0.995724,0.567029,0.646604,0.029994,0.998824,0.505844,0.626046,-0.029943,0.998095
2026-08-22 00:41:19,Night_001,No Person Detected,,,,,,,,,,,,,,,,,,,,,,,,,,,,,,,,
2026-08-22 00:41:20,Night_001,Right Side,0.615935,0.460298,0.27082,0.984721,0.601845,0.445367,0.256302,0.983167,0.616954,0.468634,0.389588,0.990045,0.585748,0.439818,0.321568,0.987475,0.600245,0.523994,0.37754,0.996074,0.53362,0.455481,0.258128,0.996652,0.556803,0.635837,0.060101,0.998981,0.509914,0.601374,-0.060522,0.998419
2026-08-22 00:41:20,Night_001,No Person Detected,,,,,,,,,,,,,,,,,,,,,,,,,,,,,,,,
2026-08-22 00:41:21,Night_001,Right Side,0.619079,0.44378,0.153879,0.98207,0.600677,0.438386,0.141299,0.980156,0.617458,0.455515,0.25834,0.988564,0.586128,0.442782,0.2007,0.985268,0.619717,0.481871,0.231453,0.996233,0.526324,0.46425,0.173577,0.996221,0.576732,0.642425,0.019045,0.999014,0.521979,0.632836,-0.01926,0.99843
2026-08-22 00:41:21,Night_001,No Person Detected,,,,,,,,,,,,,,,,,,,,,,,,,,,,,,,,
2026-08-22 00:41:22,Night_001,Right Side,0.618877,0.444739,0.125944,0.981073,0.599143,0.432971,0.112179,0.979052,0.618429,0.458363,0.238339,0.988086,0.583707,0.440372,0.174483,0.985205,0.614762,0.481023,0.221329,0.996396,0.51321,0.459875,0.161534,0.996015,0.57064,0.635985,0.023152,0.99898,0.512021,0.623634,-0.023309,0.998296
2026-08-22 00:41:22,Night_001,No Person Detected,,,,,,,,,,,,,,,,,,,,,,,,,,,,,,,,
2026-08-22 00:41:23,Night_001,Right Side,0.617642,0.451232,0.168961,0.981988,0.603606,0.439427,0.15528,0.980313,0.614885,0.45963,0.280079,0.987693,0.586194,0.437132,0.215488,0.985934,0.616158,0.511383,0.267323,0.995928,0.531332,0.456264,0.178595,0.996247,0.581887,0.60667,0.034962,0.998586,0.518643,0.582201,-0.035151,0.998114
2026-08-22 00:41:23,Night_001,No Person Detected,,,,,,,,,,,,,,,,,,,,,,,,,,,,,,,,
2026-08-22 00:41:24,Night_001,Right Side,0.619632,0.448037,0.178238,0.983335,0.601729,0.438797,0.163598,0.981743,0.615313,0.456528,0.284994,0.98865,0.584348,0.440676,0.21655,0.986932,0.608655,0.480749,0.254661,0.996238,0.524501,0.45972,0.187539,0.996404,0.569035,0.632968,0.028584,0.998702,0.52249,0.622961,-0.028863,0.998234
2026-08-22 00:41:24,Night_001,No Person Detected,,,,,,,,,,,,,,,,,,,,,,,,,,,,,,,,
2026-08-22 00:41:25,Night_001,Right Side,0.617184,0.440401,0.136566,0.98255,0.597124,0.434698,0.121326,0.981028,0.615839,0.45212,0.257529,0.987884,0.581185,0.441576,0.186941,0.985884,0.617187,0.482687,0.228508,0.996413,0.512656,0.464911,0.170992,0.995802,0.576251,0.638122,0.012449,0.998716,0.524339,0.62534,-0.012656,0.998102
2026-08-22 00:41:25,Night_001,No Person Detected,,,,,,,,,,,,,,,,,,,,,,,,,,,,,,,,
2026-08-22 00:41:26,Night_001,Right Side,0.619589,0.448362,0.178355,0.982785,0.600084,0.437748,0.15898,0.981392,0.615088,0.45521,0.300759,0.988183,0.582974,0.441093,0.211519,0.986276,0.60261,0.476733,0.278987,0.996549,0.510673,0.451235,0.185896,0.99589,0.561917,0.640268,0.031514,0.998748,0.511903,0.627616,-0.031731,0.998078
2026-08-22 00:41:26,Night_001,No Person Detected,,,,,,,,,,,,,,,,,,,,,,,,,,,,,,,,
2026-08-22 00:41:28,Night_001,Right Side,0.61763,0.453851,0.158523,0.984441,0.602515,0.446879,0.143591,0.98279,0.613089,0.458773,0.238464,0.990099,0.586977,0.444215,0.169526,0.987548,0.604741,0.481138,0.200257,0.997307,0.528248,0.453203,0.151561,0.996519,0.561612,0.642249,0.027746,0.999009,0.517262,0.627524,-0.028091,0.998469
2026-08-22 00:41:28,Night_001,No Person Detected,,,,,,,,,,,,,,,,,,,,,,,,,,,,,,,,
2026-08-22 00:41:29,Night_001,Right Side,0.618291,0.45337,0.135519,0.985837,0.599101,0.439589,0.120912,0.984335,0.616845,0.464404,0.247272,0.990973,0.582442,0.440355,0.178762,0.988725,0.607998,0.50955,0.24006,0.997477,0.518372,0.467878,0.158472,0.996829,0.560482,0.641675,0.031203,0.99906,0.498798,0.624147,-0.031428,0.998583
2026-08-22 00:41:29,Night_001,No Person Detected,,,,,,,,,,,,,,,,,,,,,,,,,,,,,,,,
2026-08-22 00:41:30,Night_001,Right Side,0.618365,0.455328,0.194964,0.986401,0.602195,0.447997,0.178301,0.984865,0.612876,0.460363,0.28969,0.991458,0.585426,0.445286,0.21233,0.989183,0.603141,0.484043,0.250585,0.997668,0.527256,0.453506,0.180243,0.99707,0.563713,0.635207,0.028106,0.999129,0.51597,0.621799,-0.028477,0.998693
2026-08-22 00:41:30,Night_001,No Person Detected,,,,,,,,,,,,,,,,,,,,,,,,,,,,,,,,
2026-08-22 00:41:31,Night_001,Right Side,0.61628,0.441931,0.168299,0.985814,0.595337,0.435414,0.153488,0.984333,0.615006,0.451973,0.279176,0.991081,0.578963,0.439062,0.211752,0.988711,0.611113,0.47041,0.265774,0.997787,0.522116,0.451705,0.184198,0.997198,0.576661,0.630372,0.03771,0.999162,0.523238,0.623375,-0.037974,0.998743
2026-08-22 00:41:31,Night_001,No Person Detected,,,,,,,,,,,,,,,,,,,,,,,,,,,,,,,,
2026-08-22 00:41:33,Night_001,Right Side,0.618283,0.452017,0.163234,0.986332,0.601388,0.445331,0.143426,0.984853,0.612713,0.456474,0.264267,0.991414,0.584147,0.443461,0.172283,0.98887,0.600789,0.473963,0.234217,0.997943,0.532838,0.447472,0.141582,0.997352,0.561998,0.63887,0.037092,0.999215,0.527644,0.629894,-0.037452,0.998795
2026-08-22 00:41:33,Night_001,No Person Detected,,,,,,,,,,,,,,,,,,,,,,,,,,,,,,,,
2026-08-22 00:41:33,Night_001,Right Side,0.618885,0.449543,0.200122,0.986614,0.600056,0.440702,0.182689,0.985066,0.61507,0.456463,0.311542,0.991628,0.585152,0.442737,0.231123,0.989129,0.60288,0.479738,0.273744,0.997998,0.525682,0.458112,0.194706,0.997455,0.566008,0.636285,0.029958,0.999229,0.518566,0.628386,-0.030268,0.998813
2026-08-22 00:41:33,Night_001,No Person Detected,,,,,,,,,,,,,,,,,,,,,,,,,,,,,,,,
2026-08-22 00:41:34,Night_001,Right Side,0.61792,0.448065,0.118908,0.98591,0.601223,0.439384,0.10005,0.98482,0.614019,0.457975,0.237079,0.991189,0.580914,0.441404,0.148636,0.989436,0.599871,0.486106,0.219211,0.997867,0.510017,0.458773,0.129889,0.997373,0.556148,0.649551,0.022914,0.999196,0.505983,0.627848,-0.02305,0.998761
2026-08-22 00:41:34,Night_001,No Person Detected,,,,,,,,,,,,,,,,,,,,,,,,,,,,,,,,
2026-08-22 00:41:35,Night_001,Right Side,0.617232,0.446419,0.174062,0.985386,0.599332,0.439123,0.160985,0.983753,0.615606,0.457477,0.278651,0.99145,0.584239,0.44247,0.219127,0.989601,0.615334,0.475974,0.251609,0.998066,0.527157,0.459503,0.178877,0.996957,0.574322,0.635964,0.027192,0.999383,0.519293,0.625217,-0.027406,0.999011
2026-08-22 00:41:35,Night_001,No Person Detected,,,,,,,,,,,,,,,,,,,,,,,,,,,,,,,,
2026-08-22 00:41:35,Night_001,Right Side,0.618018,0.454357,0.162191,0.986163,0.600602,0.441979,0.148312,0.984472,0.61487,0.460474,0.266978,0.991834,0.584781,0.44107,0.202478,0.99003,0.606239,0.491704,0.24908,0.997883,0.528198,0.458744,0.169991,0.997005,0.565308,0.629786,0.037335,0.999192,0.514929,0.616971,-0.037525,0.99878
2026-08-22 00:41:35,Night_001,No Person Detected,,,,,,,,,,,,,,,,,,,,,,,,,,,,,,,,
2026-08-22 00:41:37,Night_001,Right Side,0.616842,0.449547,0.172987,0.98678,0.59989,0.439876,0.158717,0.985105,0.611601,0.456404,0.278394,0.992203,0.584235,0.440902,0.21145,0.990316,0.601173,0.485725,0.247634,0.997968,0.517464,0.457256,0.181912,0.997029,0.564498,0.634869,0.024275,0.999214,0.511281,0.621508,-0.024436,0.998789
2026-08-22 00:41:37,Night_001,No Person Detected,,,,,,,,,,,,,,,,,,,,,,,,,,,,,,,,
2026-08-22 00:41:37,Night_001,Right Side,0.620815,0.45018,0.13006,0.986336,0.605728,0.440249,0.115197,0.985007,0.614785,0.459297,0.234362,0.992223,0.586449,0.43868,0.165224,0.990497,0.612564,0.496334,0.214255,0.997879,0.520688,0.461451,0.149381,0.99682,0.558309,0.650514,0.018856,0.999189,0.502268,0.622157,-0.019,0.998763
2026-08-22 00:41:38,Night_001,No Person Detected,,,,,,,,,,,,,,,,,,,,,,,,,,,,,,,,
2026-08-22 00:41:38,Night_001,Right Side,0.619739,0.453669,0.194086,0.98706,0.603359,0.443228,0.178359,0.985759,0.614431,0.459789,0.295942,0.992561,0.587385,0.443518,0.222278,0.990898,0.605405,0.490614,0.260888,0.997818,0.533336,0.454189,0.177618,0.996927,0.569937,0.630688,0.033576,0.999158,0.525151,0.618147,-0.033869,0.998716
2026-08-22 00:41:38,Night_001,No Person Detected,,,,,,,,,,,,,,,,,,,,,,,,,,,,,,,,
2026-08-22 00:41:38,Night_001,Right Side,0.614476,0.449031,0.133514,0.98633,0.60046,0.444696,0.115377,0.985466,0.611893,0.455244,0.196034,0.992316,0.585131,0.444322,0.11302,0.990602,0.592231,0.455776,0.153743,0.997994,0.549122,0.455188,0.086235,0.997133,0.558041,0.630009,0.019314,0.999233,0.542501,0.630747,-0.019964,0.998829
2026-08-22 00:41:38,Night_001,No Person Detected,,,,,,,,,,,,,,,,,,,,,,,,,,,,,,,,
2026-08-22 00:41:39,Night_001,Right Side,0.615301,0.457956,0.337626,0.987608,0.60459,0.445586,0.317486,0.986745,0.611745,0.464421,0.476629,0.992983,0.588804,0.441723,0.384448,0.991388,0.593174,0.518453,0.448285,0.997735,0.532576,0.446354,0.287423,0.997363,0.561108,0.606359,0.052539,0.998863,0.510871,0.570909,-0.052903,0.998623
2026-08-22 00:41:39,Night_001,No Person Detected,,,,,,,,,,,,,,,,,,,,,,,,,,,,,,,,
2026-08-22 00:41:40,Night_001,Right Side,0.621342,0.44631,0.159433,0.98789,0.602029,0.438261,0.141913,0.987029,0.617144,0.455223,0.283696,0.99302,0.582747,0.440006,0.202396,0.991504,0.610501,0.488315,0.262091,0.997843,0.515384,0.460765,0.187738,0.997308,0.573292,0.629638,0.023538,0.998866,0.514981,0.617245,-0.023688,0.998546
2026-08-22 00:41:40,Night_001,No Person Detected,,,,,,,,,,,,,,,,,,,,,,,,,,,,,,,,
2026-08-22 00:41:42,Night_001,Right Side,0.6151,0.455362,0.278052,0.989033,0.602849,0.442581,0.260979,0.988235,0.611933,0.462103,0.408806,0.993663,0.587828,0.438928,0.330332,0.992271,0.605241,0.515169,0.387012,0.997763,0.540222,0.445646,0.253277,0.997567,0.576133,0.608996,0.043294,0.998954,0.523728,0.575104,-0.043503,0.998684
2026-08-22 00:41:42,Night_001,No Person Detected,,,,,,,,,,,,,,,,,,,,,,,,,,,,,,,,
2026-08-22 00:41:42,Night_001,Right Side,0.622263,0.448994,0.179315,0.988607,0.603866,0.438635,0.164311,0.987606,0.620313,0.458788,0.286963,0.993073,0.58584,0.440551,0.217489,0.991283,0.613948,0.488227,0.254396,0.997478,0.518342,0.455825,0.186013,0.99699,0.574427,0.629607,0.021916,0.998842,0.51778,0.615962,-0.022145,0.998452
2026-08-22 00:41:42,Night_001,No Person Detected,,,,,,,,,,,,,,,,,,,,,,,,,,,,,,,,
2026-08-22 00:41:43,Night_001,Right Side,0.617859,0.44423,0.165605,0.987971,0.598955,0.437279,0.154213,0.986673,0.618956,0.457161,0.274285,0.992523,0.585062,0.44219,0.221923,0.990734,0.624177,0.481968,0.251351,0.997549,0.529096,0.459043,0.194943,0.996995,0.586606,0.629134,0.023339,0.998839,0.524597,0.620017,-0.023494,0.998449
2026-08-22 00:41:43,Night_001,No Person Detected,,,,,,,,,,,,,,,,,,,,,,,,,,,,,,,,
2026-08-22 00:41:44,Night_001,Right Side,0.616232,0.443822,0.155454,0.987498,0.596758,0.436693,0.138537,0.985981,0.615131,0.453744,0.269704,0.992076,0.580681,0.440202,0.192782,0.990017,0.611253,0.480952,0.258102,0.997499,0.516018,0.459932,0.162302,0.996908,0.572272,0.635063,0.037925,0.998835,0.513534,0.625749,-0.038108,0.998399
2026-08-22 00:41:45,Night_001,No Person Detected,,,,,,,,,,,,,,,,,,,,,,,,,,,,,,,,
2026-08-22 00:41:45,Night_001,Right Side,0.619303,0.45148,0.200747,0.988985,0.603384,0.44371,0.177806,0.987639,0.614256,0.455749,0.306051,0.992977,0.586157,0.441731,0.200565,0.991244,0.596771,0.476552,0.295025,0.997851,0.536405,0.452707,0.150226,0.997394,0.560641,0.634975,0.063963,0.999012,0.525813,0.625728,-0.064448,0.998636
2026-08-22 00:41:45,Night_001,No Person Detected,,,,,,,,,,,,,,,,,,,,,,,,,,,,,,,,
2026-08-22 00:41:46,Night_001,Right Side,0.615902,0.454977,0.14881,0.986146,0.600655,0.445394,0.132638,0.984495,0.613212,0.460351,0.227954,0.991934,0.586171,0.444797,0.152776,0.989168,0.602507,0.47699,0.198599,0.997911,0.535417,0.446176,0.136328,0.997421,0.56026,0.64664,0.027616,0.99907,0.518834,0.631697,-0.02808,0.998713
2026-08-22 00:41:47,Night_001,No Person Detected,,,,,,,,,,,,,,,,,,,,,,,,,,,,,,,,
2026-08-22 00:41:47,Night_001,Right Side,0.620917,0.452438,0.247242,0.986537,0.606715,0.439824,0.232423,0.984876,0.616865,0.463306,0.358312,0.990918,0.587731,0.438862,0.289236,0.988877,0.611235,0.505946,0.333456,0.995783,0.535461,0.452146,0.221063,0.997546,0.574491,0.608009,0.049972,0.998776,0.521924,0.585692,-0.050366,0.998341
2026-08-22 00:41:47,Night_001,No Person Detected,,,,,,,,,,,,,,,,,,,,,,,,,,,,,,,,
2026-08-22 00:41:50,Night_001,Right Side,0.616169,0.442457,0.158845,0.980908,0.596808,0.436557,0.144497,0.977558,0.61647,0.451907,0.266514,0.986083,0.584098,0.442173,0.201138,0.981641,0.623299,0.476609,0.242481,0.995817,0.521093,0.462112,0.163459,0.996702,0.591905,0.632558,0.03278,0.998579,0.528292,0.623412,-0.032924,0.998061
2026-08-22 00:41:50,Night_001,No Person Detected,,,,,,,,,,,,,,,,,,,,,,,,,,,,,,,,
2026-08-22 00:41:51,Night_001,Right Side,0.620445,0.454445,0.148017,0.981633,0.601121,0.442329,0.130834,0.978682,0.616354,0.461255,0.255325,0.986971,0.58396,0.441228,0.17616,0.982986,0.605709,0.487419,0.238657,0.996095,0.513318,0.455059,0.151219,0.996925,0.555941,0.649154,0.038809,0.998602,0.501526,0.630491,-0.038945,0.998139
2026-08-22 00:41:51,Night_001,No Person Detected,,,,,,,,,,,,,,,,,,,,,,,,,,,,,,,,
2026-08-22 00:41:51,Night_001,Right Side,0.613407,0.439487,0.169187,0.980505,0.594964,0.434255,0.152397,0.977602,0.60856,0.446317,0.288271,0.986311,0.579374,0.435288,0.209754,0.982431,0.601912,0.472352,0.251634,0.996322,0.514279,0.455704,0.178224,0.996735,0.566833,0.641064,0.017553,0.998636,0.525577,0.630423,-0.01781,0.998027
2026-08-22 00:41:52,Night_001,No Person Detected,,,,,,,,,,,,,,,,,,,,,,,,,,,,,,,,
2026-08-22 00:41:52,Night_001,Right Side,0.617395,0.444461,0.153582,0.983643,0.595747,0.435699,0.143254,0.981389,0.615715,0.456376,0.261142,0.988296,0.579021,0.440565,0.213968,0.985611,0.610454,0.48972,0.23339,0.996774,0.515222,0.466273,0.187661,0.996612,0.576483,0.628663,0.022177,0.998704,0.515323,0.620921,-0.022284,0.998179
2026-08-22 00:41:52,Night_001,No Person Detected,,,,,,,,,,,,,,,,,,,,,,,,,,,,,,,,
2026-08-22 00:41:53,Night_001,Right Side,0.617702,0.453425,0.123652,0.985124,0.600333,0.438235,0.108105,0.983089,0.615076,0.462495,0.226624,0.989351,0.583809,0.438806,0.153491,0.986976,0.604658,0.504796,0.223113,0.996971,0.519622,0.458152,0.142449,0.996928,0.560866,0.6372,0.036189,0.99867,0.499313,0.623627,-0.036329,0.998296
2026-08-22 00:41:53,Night_001,No Person Detected,,,,,,,,,,,,,,,,,,,,,,,,,,,,,,,,
2026-08-22 00:41:53,Night_001,Right Side,0.616343,0.443163,0.188947,0.981257,0.595893,0.435015,0.173225,0.979004,0.614531,0.451316,0.295818,0.985728,0.579977,0.439105,0.223514,0.983664,0.6145,0.476822,0.272876,0.996918,0.516994,0.456716,0.193899,0.996224,0.583168,0.628344,0.031336,0.998437,0.520876,0.617117,-0.031318,0.997851
2026-08-22 00:41:53,Night_001,No Person Detected,,,,,,,,,,,,,,,,,,,,,,,,,,,,,,,,
2026-08-22 00:41:54,Night_001,Right Side,0.616617,0.446454,0.130013,0.981287,0.597833,0.437494,0.114262,0.979331,0.615105,0.454567,0.24531,0.985931,0.581642,0.440286,0.172475,0.983746,0.61665,0.482802,0.221298,0.997098,0.515202,0.455548,0.157545,0.995888,0.574146,0.64767,0.015165,0.998492,0.516845,0.627717,-0.015211,0.997864
2026-08-22 00:41:54,Night_001,No Person Detected,,,,,,,,,,,,,,,,,,,,,,,,,,,,,,,,
2026-08-22 00:41:56,Night_001,Right Side,0.618898,0.441757,0.148984,0.979843,0.600866,0.434793,0.13427,0.977852,0.617675,0.454337,0.266709,0.985161,0.583786,0.441138,0.197778,0.982367,0.612558,0.480327,0.236376,0.997173,0.514007,0.459473,0.172526,0.995584,0.56849,0.64995,0.013637,0.998542,0.516143,0.630853,-0.013763,0.997826
2026-08-22 00:41:56,Night_001,No Person Detected,,,,,,,,,,,,,,,,,,,,,,,,,,,,,,,,
2026-08-22 00:41:58,Night_001,Right Side,0.618867,0.442188,0.160827,0.977357,0.599449,0.435865,0.148741,0.974282,0.617734,0.453853,0.262906,0.983466,0.586172,0.441309,0.207365,0.979558,0.615561,0.473164,0.233117,0.997155,0.519848,0.457251,0.18331,0.994803,0.57464,0.630948,0.011573,0.998617,0.515874,0.627461,-0.01176,0.997904
2026-08-22 00:41:58,Night_001,No Person Detected,,,,,,,,,,,,,,,,,,,,,,,,,,,,,,,,
2026-08-22 00:41:59,Night_001,Right Side,0.614632,0.448398,0.066732,0.966334,0.598864,0.437833,0.052529,0.964928,0.611226,0.45618,0.160115,0.978264,0.581985,0.438037,0.093453,0.974478,0.606642,0.474593,0.154253,0.996739,0.506052,0.452454,0.086942,0.994149,0.556315,0.644632,0.017618,0.998539,0.502962,0.621387,-0.017783,0.997787
2026-08-22 00:41:59,Night_001,No Person Detected,,,,,,,,,,,,,,,,,,,,,,,,,,,,,,,,
2026-08-22 00:41:59,Night_001,Right Side,0.617317,0.448762,0.096844,0.969232,0.600236,0.436815,0.082663,0.96807,0.615273,0.459097,0.203003,0.980196,0.583019,0.437114,0.134893,0.97687,0.611242,0.5084,0.194919,0.996881,0.516753,0.46293,0.129749,0.994548,0.557045,0.645672,0.03048,0.998476,0.501138,0.621802,-0.030565,0.997669
2026-08-22 00:42:00,Night_001,No Person Detected,,,,,,,,,,,,,,,,,,,,,,,,,,,,,,,,
2026-08-22 00:42:01,Night_001,Right Side,0.620209,0.445522,0.153697,0.969892,0.60016,0.434865,0.140055,0.968582,0.619346,0.454267,0.273504,0.980686,0.582619,0.439826,0.20958,0.977246,0.614154,0.488306,0.251195,0.997049,0.516806,0.462945,0.188881,0.994692,0.570867,0.631004,0.02841,0.998497,0.509001,0.615037,-0.028548,0.997657
2026-08-22 00:42:01,Night_001,No Person Detected,,,,,,,,,,,,,,,,,,,,,,,,,,,,,,,,
2026-08-22 00:42:01,Night_001,Right Side,0.618408,0.459834,0.257233,0.972589,0.605823,0.445104,0.239344,0.971301,0.61471,0.467591,0.384507,0.982092,0.590041,0.440218,0.301044,0.979088,0.600984,0.51577,0.378399,0.996019,0.536175,0.452314,0.221947,0.995016,0.563189,0.612758,0.058879,0.99801,0.514133,0.58162,-0.059239,0.996876
2026-08-22 00:42:01,Night_001,No Person Detected,,,,,,,,,,,,,,,,,,,,,,,,,,,,,,,,
2026-08-22 00:42:01,Night_001,Right Side,0.618678,0.457436,0.280793,0.975178,0.605515,0.445268,0.261382,0.97381,0.61462,0.460728,0.418942,0.983754,0.588897,0.437873,0.331413,0.980796,0.606136,0.510561,0.408735,0.995821,0.539415,0.452235,0.228268,0.995425,0.569597,0.615163,0.057357,0.998111,0.520865,0.59085,-0.057651,0.997068
2026-08-22 00:42:01,Night_001,No Person Detected,,,,,,,,,,,,,,,,,,,,,,,,,,,,,,,,
2026-08-22 00:42:02,Night_001,Right Side,0.61673,0.444077,0.141615,0.975046,0.599928,0.434692,0.13123,0.973211,0.616194,0.454578,0.24781,0.983861,0.586216,0.442339,0.199548,0.980975,0.621616,0.484576,0.221473,0.996066,0.5178,0.462548,0.171527,0.995519,0.578622,0.634496,0.023788,0.998115,0.516708,0.622024,-0.023972,0.997107
2026-08-22 00:42:03,Night_001,No Person Detected,,,,,,,,,,,,,,,,,,,,,,,,,,,,,,,,
2026-08-22 00:42:07,Night_001,Right Side,0.621884,0.446537,0.132358,0.975836,0.603219,0.438143,0.118289,0.974163,0.617937,0.454963,0.239471,0.984123,0.584574,0.441176,0.173435,0.981237,0.611609,0.490092,0.220438,0.996284,0.517528,0.461349,0.154364,0.995675,0.574215,0.632941,0.030901,0.998112,0.514518,0.61755,-0.031029,0.997141
2026-08-22 00:42:08,Night_001,No Person Detected,,,,,,,,,,,,,,,,,,,,,,,,,,,,,,,,
2026-08-22 00:42:08,Night_001,Right Side,0.621798,0.442205,0.183991,0.977126,0.60234,0.431776,0.170528,0.975402,0.620695,0.455294,0.2921,0.984827,0.584484,0.439453,0.229351,0.982129,0.619414,0.489828,0.260504,0.996481,0.520045,0.457288,0.19192,0.995879,0.586382,0.619104,0.027062,0.998196,0.519279,0.608451,-0.027194,0.997322
2026-08-22 00:42:08,Night_001,No Person Detected,,,,,,,,,,,,,,,,,,,,,,,,,,,,,,,,
2026-08-22 00:42:09,Night_001,Right Side,0.61399,0.448145,0.163071,0.972667,0.59684,0.442775,0.145754,0.971174,0.610897,0.451544,0.255784,0.981912,0.58401,0.44583,0.177571,0.978894,0.607584,0.46082,0.22269,0.99668,0.537809,0.459899,0.154036,0.995802,0.573104,0.625633,0.018284,0.998334,0.540173,0.627904,-0.01876,0.997472
2026-08-22 00:42:09,Night_001,No Person Detected,,,,,,,,,,,,,,,,,,,,,,,,,,,,,,,,
2026-08-22 00:42:09,Night_001,Right Side,0.615857,0.447659,0.165459,0.973786,0.599459,0.438195,0.14985,0.972562,0.612912,0.456842,0.288236,0.98245,0.582223,0.440162,0.214375,0.979827,0.608247,0.489417,0.251489,0.99683,0.51461,0.454645,0.187414,0.995894,0.571332,0.641828,0.018235,0.998418,0.519542,0.6243,-0.018374,0.997566
2026-08-22 00:42:09,Night_001,No Person Detected,,,,,,,,,,,,,,,,,,,,,,,,,,,,,,,,
2026-08-22 00:42:10,Night_001,Right Side,0.619115,0.451998,0.17705,0.975733,0.601237,0.442583,0.164383,0.974497,0.617829,0.460406,0.274039,0.983809,0.585062,0.443917,0.214589,0.981367,0.613379,0.485737,0.247427,0.99695,0.526215,0.461052,0.180256,0.996062,0.573659,0.632268,0.032224,0.998519,0.519693,0.622416,-0.032377,0.997714
2026-08-22 00:42:10,Night_001,No Person Detected,,,,,,,,,,,,,,,,,,,,,,,,,,,,,,,,
2026-08-22 00:42:11,Night_001,Right Side,0.614012,0.443812,0.089969,0.974152,0.591017,0.422418,0.078351,0.972369,0.612312,0.453591,0.203821,0.983262,0.574582,0.439388,0.150312,0.980701,0.615,0.488685,0.203599,0.997087,0.502907,0.465501,0.142416,0.995945,0.565808,0.650103,0.031632,0.998527,0.497197,0.632954,-0.031785,0.997733
2026-08-22 00:42:11,Night_001,No Person Detected,,,,,,,,,,,,,,,,,,,,,,,,,,,,,,,,
2026-08-22 00:42:14,Night_001,Right Side,0.618361,0.445657,0.159261,0.975827,0.600282,0.435632,0.14528,0.974185,0.614649,0.456956,0.264543,0.984211,0.583417,0.443069,0.200171,0.981941,0.616033,0.485947,0.245621,0.997097,0.521666,0.457984,0.170498,0.995903,0.57576,0.635779,0.029957,0.998454,0.514941,0.622334,-0.030045,0.997653
2026-08-22 00:42:14,Night_001,No Person Detected,,,,,,,,,,,,,,,,,,,,,,,,,,,,,,,,
2026-08-22 00:42:14,Night_001,Right Side,0.615561,0.444404,0.161212,0.975372,0.597876,0.437674,0.148664,0.973608,0.610191,0.454489,0.263831,0.984286,0.582153,0.441688,0.206667,0.982035,0.605696,0.472649,0.239335,0.997166,0.515008,0.457258,0.172813,0.995982,0.565208,0.629867,0.028614,0.998508,0.509808,0.618773,-0.028875,0.997745
2026-08-22 00:42:14,Night_001,No Person Detected,,,,,,,,,,,,,,,,,,,,,,,,,,,,,,,,
2026-08-22 00:42:15,Night_001,Right Side,0.617336,0.453788,0.250607,0.978686,0.605602,0.440935,0.234537,0.977283,0.613325,0.458633,0.380298,0.986031,0.588829,0.437688,0.306852,0.9847,0.609666,0.512345,0.361706,0.997136,0.538016,0.442619,0.229383,0.996597,0.571039,0.619097,0.046516,0.99875,0.516424,0.589359,-0.046702,0.99813
2026-08-22 00:42:15,Night_001,No Person Detected,,,,,,,,,,,,,,,,,,,,,,,,,,,,,,,,
2026-08-22 00:42:16,Night_001,Right Side,0.618351,0.446207,0.137799,0.977488,0.600037,0.433846,0.128203,0.975877,0.617314,0.458612,0.23651,0.9857,0.582964,0.439283,0.191076,0.984325,0.610831,0.488575,0.214445,0.997219,0.518882,0.468717,0.18679,0.995683,0.560619,0.636666,0.013546,0.998601,0.503169,0.62358,-0.013592,0.997649
2026-08-22 00:42:16,Night_001,No Person Detected,,,,,,,,,,,,,,,,,,,,,,,,,,,,,,,,
2026-08-22 00:42:17,Night_001,Right Side,0.616391,0.447082,0.129916,0.976723,0.600152,0.439274,0.116239,0.975217,0.610382,0.455819,0.235231,0.985822,0.583908,0.441476,0.17233,0.984477,0.605381,0.481895,0.222722,0.997244,0.514799,0.458,0.142385,0.995894,0.560445,0.644658,0.028486,0.998632,0.502338,0.627711,-0.028696,0.997777
2026-08-22 00:42:17,Night_001,No Person Detected,,,,,,,,,,,,,,,,,,,,,,,,,,,,,,,,
2026-08-22 00:42:18,Night_001,Right Side,0.614807,0.450104,0.102691,0.979392,0.600028,0.44223,0.084864,0.978592,0.610922,0.459089,0.200078,0.987715,0.583972,0.443693,0.117167,0.987026,0.595958,0.478078,0.185564,0.997562,0.508811,0.450536,0.102061,0.996534,0.551588,0.650983,0.024806,0.998912,0.500799,0.632373,-0.025051,0.998256
2026-08-22 00:42:18,Night_001,No Person Detected,,,,,,,,,,,,,,,,,,,,,,,,,,,,,,,,
2026-08-22 00:42:20,Night_001,Right Side,0.61543,0.441494,0.134796,0.984123,0.59631,0.434511,0.120994,0.983089,0.610255,0.451697,0.24408,0.990507,0.580785,0.439229,0.181034,0.989298,0.607385,0.468443,0.226943,0.998327,0.513973,0.457729,0.153173,0.996714,0.570294,0.634924,0.02412,0.999254,0.520115,0.628844,-0.024345,0.998679
2026-08-22 00:42:20,Night_001,No Person Detected,,,,,,,,,,,,,,,,,,,,,,,,,,,,,,,,
2026-08-22 00:42:21,Night_001,Right Side,0.619451,0.447936,0.176361,0.984939,0.601377,0.441402,0.15829,0.983928,0.615205,0.453662,0.28554,0.990904,0.584998,0.443114,0.202882,0.989625,0.614364,0.478178,0.258187,0.998424,0.532068,0.459661,0.177249,0.996777,0.57923,0.647553,0.026316,0.999255,0.534121,0.639495,-0.026647,0.998651
2026-08-22 00:42:21,Night_001,No Person Detected,,,,,,,,,,,,,,,,,,,,,,,,,,,,,,,,
2026-08-22 00:42:23,Night_001,Right Side,0.617013,0.448199,0.092753,0.987485,0.599443,0.440138,0.077885,0.98627,0.612679,0.457079,0.198067,0.992447,0.583571,0.439707,0.129113,0.991727,0.611778,0.495738,0.188295,0.998659,0.516986,0.463742,0.118756,0.996594,0.562322,0.642982,0.020545,0.999281,0.511481,0.624957,-0.020658,0.998708
2026-08-22 00:42:23,Night_001,No Person Detected,,,,,,,,,,,,,,,,,,,,,,,,,,,,,,,,
2026-08-22 00:42:25,Night_001,Right Side,0.614496,0.447761,0.21306,0.981052,0.597262,0.441054,0.200923,0.979389,0.612947,0.453292,0.301893,0.987986,0.585207,0.445371,0.247831,0.987046,0.613735,0.465426,0.257076,0.998407,0.538479,0.455459,0.202229,0.996083,0.574136,0.62859,0.016549,0.999248,0.531271,0.62669,-0.016922,0.998645
2026-08-22 00:42:25,Night_001,No Person Detected,,,,,,,,,,,,,,,,,,,,,,,,,,,,,,,,
2026-08-22 00:42:26,Night_001,Right Side,0.618063,0.456232,0.104342,0.980063,0.60115,0.446259,0.087334,0.978297,0.615647,0.461418,0.198931,0.98769,0.586352,0.444843,0.11985,0.986209,0.603174,0.486066,0.181403,0.998471,0.540829,0.454729,0.125714,0.996283,0.554277,0.644281,0.024983,0.999244,0.518818,0.632913,-0.025396,0.998667
2026-08-22 00:42:26,Night_001,No Person Detected,,,,,,,,,,,,,,,,,,,,,,,,,,,,,,,,
2026-08-22 00:42:26,Night_001,Right Side,0.616324,0.450546,0.104744,0.981334,0.598384,0.439815,0.091485,0.979604,0.613895,0.460433,0.206769,0.988559,0.583975,0.442101,0.14445,0.987113,0.60473,0.500287,0.194648,0.998531,0.515817,0.459696,0.130602,0.996553,0.566775,0.631833,0.032698,0.999116,0.505755,0.619887,-0.032833,0.998629
2026-08-22 00:42:26,Night_001,No Person Detected,,,,,,,,,,,,,,,,,,,,,,,,,,,,,,,,
2026-08-22 00:42:28,Night_001,Right Side,0.611893,0.43918,0.12616,0.979317,0.590819,0.435788,0.114567,0.976989,0.615508,0.447399,0.230454,0.987091,0.580138,0.443048,0.179341,0.98485,0.63404,0.469419,0.203828,0.998605,0.528043,0.473747,0.179272,0.995535,0.59393,0.634059,-0.001586,0.999101,0.540499,0.631445,0.001239,0.998397
2026-08-22 00:42:28,Night_001,No Person Detected,,,,,,,,,,,,,,,,,,,,,,,,,,,,,,,,
2026-08-22 00:42:28,Night_001,Right Side,0.615111,0.445251,0.179009,0.97827,0.596434,0.439679,0.16242,0.976305,0.612551,0.453717,0.291253,0.986281,0.579944,0.441382,0.214774,0.984318,0.607557,0.475165,0.25952,0.998515,0.513689,0.458994,0.179105,0.995591,0.571069,0.638005,0.027028,0.99901,0.517207,0.627854,-0.027305,0.998255
2026-08-22 00:42:29,Night_001,No Person Detected,,,,,,,,,,,,,,,,,,,,,,,,,,,,,,,,
2026-08-22 00:42:29,Night_001,Right Side,0.613987,0.445771,0.177141,0.975935,0.597131,0.439877,0.162185,0.974298,0.608913,0.451287,0.277536,0.985663,0.582657,0.443235,0.20906,0.984419,0.605201,0.4685,0.251236,0.998496,0.523972,0.451057,0.165428,0.995686,0.56705,0.635746,0.029927,0.999171,0.515371,0.626249,-0.030204,0.998537
2026-08-22 00:42:29,Night_001,No Person Detected,,,,,,,,,,,,,,,,,,,,,,,,,,,,,,,,
2026-08-22 00:42:30,Night_001,Right Side,0.618675,0.448395,0.207695,0.977866,0.597982,0.439089,0.19254,0.976359,0.614142,0.457787,0.319887,0.986848,0.582401,0.441753,0.250025,0.985666,0.605099,0.488661,0.28103,0.998531,0.517939,0.460063,0.219838,0.995986,0.568726,0.636878,0.019431,0.999213,0.518555,0.623986,-0.019721,0.998618
2026-08-22 00:42:30,Night_001,No Person Detected,,,,,,,,,,,,,,,,,,,,,,,,,,,,,,,,
2026-08-22 00:42:30,Night_001,Right Side,0.61542,0.458609,0.24905,0.9788,0.603017,0.448049,0.228185,0.975654,0.610655,0.460028,0.351514,0.987373,0.588358,0.443928,0.255826,0.983649,0.596188,0.494003,0.346053,0.997456,0.548944,0.443077,0.15053,0.996265,0.56661,0.616993,0.070175,0.999181,0.527545,0.601262,-0.070274,0.998633
2026-08-22 00:42:30,Night_001,No Person Detected,,,,,,,,,,,,,,,,,,,,,,,,,,,,,,,,
2026-08-22 00:42:31,Night_001,Right Side,0.621831,0.449525,0.054187,0.98021,0.604667,0.436404,0.039705,0.977386,0.619922,0.459808,0.164905,0.988239,0.586181,0.440231,0.097313,0.984886,0.615067,0.496028,0.166974,0.997598,0.523167,0.460597,0.092584,0.996523,0.566671,0.642656,0.040638,0.998971,0.505126,0.625113,-0.040809,0.998485
2026-08-22 00:42:31,Night_001,No Person Detected,,,,,,,,,,,,,,,,,,,,,,,,,,,,,,,,
2026-08-22 00:42:33,Night_001,Right Side,0.616631,0.448804,0.145604,0.981393,0.599156,0.436577,0.130171,0.978897,0.61529,0.457534,0.259624,0.989081,0.582103,0.436297,0.187808,0.986123,0.607266,0.491815,0.251004,0.997753,0.514936,0.460376,0.176582,0.996794,0.562584,0.639881,0.032737,0.998964,0.501069,0.623163,-0.032928,0.998511
2026-08-22 00:42:33,Night_001,No Person Detected,,,,,,,,,,,,,,,,,,,,,,,,,,,,,,,,
2026-08-22 00:42:34,Night_001,Right Side,0.615461,0.451441,0.160171,0.981759,0.599189,0.441456,0.144067,0.979592,0.612497,0.458739,0.275583,0.989238,0.583346,0.443407,0.20095,0.986607,0.605732,0.483306,0.254191,0.997605,0.517102,0.450603,0.169197,0.996782,0.562563,0.641425,0.035278,0.998992,0.510259,0.622905,-0.035431,0.998497
2026-08-22 00:42:34,Night_001,No Person Detected,,,,,,,,,,,,,,,,,,,,,,,,,,,,,,,,
2026-08-22 00:42:34,Night_001,Right Side,0.617758,0.445408,0.137453,0.980254,0.598228,0.437255,0.123379,0.977955,0.615996,0.453149,0.246029,0.988139,0.582116,0.440454,0.180754,0.984837,0.614074,0.472105,0.226016,0.997687,0.517894,0.452927,0.164669,0.996531,0.573179,0.633673,0.017315,0.999037,0.520297,0.619776,-0.017434,0.998522
2026-08-22 00:42:35,Night_001,No Person Detected,,,,,,,,,,,,,,,,,,,,,,,,,,,,,,,,
2026-08-22 00:42:37,Night_001,Right Side,0.617815,0.457785,0.236964,0.982782,0.604157,0.444222,0.218998,0.980994,0.61326,0.462399,0.35327,0.988961,0.589314,0.440626,0.26857,0.986775,0.596262,0.513591,0.351476,0.997444,0.537321,0.452119,0.194639,0.997103,0.559964,0.617679,0.069208,0.999022,0.5179,0.593291,-0.069624,0.998487
2026-08-22 00:42:37,Night_001,No Person Detected,,,,,,,,,,,,,,,,,,,,,,,,,,,,,,,,
2026-08-22 00:42:37,Night_001,Right Side,0.621924,0.448005,0.16331,0.983408,0.60324,0.439201,0.150455,0.981582,0.619729,0.458674,0.270997,0.989271,0.585177,0.441931,0.21118,0.987169,0.62079,0.485475,0.242053,0.997377,0.527961,0.46071,0.183892,0.996658,0.580139,0.626611,0.019323,0.998966,0.521439,0.613759,-0.019476,0.99836
2026-08-22 00:42:37,Night_001,No Person Detected,,,,,,,,,,,,,,,,,,,,,,,,,,,,,,,,
2026-08-22 00:42:38,Night_001,Right Side,0.614298,0.443503,0.189891,0.979259,0.594466,0.437186,0.17608,0.977289,0.613403,0.45268,0.291997,0.986424,0.580575,0.442148,0.229538,0.983786,0.608999,0.467368,0.261551,0.997361,0.527327,0.456833,0.184685,0.996496,0.573001,0.631301,0.037776,0.999017,0.52843,0.627481,-0.038207,0.998405
2026-08-22 00:42:38,Night_001,No Person Detected,,,,,,,,,,,,,,,,,,,,,,,,,,,,,,,,
2026-08-22 00:42:40,Night_001,Right Side,0.620449,0.441538,0.088911,0.978467,0.60029,0.432435,0.073151,0.976669,0.618765,0.453719,0.210161,0.985572,0.579431,0.436622,0.134221,0.982877,0.612885,0.495336,0.195724,0.99742,0.511268,0.457462,0.130959,0.995822,0.572524,0.665873,0.020476,0.998986,0.50786,0.635104,-0.020384,0.998182
2026-08-22 00:42:40,Night_001,No Person Detected,,,,,,,,,,,,,,,,,,,,,,,,,,,,,,,,
2026-08-22 00:42:42,Night_001,Right Side,0.618078,0.452738,0.161099,0.979726,0.603239,0.443656,0.14561,0.978049,0.612342,0.460436,0.256288,0.986549,0.586962,0.443956,0.183579,0.984103,0.600815,0.484967,0.219263,0.997587,0.525926,0.45883,0.176043,0.995999,0.55433,0.638895,0.00811,0.999061,0.517501,0.627953,-0.00862,0.998298
2026-08-22 00:42:42,Night_001,No Person Detected,,,,,,,,,,,,,,,,,,,,,,,,,,,,,,,,
2026-08-22 00:42:43,Night_001,Right Side,0.618379,0.448718,0.195601,0.981344,0.600268,0.436809,0.178799,0.979772,0.615052,0.459228,0.306829,0.987682,0.584549,0.441961,0.229318,0.98545,0.606634,0.483403,0.277344,0.997754,0.518327,0.45884,0.189195,0.996283,0.568276,0.632939,0.03049,0.999121,0.515825,0.622081,-0.030801,0.998413
2026-08-22 00:42:43,Night_001,No Person Detected,,,,,,,,,,,,,,,,,,,,,,,,,,,,,,,,
2026-08-22 00:42:43,Night_001,Right Side,0.617226,0.448255,0.177517,0.982351,0.598818,0.439007,0.162969,0.980716,0.615577,0.456398,0.28401,0.988347,0.584305,0.441635,0.215443,0.985969,0.602286,0.484075,0.248513,0.997845,0.518514,0.455841,0.181531,0.99636,0.561901,0.635133,0.027398,0.999148,0.515912,0.625169,-0.027641,0.998446
2026-08-22 00:42:43,Night_001,No Person Detected,,,,,,,,,,,,,,,,,,,,,,,,,,,,,,,,
2026-08-22 00:42:45,Night_001,Right Side,0.617544,0.445807,0.125066,0.980884,0.600098,0.438164,0.109641,0.979335,0.616106,0.454378,0.235844,0.987383,0.583136,0.440478,0.164949,0.984581,0.608864,0.479383,0.220209,0.997826,0.520863,0.455892,0.142353,0.996278,0.569385,0.638285,0.02857,0.99919,0.521448,0.625918,-0.028864,0.998498
2026-08-22 00:42:46,Night_001,No Person Detected,,,,,,,,,,,,,,,,,,,,,,,,,,,,,,,,
2026-08-22 00:42:46,Night_001,Right Side,0.61474,0.451135,0.150362,0.979821,0.596825,0.441213,0.13499,0.978004,0.612798,0.458884,0.257099,0.98736,0.580821,0.442036,0.186998,0.984568,0.607666,0.481714,0.240897,0.997839,0.514494,0.456468,0.159236,0.99639,0.564108,0.640061,0.028539,0.999228,0.507435,0.622297,-0.028809,0.998582
2026-08-22 00:42:46,Night_001,No Person Detected,,,,,,,,,,,,,,,,,,,,,,,,,,,,,,,,
2026-08-22 00:42:47,Night_001,Right Side,0.615293,0.445898,0.125746,0.979438,0.597732,0.438356,0.109591,0.977445,0.614088,0.4529,0.240383,0.987112,0.58163,0.44057,0.165169,0.984031,0.607048,0.467191,0.216457,0.997969,0.515463,0.451425,0.149319,0.99641,0.564486,0.634363,0.01285,0.999276,0.524505,0.622075,-0.013093,0.998632
2026-08-22 00:42:47,Night_001,No Person Detected,,,,,,,,,,,,,,,,,,,,,,,,,,,,,,,,
2026-08-22 00:42:50,Night_001,Right Side,0.618566,0.446207,0.163907,0.976913,0.599878,0.437907,0.149456,0.974653,0.615637,0.455179,0.269991,0.985551,0.582451,0.441292,0.201947,0.981831,0.610527,0.46857,0.23026,0.997995,0.521454,0.452592,0.186669,0.995678,0.57053,0.634849,0.0063,0.999236,0.520106,0.624394,-0.006501,0.998488
2026-08-22 00:42:50,Night_001,No Person Detected,,,,,,,,,,,,,,,,,,,,,,,,,,,,,,,,
2026-08-22 00:42:51,Night_001,Right Side,0.617349,0.450918,0.226227,0.979585,0.598596,0.44296,0.212012,0.977488,0.612753,0.457358,0.312639,0.98712,0.583254,0.442962,0.247158,0.983808,0.605364,0.472484,0.259513,0.998323,0.54626,0.453648,0.207264,0.996351,0.570526,0.627855,0.021699,0.999366,0.53613,0.621691,-0.022225,0.998747
2026-08-22 00:42:51,Night_001,No Person Detected,,,,,,,,,,,,,,,,,,,,,,,,,,,,,,,,
2026-08-22 00:42:55,Night_001,Right Side,0.614729,0.460373,0.413618,0.981617,0.603952,0.446268,0.392052,0.979714,0.611191,0.465496,0.560477,0.988399,0.588137,0.438954,0.46139,0.985406,0.58785,0.520618,0.530844,0.9983,0.532997,0.448277,0.362748,0.996683,0.555505,0.616405,0.057166,0.999292,0.510441,0.581874,-0.057553,0.99874
2026-08-22 00:42:55,Night_001,No Person Detected,,,,,,,,,,,,,,,,,,,,,,,,,,,,,,,,
2026-08-22 00:42:56,Night_001,Right Side,0.621048,0.449266,0.188714,0.979137,0.59953,0.438749,0.173968,0.977275,0.616545,0.456944,0.299027,0.98638,0.583877,0.440874,0.231697,0.983435,0.614602,0.483641,0.271192,0.998126,0.520907,0.454551,0.206867,0.996551,0.577604,0.632379,0.023569,0.999256,0.516076,0.62063,-0.023764,0.99872
2026-08-22 00:42:56,Night_001,No Person Detected,,,,,,,,,,,,,,,,,,,,,,,,,,,,,,,,
2026-08-22 00:42:57,Night_001,Right Side,0.616095,0.448806,0.131274,0.978027,0.598028,0.440275,0.116587,0.975261,0.614085,0.456452,0.225662,0.985747,0.584644,0.440883,0.157946,0.981502,0.606072,0.471423,0.203672,0.998179,0.524371,0.450529,0.142794,0.99643,0.563586,0.633253,0.016702,0.999274,0.518677,0.627493,-0.016978,0.998718
2026-08-22 00:42:57,Night_001,No Person Detected,,,,,,,,,,,,,,,,,,,,,,,,,,,,,,,,
2026-08-22 00:42:58,Night_001,Right Side,0.618018,0.447325,0.16663,0.974703,0.59798,0.438355,0.152503,0.972049,0.614121,0.457078,0.266942,0.983774,0.58374,0.441871,0.20265,0.979403,0.612474,0.473429,0.243253,0.997767,0.526206,0.450593,0.180051,0.995652,0.570674,0.633768,0.024875,0.999153,0.519148,0.622383,-0.025103,0.998441
2026-08-22 00:42:58,Night_001,No Person Detected,,,,,,,,,,,,,,,,,,,,,,,,,,,,,,,,
2026-08-22 00:42:59,Night_001,Right Side,0.616887,0.452374,0.162583,0.97646,0.599812,0.443215,0.14703,0.974033,0.613649,0.460977,0.275097,0.985024,0.583368,0.442861,0.203282,0.981122,0.60695,0.493279,0.253186,0.997854,0.513641,0.458299,0.176891,0.995984,0.563468,0.641783,0.028829,0.999146,0.506144,0.623008,-0.029093,0.998484
2026-08-22 00:42:59,Night_001,No Person Detected,,,,,,,,,,,,,,,,,,,,,,,,,,,,,,,,
2026-08-22 00:43:00,Night_001,Right Side,0.618493,0.448339,0.096287,0.975915,0.601805,0.437546,0.084358,0.973903,0.616863,0.459023,0.19385,0.985046,0.584282,0.43782,0.137188,0.981677,0.613791,0.493153,0.183047,0.997756,0.515679,0.461264,0.133738,0.995463,0.559117,0.646155,0.01489,0.998931,0.505371,0.621031,-0.014849,0.997961
2026-08-22 00:43:00,Night_001,No Person Detected,,,,,,,,,,,,,,,,,,,,,,,,,,,,,,,,
2026-08-22 00:43:02,Night_001,Right Side,0.615513,0.440839,0.114843,0.97113,0.595763,0.435302,0.096625,0.968693,0.614687,0.44782,0.235954,0.98209,0.580143,0.440673,0.153502,0.977893,0.608236,0.466215,0.216987,0.997744,0.522007,0.451004,0.13129,0.995309,0.568437,0.65084,0.022152,0.998944,0.524333,0.641846,-0.022619,0.997945
2026-08-22 00:43:03,Night_001,No Person Detected,,,,,,,,,,,,,,,,,,,,,,,,,,,,,,,,
2026-08-22 00:43:03,Night_001,Right Side,0.616552,0.450088,0.178633,0.979428,0.600336,0.439144,0.166219,0.977676,0.615622,0.460868,0.283254,0.986952,0.585235,0.44174,0.226389,0.984596,0.608702,0.497669,0.254149,0.998222,0.523784,0.456272,0.185855,0.996033,0.570343,0.63302,0.024683,0.999209,0.517032,0.617573,-0.025019,0.998446
2026-08-22 00:43:03,Night_001,No Person Detected,,,,,,,,,,,,,,,,,,,,,,,,,,,,,,,,
2026-08-22 00:43:04,Night_001,Right Side,0.616971,0.450244,0.176868,0.971197,0.598276,0.445014,0.160176,0.968453,0.611929,0.454272,0.241621,0.980434,0.583334,0.447129,0.166897,0.975547,0.59845,0.461289,0.206304,0.998034,0.551846,0.462756,0.115198,0.99591,0.572229,0.628173,0.034348,0.999239,0.543303,0.630516,-0.034871,0.998493
2026-08-22 00:43:04,Night_001,No Person Detected,,,,,,,,,,,,,,,,,,,,,,,,,,,,,,,,
2026-08-22 00:43:06,Night_001,Right Side,0.616135,0.448705,0.161259,0.973683,0.600811,0.436146,0.148804,0.971094,0.615421,0.461127,0.261595,0.982063,0.584485,0.439576,0.203633,0.977536,0.605296,0.499021,0.238225,0.998072,0.520262,0.461762,0.1798,0.996201,0.564632,0.634881,0.023807,0.999265,0.511107,0.618554,-0.024102,0.998594
2026-08-22 00:43:06,Night_001,No Person Detected,,,,,,,,,,,,,,,,,,,,,,,,,,,,,,,,
2026-08-22 00:43:06,Night_001,Right Side,0.618909,0.446358,0.131355,0.974071,0.600524,0.435729,0.116947,0.971807,0.618142,0.45662,0.244373,0.982552,0.58429,0.438396,0.176791,0.97825,0.611282,0.494303,0.226054,0.998071,0.516529,0.464996,0.16419,0.996091,0.568127,0.636751,0.022244,0.999259,0.508453,0.616983,-0.022422,0.998551
2026-08-22 00:43:06,Night_001,No Person Detected,,,,,,,,,,,,,,,,,,,,,,,,,,,,,,,,
2026-08-22 00:43:07,Night_001,Right Side,0.61964,0.449384,0.160266,0.974997,0.603006,0.440524,0.143954,0.973005,0.617344,0.459913,0.272499,0.983276,0.584716,0.442995,0.196907,0.979536,0.612817,0.483265,0.249027,0.997994,0.515571,0.459625,0.162939,0.99624,0.573864,0.638488,0.032133,0.999207,0.51373,0.622748,-0.032323,0.998503
2026-08-22 00:43:07,Night_001,No Person Detected,,,,,,,,,,,,,,,,,,,,,,,,,,,,,,,,
2026-08-22 00:43:07,Night_001,Right Side,0.618289,0.447648,0.152163,0.977172,0.600891,0.440848,0.134305,0.975446,0.614033,0.454762,0.238512,0.984365,0.584666,0.442984,0.154476,0.981551,0.596295,0.46659,0.200854,0.99823,0.545689,0.461825,0.12076,0.996658,0.564149,0.639991,0.024707,0.999327,0.544204,0.638841,-0.025224,0.998713
2026-08-22 00:43:07,Night_001,No Person Detected,,,,,,,,,,,,,,,,,,,,,,,,,,,,,,,,
2026-08-22 00:43:07,Night_001,Right Side,0.615546,0.450776,0.095688,0.976439,0.600175,0.442522,0.08577,0.974011,0.615129,0.461064,0.192977,0.984603,0.585464,0.44427,0.146888,0.981047,0.61393,0.487782,0.17303,0.998338,0.518896,0.46691,0.140326,0.996706,0.565632,0.64086,0.013815,0.99928,0.513283,0.628212,-0.014055,0.998714
2026-08-22 00:43:07,Night_001,No Person Detected,,,,,,,,,,,,,,,,,,,,,,,,,,,,,,,,
2026-08-22 00:43:09,Night_001,Right Side,0.613728,0.437788,0.171848,0.974795,0.593284,0.429192,0.155691,0.972444,0.610287,0.450453,0.291278,0.983017,0.57994,0.440549,0.214519,0.979504,0.609323,0.482931,0.250521,0.998223,0.511206,0.45513,0.182235,0.996064,0.574648,0.650839,0.01625,0.999155,0.516237,0.631942,-0.016338,0.998471
2026-08-22 00:43:09,Night_001,No Person Detected,,,,,,,,,,,,,,,,,,,,,,,,,,,,,,,,
2026-08-22 00:43:09,Night_001,Right Side,0.618507,0.449305,0.110887,0.980137,0.60282,0.435558,0.102042,0.978067,0.617323,0.465648,0.222939,0.986689,0.585565,0.440166,0.180712,0.984029,0.613627,0.511724,0.202334,0.998485,0.52062,0.468905,0.168706,0.995405,0.556011,0.654563,0.014991,0.999204,0.500634,0.633176,-0.015152,0.998586
2026-08-22 00:43:09,Night_001,No Person Detected,,,,,,,,,,,,,,,,,,,,,,,,,,,,,,,,
2026-08-22 00:43:10,Night_001,Right Side,0.617487,0.449352,0.19053,0.979398,0.598705,0.440454,0.172026,0.97733,0.614266,0.45635,0.308281,0.986129,0.581066,0.442191,0.223657,0.98324,0.607086,0.485899,0.287261,0.998476,0.521359,0.454213,0.188014,0.995713,0.574981,0.627423,0.042825,0.999201,0.518838,0.615442,-0.043049,0.998629
2026-08-22 00:43:10,Night_001,No Person Detected,,,,,,,,,,,,,,,,,,,,,,,,,,,,,,,,
2026-08-22 00:43:11,Night_001,Right Side,0.615316,0.451982,0.135643,0.980046,0.598472,0.442696,0.122755,0.978083,0.614066,0.45959,0.243216,0.986803,0.582659,0.443029,0.183543,0.984207,0.614229,0.486945,0.231117,0.998385,0.517216,0.45942,0.160884,0.995848,0.571698,0.639214,0.02724,0.999166,0.512196,0.622196,-0.027402,0.998596
2026-08-22 00:43:11,Night_001,No Person Detected,,,,,,,,,,,,,,,,,,,,,,,,,,,,,,,,
2026-08-22 00:43:13,Night_001,Right Side,0.617798,0.452353,0.190712,0.981627,0.60385,0.440342,0.174879,0.97974,0.615532,0.458273,0.319325,0.987784,0.589304,0.43856,0.246216,0.985204,0.615466,0.50736,0.316468,0.997433,0.535551,0.45047,0.204474,0.996,0.576447,0.612885,0.043233,0.999062,0.521074,0.585207,-0.04333,0.998627
2026-08-22 00:43:13,Night_001,No Person Detected,,,,,,,,,,,,,,,,,,,,,,,,,,,,,,,,
2026-08-22 00:43:15,Night_001,Right Side,0.61442,0.460056,0.212887,0.975124,0.60502,0.453602,0.197302,0.972217,0.60887,0.459167,0.230913,0.984712,0.594054,0.451804,0.158038,0.977663,0.566704,0.449723,0.149803,0.997526,0.576054,0.452633,0.118277,0.996091,0.540072,0.620945,0.022669,0.999107,0.544857,0.619501,-0.023138,0.998675
2026-08-22 00:43:15,Night_001,No Person Detected,,,,,,,,,,,,,,,,,,,,,,,,,,,,,,,,
2026-08-22 00:43:15,Night_001,Right Side,0.616019,0.444787,0.185152,0.973628,0.59576,0.437503,0.167917,0.971143,0.613555,0.453291,0.285375,0.983934,0.581842,0.441384,0.208007,0.976744,0.61007,0.472702,0.252244,0.997542,0.525965,0.455745,0.173735,0.996,0.575148,0.636893,0.028467,0.999095,0.528199,0.629903,-0.028876,0.998637
2026-08-22 00:43:16,Night_001,No Person Detected,,,,,,,,,,,,,,,,,,,,,,,,,,,,,,,,
2026-08-22 00:43:18,Night_001,Right Side,0.61762,0.446131,0.158375,0.976,0.599381,0.434476,0.14367,0.97367,0.617115,0.458351,0.262623,0.985323,0.583917,0.437141,0.193133,0.97875,0.609111,0.495984,0.23314,0.997711,0.510334,0.46185,0.18044,0.996268,0.575069,0.626814,0.022689,0.99913,0.51401,0.621091,-0.022889,0.998701
2026-08-22 00:43:18,Night_001,No Person Detected,,,,,,,,,,,,,,,,,,,,,,,,,,,,,,,,
2026-08-22 00:43:20,Night_001,Right Side,0.617298,0.451927,0.178207,0.977777,0.600266,0.441296,0.163302,0.975606,0.616603,0.461964,0.282986,0.986419,0.584959,0.442023,0.214043,0.980522,0.607449,0.494523,0.260333,0.997797,0.517961,0.457224,0.181277,0.996579,0.566996,0.633673,0.032522,0.999158,0.514963,0.618019,-0.032827,0.998764
2026-08-22 00:43:20,Night_001,No Person Detected,,,,,,,,,,,,,,,,,,,,,,,,,,,,,,,,
2026-08-22 00:43:20,Night_001,Right Side,0.615116,0.449795,0.164878,0.978343,0.59682,0.439547,0.14911,0.976209,0.612145,0.457799,0.267566,0.986512,0.580224,0.442426,0.194487,0.980579,0.601694,0.480237,0.242291,0.997719,0.516302,0.451129,0.169071,0.996593,0.564794,0.62649,0.030147,0.999179,0.514235,0.619495,-0.030408,0.998776
2026-08-22 00:43:20,Night_001,No Person Detected,,,,,,,,,,,,,,,,,,,,,,,,,,,,,,,,
2026-08-22 00:43:23,Night_001,Right Side,0.616712,0.44895,0.169868,0.978988,0.598952,0.436994,0.155125,0.976843,0.61318,0.459924,0.271021,0.986974,0.583958,0.442523,0.203375,0.981344,0.609292,0.489622,0.246385,0.997564,0.517162,0.459736,0.167301,0.996558,0.565935,0.639807,0.030671,0.999144,0.511931,0.625224,-0.030896,0.998735
2026-08-22 00:43:23,Night_001,No Person Detected,,,,,,,,,,,,,,,,,,,,,,,,,,,,,,,,
2026-08-22 00:43:24,Night_001,Right Side,0.617773,0.449331,0.196871,0.981349,0.600317,0.437603,0.182939,0.979356,0.617267,0.462144,0.308079,0.988409,0.58507,0.438176,0.243491,0.983826,0.613468,0.495345,0.276199,0.997814,0.53079,0.459378,0.203053,0.996829,0.579551,0.621962,0.030154,0.999223,0.524443,0.606269,-0.030414,0.998831
2026-08-22 00:43:24,Night_001,No Person Detected,,,,,,,,,,,,,,,,,,,,,,,,,,,,,,,,
2026-08-22 00:43:24,Night_001,Right Side,0.608831,0.454012,0.213653,0.97957,0.600657,0.449055,0.199256,0.977099,0.600379,0.453357,0.25078,0.987665,0.586546,0.4456,0.18308,0.982363,0.561745,0.455948,0.176231,0.997986,0.554113,0.466939,0.159141,0.99697,0.533089,0.623578,0.003381,0.999288,0.52676,0.628085,-0.003951,0.998921
2026-08-22 00:43:24,Night_001,No Person Detected,,,,,,,,,,,,,,,,,,,,,,,,,,,,,,,,
2026-08-22 00:43:26,Night_001,Right Side,0.617021,0.444917,0.138216,0.982439,0.59785,0.437957,0.123627,0.980376,0.615199,0.454955,0.259107,0.989163,0.580381,0.441424,0.190229,0.984841,0.617286,0.499021,0.224833,0.998238,0.514281,0.46553,0.177881,0.997017,0.582486,0.653982,0.006386,0.999163,0.522992,0.633098,-0.006441,0.99867
2026-08-22 00:43:26,Night_001,No Person Detected,,,,,,,,,,,,,,,,,,,,,,,,,,,,,,,,
2026-08-22 00:43:27,Night_001,Right Side,0.61477,0.454157,0.121332,0.981534,0.599258,0.446756,0.108074,0.979364,0.614899,0.461314,0.197399,0.98933,0.587003,0.448087,0.136639,0.984394,0.603199,0.482949,0.16979,0.998472,0.527969,0.459683,0.1192,0.997427,0.557169,0.64636,0.023252,0.99927,0.511691,0.635933,-0.0236,0.998904
2026-08-22 00:43:27,Night_001,No Person Detected,,,,,,,,,,,,,,,,,,,,,,,,,,,,,,,,
2026-08-22 00:43:29,Night_001,Right Side,0.616418,0.445603,0.152406,0.981778,0.597505,0.433022,0.140527,0.979573,0.614273,0.456082,0.253,0.989285,0.582345,0.43987,0.197823,0.984767,0.607653,0.490763,0.240567,0.998289,0.516415,0.454392,0.172152,0.997452,0.562469,0.635128,0.031388,0.999186,0.502543,0.619371,-0.031652,0.998862
2026-08-22 00:43:29,Night_001,No Person Detected,,,,,,,,,,,,,,,,,,,,,,,,,,,,,,,,
2026-08-22 00:43:31,Night_001,Right Side,0.617154,0.451671,0.079499,0.982572,0.598979,0.44151,0.067002,0.980589,0.615991,0.45895,0.180977,0.989801,0.582541,0.442897,0.123137,0.98575,0.616753,0.486936,0.180906,0.998268,0.523754,0.463016,0.120989,0.997359,0.565866,0.638467,0.017737,0.999167,0.517651,0.623515,-0.017861,0.998783
2026-08-22 00:43:31,Night_001,No Person Detected,,,,,,,,,,,,,,,,,,,,,,,,,,,,,,,,
2026-08-22 00:43:31,Night_001,Right Side,0.619937,0.453184,0.180501,0.982908,0.602659,0.443441,0.164258,0.980991,0.61441,0.459141,0.283601,0.990043,0.585006,0.442964,0.209003,0.986287,0.607283,0.48864,0.257131,0.998253,0.527943,0.454025,0.185327,0.997415,0.565752,0.643785,0.028004,0.999181,0.516224,0.628525,-0.028419,0.998779
2026-08-22 00:43:31,Night_001,No Person Detected,,,,,,,,,,,,,,,,,,,,,,,,,,,,,,,,
2026-08-22 00:43:33,Night_001,Right Side,0.616383,0.449531,0.178273,0.98179,0.600933,0.438103,0.164587,0.979231,0.6145,0.459934,0.279896,0.989286,0.584845,0.442041,0.217372,0.98562,0.608897,0.485225,0.254349,0.998006,0.526332,0.452139,0.182894,0.997155,0.56924,0.626622,0.020595,0.999133,0.518664,0.612078,-0.020852,0.998689
2026-08-22 00:43:34,Night_001,No Person Detected,,,,,,,,,,,,,,,,,,,,,,,,,,,,,,,,
2026-08-22 00:43:35,Night_001,Right Side,0.619364,0.450804,0.178136,0.981472,0.601385,0.442161,0.161189,0.979686,0.615435,0.457032,0.284451,0.987811,0.585212,0.443272,0.206335,0.986111,0.607817,0.479748,0.24949,0.998219,0.523397,0.461739,0.168989,0.997557,0.56912,0.637979,0.032158,0.999239,0.523756,0.629783,-0.032429,0.998823
2026-08-22 00:43:35,Night_001,No Person Detected,,,,,,,,,,,,,,,,,,,,,,,,,,,,,,,,
2026-08-22 00:43:36,Night_001,Right Side,0.612528,0.446822,0.197905,0.977444,0.594082,0.438312,0.186257,0.975017,0.611568,0.456671,0.286326,0.984693,0.582402,0.442281,0.232326,0.982338,0.608681,0.477936,0.250677,0.997979,0.532452,0.452743,0.185243,0.997346,0.578055,0.611095,0.029584,0.999196,0.527005,0.599837,-0.029887,0.998769
2026-08-22 00:43:36,Night_001,No Person Detected,,,,,,,,,,,,,,,,,,,,,,,,,,,,,,,,
2026-08-22 00:43:36,Night_001,Right Side,0.620956,0.451595,0.197275,0.979407,0.603533,0.441758,0.180018,0.977134,0.615616,0.458179,0.311379,0.986012,0.585562,0.442239,0.230807,0.98382,0.603418,0.494505,0.284954,0.998053,0.519628,0.458053,0.186024,0.997496,0.568187,0.626629,0.04184,0.999214,0.515714,0.617242,-0.042068,0.998788
2026-08-22 00:43:36,Night_001,No Person Detected,,,,,,,,,,,,,,,,,,,,,,,,,,,,,,,,
2026-08-22 00:43:36,Night_001,Right Side,0.618112,0.445164,0.158013,0.980242,0.598647,0.435528,0.147498,0.978029,0.613098,0.457314,0.271337,0.986644,0.581651,0.442406,0.222651,0.984538,0.622427,0.497035,0.242992,0.998117,0.522332,0.468729,0.203551,0.997249,0.577414,0.626002,0.012258,0.999101,0.525589,0.614215,-0.012487,0.998505
2026-08-22 00:43:37,Night_001,No Person Detected,,,,,,,,,,,,,,,,,,,,,,,,,,,,,,,,
2026-08-22 00:43:38,Night_001,Right Side,0.615419,0.44291,0.158516,0.98029,0.597816,0.435255,0.144711,0.977877,0.610442,0.454075,0.264873,0.986768,0.581773,0.440121,0.201848,0.984147,0.605869,0.486815,0.233788,0.998117,0.515914,0.458645,0.173274,0.997134,0.573186,0.632614,0.024419,0.99913,0.518337,0.621328,-0.024684,0.998549
2026-08-22 00:43:38,Night_001,No Person Detected,,,,,,,,,,,,,,,,,,,,,,,,,,,,,,,,
2026-08-22 00:43:38,Night_001,Right Side,0.617625,0.461185,0.320348,0.982062,0.604533,0.445977,0.304774,0.979726,0.614278,0.467824,0.445987,0.987831,0.58789,0.438518,0.37428,0.985304,0.596194,0.517155,0.420324,0.997298,0.536688,0.452279,0.304205,0.997312,0.55597,0.621694,0.045012,0.999022,0.510224,0.592047,-0.045422,0.998514
2026-08-22 00:43:38,Night_001,No Person Detected,,,,,,,,,,,,,,,,,,,,,,,,,,,,,,,,
2026-08-22 00:43:39,Night_001,Right Side,0.614323,0.448127,0.211225,0.982574,0.596263,0.442011,0.194729,0.980271,0.612064,0.455632,0.303956,0.988341,0.582691,0.443161,0.227526,0.98571,0.599013,0.467652,0.26748,0.997495,0.536661,0.452616,0.185664,0.997482,0.56381,0.634494,0.035143,0.999102,0.526657,0.629624,-0.035602,0.99863
2026-08-22 00:43:39,Night_001,No Person Detected,,,,,,,,,,,,,,,,,,,,,,,,,,,,,,,,
2026-08-22 00:43:40,Night_001,Right Side,0.620383,0.447306,0.180374,0.983542,0.600942,0.436183,0.165784,0.982214,0.616145,0.456365,0.294291,0.988523,0.583176,0.441088,0.227168,0.987596,0.614276,0.493851,0.267237,0.997746,0.519398,0.460305,0.201648,0.997723,0.575657,0.635324,0.026193,0.999121,0.516373,0.622429,-0.026407,0.998682
2026-08-22 00:43:40,Night_001,No Person Detected,,,,,,,,,,,,,,,,,,,,,,,,,,,,,,,,
2026-08-22 00:43:42,Night_001,Right Side,0.613781,0.453245,0.147042,0.983623,0.600013,0.44372,0.131363,0.981882,0.611252,0.459762,0.240127,0.988983,0.583907,0.442241,0.168656,0.987519,0.598375,0.483113,0.220478,0.997798,0.523277,0.450581,0.156832,0.997629,0.55502,0.642609,0.018242,0.999165,0.506934,0.629763,-0.018676,0.998759
2026-08-22 00:43:42,Night_001,No Person Detected,,,,,,,,,,,,,,,,,,,,,,,,,,,,,,,,
2026-08-22 00:43:42,Night_001,Right Side,0.619817,0.447929,0.199446,0.984376,0.599555,0.438539,0.184199,0.982712,0.615522,0.45515,0.307741,0.989469,0.584256,0.440967,0.237389,0.988014,0.607835,0.47923,0.275862,0.997911,0.527024,0.459119,0.189495,0.997759,0.570721,0.629157,0.036966,0.999213,0.528399,0.622579,-0.037392,0.998816
2026-08-22 00:43:42,Night_001,No Person Detected,,,,,,,,,,,,,,,,,,,,,,,,,,,,,,,,
2026-08-22 00:43:44,Night_001,Right Side,0.618158,0.459069,0.345943,0.985492,0.602234,0.446225,0.323606,0.983361,0.613735,0.462691,0.492464,0.990066,0.586425,0.441661,0.390969,0.987963,0.605446,0.513954,0.465053,0.997643,0.529298,0.454984,0.279479,0.997896,0.571771,0.615053,0.056506,0.999236,0.515194,0.587744,-0.056844,0.998864
2026-08-22 00:43:44,Night_001,No Person Detected,,,,,,,,,,,,,,,,,,,,,,,,,,,,,,,,
2026-08-22 00:43:46,Night_001,Right Side,0.619929,0.452554,0.112415,0.9863,0.6027,0.437412,0.102818,0.984288,0.620249,0.465602,0.211037,0.990613,0.587296,0.441129,0.166377,0.988615,0.613407,0.505303,0.187665,0.997785,0.524871,0.470341,0.163666,0.997826,0.569026,0.633967,0.013249,0.999074,0.512275,0.622641,-0.013428,0.99877
2026-08-22 00:43:46,Night_001,No Person Detected,,,,,,,,,,,,,,,,,,,,,,,,,,,,,,,,
2026-08-22 00:43:49,Night_001,Right Side,0.618227,0.448334,0.088254,0.985927,0.599857,0.437153,0.077133,0.984074,0.615468,0.459159,0.191737,0.990579,0.585396,0.443106,0.139354,0.988742,0.617022,0.490629,0.178925,0.997803,0.518643,0.460003,0.129204,0.99765,0.571293,0.640376,0.018568,0.999111,0.515265,0.620736,-0.018705,0.998787
2026-08-22 00:43:49,Night_001,No Person Detected,,,,,,,,,,,,,,,,,,,,,,,,,,,,,,,,
2026-08-22 00:43:49,Night_001,Right Side,0.618786,0.440792,0.147473,0.986558,0.598066,0.432715,0.135986,0.984818,0.61896,0.453899,0.259721,0.990996,0.583724,0.438414,0.206276,0.989311,0.616464,0.487461,0.24047,0.997933,0.516383,0.46558,0.191733,0.99758,0.575219,0.63144,0.023573,0.999021,0.51276,0.613526,-0.023719,0.998571
2026-08-22 00:43:49,Night_001,No Person Detected,,,,,,,,,,,,,,,,,,,,,,,,,,,,,,,,
2026-08-22 00:43:50,Night_001,Right Side,0.616362,0.454441,0.300557,0.987165,0.602213,0.441151,0.281165,0.985169,0.614682,0.462204,0.447265,0.991333,0.586502,0.438258,0.360339,0.989203,0.609847,0.509167,0.430647,0.997375,0.532637,0.444785,0.278064,0.997692,0.57766,0.617102,0.046281,0.999086,0.520384,0.588373,-0.046476,0.998685
2026-08-22 00:43:50,Night_001,No Person Detected,,,,,,,,,,,,,,,,,,,,,,,,,,,,,,,,
2026-08-22 00:43:51,Night_001,Right Side,0.617333,0.453575,0.154761,0.987769,0.599534,0.440124,0.139567,0.986072,0.616224,0.464633,0.264566,0.991834,0.584431,0.440273,0.192679,0.990041,0.602952,0.497135,0.237384,0.997496,0.521656,0.463797,0.187518,0.997747,0.552948,0.641952,0.013177,0.999036,0.504026,0.625531,-0.01346,0.998587
2026-08-22 00:43:51,Night_001,No Person Detected,,,,,,,,,,,,,,,,,,,,,,,,,,,,,,,,
2026-08-22 00:43:51,Night_001,Right Side,0.617826,0.445148,0.162022,0.986687,0.59842,0.437,0.148241,0.984879,0.616096,0.456544,0.270724,0.991426,0.581844,0.43977,0.20663,0.989341,0.61268,0.48077,0.246571,0.997519,0.515284,0.45901,0.189062,0.997137,0.569007,0.633019,0.020532,0.99906,0.512789,0.619521,-0.020686,0.998542
2026-08-22 00:43:51,Night_001,No Person Detected,,,,,,,,,,,,,,,,,,,,,,,,,,,,,,,,
2026-08-22 00:43:52,Night_001,Right Side,0.616178,0.453829,0.102954,0.980666,0.59754,0.442394,0.089918,0.979221,0.614464,0.461814,0.195747,0.988828,0.581286,0.442538,0.133879,0.985865,0.60762,0.48977,0.178864,0.997551,0.521867,0.456144,0.13615,0.996447,0.555332,0.642218,0.021974,0.998998,0.502684,0.618231,-0.02208,0.998357
2026-08-22 00:43:52,Night_001,No Person Detected,,,,,,,,,,,,,,,,,,,,,,,,,,,,,,,,
2026-08-22 00:43:54,Night_001,Right Side,0.61697,0.446559,0.129272,0.974422,0.596805,0.439682,0.110619,0.971062,0.614322,0.45309,0.245761,0.983894,0.582506,0.443076,0.160528,0.977313,0.61699,0.483392,0.230229,0.997288,0.516094,0.46427,0.133476,0.995882,0.585674,0.643703,0.040801,0.998966,0.52737,0.637096,-0.041024,0.998285
2026-08-22 00:43:54,Night_001,No Person Detected,,,,,,,,,,,,,,,,,,,,,,,,,,,,,,,,
2026-08-22 00:43:58,Night_001,Right Side,0.618785,0.450757,0.140197,0.976696,0.602266,0.436006,0.128145,0.973665,0.618671,0.464379,0.246556,0.985287,0.585126,0.440269,0.190897,0.979436,0.620425,0.509637,0.237795,0.997442,0.516959,0.467631,0.170533,0.996257,0.57263,0.630295,0.030098,0.998908,0.50911,0.615773,-0.030277,0.998382
2026-08-22 00:43:58,Night_001,No Person Detected,,,,,,,,,,,,,,,,,,,,,,,,,,,,,,,,
2026-08-22 00:43:59,Night_001,Right Side,0.615461,0.449059,0.096788,0.976841,0.597271,0.440234,0.085166,0.973766,0.614374,0.459284,0.192713,0.985579,0.584958,0.44363,0.138544,0.980041,0.615688,0.481224,0.182746,0.997464,0.517778,0.45854,0.124662,0.996056,0.568027,0.63987,0.02475,0.998858,0.514422,0.62391,-0.025006,0.998245
2026-08-22 00:43:59,Night_001,No Person Detected,,,,,,,,,,,,,,,,,,,,,,,,,,,,,,,,
2026-08-22 00:44:00,Night_001,Right Side,0.619214,0.453637,0.317802,0.977878,0.602785,0.440326,0.301468,0.9738,0.614298,0.460715,0.440276,0.985179,0.584483,0.438841,0.365847,0.977804,0.607073,0.51891,0.401307,0.995418,0.525693,0.457569,0.295089,0.995961,0.568744,0.626579,0.038573,0.99824,0.508873,0.603172,-0.039024,0.997785
2026-08-22 00:44:00,Night_001,No Person Detected,,,,,,,,,,,,,,,,,,,,,,,,,,,,,,,,
2026-08-22 00:44:00,Night_001,Right Side,0.616015,0.447543,0.184547,0.977451,0.598514,0.440145,0.170513,0.973648,0.614639,0.453944,0.290199,0.985146,0.58285,0.442981,0.226527,0.978267,0.613592,0.474857,0.263307,0.99566,0.529199,0.45633,0.189842,0.995984,0.571887,0.633162,0.031844,0.998344,0.520636,0.621871,-0.032091,0.997875
2026-08-22 00:44:00,Night_001,No Person Detected,,,,,,,,,,,,,,,,,,,,,,,,,,,,,,,,
2026-08-22 00:44:03,Night_001,Right Side,0.61943,0.453815,0.180874,0.979424,0.604586,0.443623,0.163017,0.975937,0.617813,0.463108,0.282071,0.986495,0.587744,0.442887,0.198603,0.980207,0.603281,0.496419,0.259515,0.996006,0.528488,0.460541,0.158964,0.996316,0.56383,0.64067,0.049802,0.998416,0.515984,0.626121,-0.050123,0.997944
2026-08-22 00:44:03,Night_001,No Person Detected,,,,,,,,,,,,,,,,,,,,,,,,,,,,,,,,
2026-08-22 00:44:04,Night_001,Right Side,0.620923,0.448471,0.165156,0.979658,0.603412,0.441139,0.150985,0.976422,0.619632,0.457214,0.269919,0.986616,0.587076,0.44395,0.204692,0.980598,0.61773,0.481851,0.245469,0.996102,0.530658,0.453042,0.17313,0.996383,0.578988,0.642053,0.03375,0.998501,0.525235,0.628901,-0.033899,0.998015
2026-08-22 00:44:04,Night_001,No Person Detected,,,,,,,,,,,,,,,,,,,,,,,,,,,,,,,,
2026-08-22 00:44:05,Night_001,Right Side,0.616238,0.449283,0.197858,0.980384,0.600793,0.441302,0.182721,0.977373,0.611648,0.458525,0.303856,0.98716,0.585227,0.442863,0.23432,0.981913,0.602248,0.483401,0.278474,0.996251,0.5204,0.44683,0.192562,0.996629,0.565823,0.627641,0.031287,0.998557,0.51407,0.615438,-0.031663,0.998082
2026-08-22 00:44:05,Night_001,No Person Detected,,,,,,,,,,,,,,,,,,,,,,,,,,,,,,,,
2026-08-22 00:44:06,Night_001,Right Side,0.618483,0.44839,0.099308,0.980766,0.600303,0.435993,0.088849,0.977906,0.618794,0.458366,0.200138,0.987625,0.585613,0.442148,0.150628,0.98269,0.622897,0.494456,0.184991,0.996482,0.524874,0.46004,0.140891,0.996518,0.571869,0.638344,0.021367,0.998594,0.51592,0.619763,-0.021499,0.998048
2026-08-22 00:44:06,Night_001,No Person Detected,,,,,,,,,,,,,,,,,,,,,,,,,,,,,,,,
2026-08-22 00:44:07,Night_001,Right Side,0.614853,0.444017,0.105064,0.978154,0.597983,0.435178,0.094462,0.975593,0.614465,0.454088,0.2045,0.986285,0.583428,0.442568,0.155118,0.981712,0.618588,0.481246,0.195362,0.996502,0.524128,0.455317,0.137192,0.996266,0.574714,0.637944,0.026866,0.998565,0.517212,0.621293,-0.027031,0.997923
2026-08-22 00:44:07,Night_001,No Person Detected,,,,,,,,,,,,,,,,,,,,,,,,,,,,,,,,
2026-08-22 00:44:07,Night_001,Right Side,0.6134,0.452963,0.166173,0.977224,0.597503,0.44423,0.153356,0.974481,0.61269,0.460957,0.25827,0.98648,0.582437,0.445785,0.199137,0.981009,0.602222,0.483846,0.223965,0.996786,0.518342,0.45802,0.18611,0.996491,0.557354,0.642152,0.01665,0.998657,0.505606,0.62553,-0.016944,0.998089
2026-08-22 00:44:07,Night_001,No Person Detected,,,,,,,,,,,,,,,,,,,,,,,,,,,,,,,,
2026-08-22 00:44:09,Night_001,Right Side,0.622144,0.448339,0.15457,0.976299,0.602536,0.440133,0.138549,0.973648,0.622329,0.456183,0.26059,0.985795,0.585635,0.440243,0.187517,0.98034,0.622534,0.480641,0.239349,0.996949,0.52566,0.456663,0.180656,0.996391,0.57735,0.639451,0.023778,0.998689,0.519833,0.628301,-0.023909,0.998042
2026-08-22 00:44:09,Night_001,No Person Detected,,,,,,,,,,,,,,,,,,,,,,,,,,,,,,,,
2026-08-22 00:44:09,Night_001,Right Side,0.616427,0.460955,0.348722,0.978661,0.602412,0.447378,0.326465,0.976263,0.612205,0.464783,0.500166,0.98721,0.58611,0.440869,0.398075,0.982284,0.5965,0.519654,0.487868,0.997154,0.531849,0.453813,0.282945,0.996729,0.563743,0.614917,0.070386,0.998807,0.518414,0.586288,-0.070749,0.998204
2026-08-22 00:44:09,Night_001,No Person Detected,,,,,,,,,,,,,,,,,,,,,,,,,,,,,,,,
2026-08-22 00:44:11,Night_001,Right Side,0.617056,0.445002,0.151887,0.977492,0.597238,0.435861,0.138607,0.974497,0.616481,0.453941,0.256976,0.986854,0.581643,0.438208,0.195639,0.98108,0.610706,0.477401,0.235761,0.997265,0.51759,0.454796,0.187969,0.996306,0.568848,0.633372,0.021227,0.998869,0.512127,0.62341,-0.021328,0.998247
2026-08-22 00:44:11,Night_001,No Person Detected,,,,,,,,,,,,,,,,,,,,,,,,,,,,,,,,
2026-08-22 00:44:12,Night_001,Right Side,0.617277,0.461183,0.296323,0.979586,0.604762,0.447265,0.280299,0.976794,0.613753,0.467305,0.421987,0.987937,0.589021,0.440561,0.348452,0.982731,0.600494,0.513538,0.404307,0.99664,0.537481,0.452344,0.270431,0.996589,0.562173,0.614983,0.050703,0.998695,0.516722,0.586078,-0.051108,0.99816
2026-08-22 00:44:12,Night_001,No Person Detected,,,,,,,,,,,,,,,,,,,,,,,,,,,,,,,,
2026-08-22 00:44:12,Night_001,Right Side,0.619561,0.451972,0.159029,0.979259,0.598746,0.438314,0.146572,0.976032,0.615416,0.4637,0.25967,0.987717,0.582176,0.442157,0.202892,0.982372,0.609959,0.494881,0.231743,0.996766,0.525278,0.462199,0.173585,0.996648,0.564723,0.638922,0.020715,0.998751,0.50601,0.622244,-0.021033,0.998265
2026-08-22 00:44:12,Night_001,No Person Detected,,,,,,,,,,,,,,,,,,,,,,,,,,,,,,,,
2026-08-22 00:44:13,Night_001,Right Side,0.617609,0.458036,0.263702,0.981214,0.603723,0.443633,0.248588,0.978287,0.615047,0.467268,0.379618,0.988788,0.58778,0.439223,0.309218,0.984028,0.599428,0.514109,0.373739,0.996106,0.536538,0.44904,0.248406,0.996928,0.556758,0.616354,0.055482,0.998514,0.513556,0.585026,-0.055834,0.998033
2026-08-22 00:44:14,Night_001,No Person Detected,,,,,,,,,,,,,,,,,,,,,,,,,,,,,,,,
2026-08-22 00:44:14,Night_001,Right Side,0.618667,0.441495,0.122613,0.979735,0.600671,0.43326,0.107016,0.977148,0.61513,0.454259,0.23761,0.98762,0.580963,0.436406,0.165448,0.983532,0.613859,0.478898,0.221988,0.996085,0.511623,0.460651,0.138911,0.996484,0.57055,0.637833,0.023768,0.998489,0.512566,0.624272,-0.023933,0.997905
2026-08-22 00:44:14,Night_001,No Person Detected,,,,,,,,,,,,,,,,,,,,,,,,,,,,,,,,
2026-08-22 00:44:14,Night_001,Right Side,0.615307,0.43995,0.12954,0.977207,0.592685,0.432468,0.116743,0.973122,0.614271,0.449298,0.242038,0.98582,0.579351,0.44185,0.185213,0.979981,0.620959,0.46823,0.204,0.996288,0.524096,0.464497,0.167851,0.994862,0.581726,0.631156,-0.005454,0.998501,0.533926,0.630832,0.005144,0.99778
2026-08-22 00:44:15,Night_001,No Person Detected,,,,,,,,,,,,,,,,,,,,,,,,,,,,,,,,
2026-08-22 00:44:16,Night_001,Right Side,0.614104,0.448643,0.12303,0.969004,0.597281,0.440573,0.110739,0.965127,0.613478,0.455274,0.221028,0.982047,0.582656,0.442598,0.164028,0.975687,0.612286,0.478332,0.203834,0.996209,0.515685,0.458358,0.140751,0.994283,0.563429,0.639515,0.024569,0.998434,0.509999,0.618279,-0.024824,0.99759
2026-08-22 00:44:16,Night_001,No Person Detected,,,,,,,,,,,,,,,,,,,,,,,,,,,,,,,,
2026-08-22 00:44:17,Night_001,Right Side,0.617421,0.446745,0.114972,0.970728,0.598362,0.438061,0.100617,0.967282,0.615995,0.45716,0.226566,0.982873,0.582531,0.441275,0.15929,0.977058,0.607902,0.488197,0.207172,0.996383,0.517025,0.461423,0.14457,0.994326,0.567179,0.639245,0.019519,0.99852,0.515228,0.621138,-0.019668,0.997646
2026-08-22 00:44:17,Night_001,No Person Detected,,,,,,,,,,,,,,,,,,,,,,,,,,,,,,,,
2026-08-22 00:44:17,Night_001,Right Side,0.618596,0.446166,0.070282,0.970752,0.601346,0.434853,0.060313,0.967208,0.617971,0.459392,0.166425,0.983168,0.586961,0.442047,0.119405,0.977405,0.617062,0.496759,0.155959,0.99643,0.526331,0.465761,0.105969,0.994156,0.567939,0.649274,0.025457,0.99844,0.511446,0.629705,-0.025537,0.997519
2026-08-22 00:44:17,Night_001,No Person Detected,,,,,,,,,,,,,,,,,,,,,,,,,,,,,,,,
2026-08-22 00:44:20,Night_001,Right Side,0.622064,0.448892,0.114801,0.971777,0.603803,0.439866,0.097715,0.968658,0.617165,0.458066,0.226204,0.983876,0.584997,0.441407,0.146483,0.978714,0.610825,0.488889,0.208617,0.996558,0.513037,0.459671,0.126968,0.994344,0.565135,0.654712,0.027454,0.998453,0.509778,0.635072,-0.027609,0.997494
2026-08-22 00:44:20,Night_001,No Person Detected,,,,,,,,,,,,,,,,,,,,,,,,,,,,,,,,
2026-08-22 00:44:22,Night_001,Right Side,0.618689,0.453715,0.279185,0.972789,0.60427,0.439533,0.259885,0.967633,0.612611,0.461582,0.406188,0.984394,0.588027,0.439524,0.317608,0.978727,0.606918,0.502421,0.380768,0.996432,0.528147,0.450272,0.237942,0.992464,0.57,0.612855,0.057717,0.998506,0.517519,0.590444,-0.058132,0.997408
2026-08-22 00:44:22,Night_001,No Person Detected,,,,,,,,,,,,,,,,,,,,,,,,,,,,,,,,
2026-08-22 00:44:23,Night_001,Right Side,0.618392,0.451014,0.17036,0.973876,0.59978,0.439681,0.15887,0.968721,0.618612,0.463792,0.273525,0.984704,0.585628,0.442735,0.221176,0.979312,0.62338,0.494546,0.251131,0.996659,0.525241,0.456794,0.182759,0.993112,0.581893,0.626414,0.025486,0.998625,0.523262,0.606643,-0.025745,0.997635
2026-08-22 00:44:23,Night_001,No Person Detected,,,,,,,,,,,,,,,,,,,,,,,,,,,,,,,,
2026-08-22 00:44:28,Night_001,Right Side,0.620799,0.452448,0.174901,0.976129,0.601758,0.440502,0.159542,0.971372,0.620097,0.461539,0.288899,0.985983,0.584484,0.440472,0.21773,0.981005,0.613123,0.500248,0.264465,0.996912,0.525271,0.463644,0.191423,0.993739,0.573098,0.632391,0.038603,0.998661,0.513707,0.621652,-0.038909,0.997768
2026-08-22 00:44:28,Night_001,No Person Detected,,,,,,,,,,,,,,,,,,,,,,,,,,,,,,,,
2026-08-22 00:44:29,Night_001,Right Side,0.61895,0.446301,0.148621,0.978296,0.601842,0.435378,0.135401,0.973971,0.617614,0.459893,0.264136,0.987245,0.584862,0.441666,0.20234,0.982772,0.616945,0.49781,0.245774,0.997157,0.522257,0.469587,0.170838,0.99427,0.57533,0.634786,0.034057,0.998626,0.51335,0.622632,-0.034215,0.997755
2026-08-22 00:44:29,Night_001,No Person Detected,,,,,,,,,,,,,,,,,,,,,,,,,,,,,,,,
2026-08-22 00:44:31,Night_001,Right Side,0.617453,0.455715,0.247907,0.980295,0.603216,0.440461,0.231137,0.976252,0.615229,0.465002,0.394388,0.988359,0.587063,0.436327,0.319105,0.984098,0.611535,0.512479,0.386654,0.996789,0.53511,0.451687,0.237896,0.994746,0.575968,0.610092,0.051693,0.998649,0.518705,0.582744,-0.051985,0.997901
2026-08-22 00:44:31,Night_001,No Person Detected,,,,,,,,,,,,,,,,,,,,,,,,,,,,,,,,
2026-08-22 00:44:32,Night_001,Right Side,0.617457,0.445188,0.157372,0.981014,0.599729,0.43499,0.143885,0.977099,0.616707,0.456074,0.262049,0.988748,0.584009,0.438986,0.199427,0.984523,0.608431,0.488864,0.232154,0.99674,0.511382,0.457378,0.177899,0.994584,0.565667,0.6375,0.017726,0.998723,0.508074,0.626254,-0.01786,0.99799
2026-08-22 00:44:32,Night_001,No Person Detected,,,,,,,,,,,,,,,,,,,,,,,,,,,,,,,,
2026-08-22 00:44:35,Night_001,Right Side,0.617523,0.451377,0.118922,0.982299,0.600478,0.438561,0.106646,0.978797,0.615718,0.462028,0.218191,0.989504,0.584056,0.440827,0.159455,0.98577,0.610431,0.504539,0.197694,0.996916,0.519041,0.464619,0.157941,0.994742,0.557962,0.638362,0.017206,0.998541,0.501721,0.62279,-0.017362,0.997805
2026-08-22 00:44:35,Night_001,No Person Detected,,,,,,,,,,,,,,,,,,,,,,,,,,,,,,,,
2026-08-22 00:44:35,Night_001,Right Side,0.616781,0.455435,0.324357,0.983854,0.603472,0.44192,0.304064,0.98046,0.609791,0.4598,0.45192,0.990292,0.586979,0.438914,0.357182,0.986547,0.594097,0.512575,0.421935,0.996662,0.537465,0.447918,0.257192,0.995179,0.560121,0.616502,0.068009,0.998571,0.517748,0.588144,-0.068433,0.997831
2026-08-22 00:44:35,Night_001,No Person Detected,,,,,,,,,,,,,,,,,,,,,,,,,,,,,,,,
2026-08-22 00:44:37,Night_001,Right Side,0.613997,0.438008,0.139982,0.980265,0.589994,0.431061,0.128759,0.976751,0.614612,0.450821,0.249681,0.987231,0.578467,0.439124,0.19729,0.982996,0.614783,0.474386,0.218301,0.99683,0.515423,0.460976,0.182894,0.994532,0.574583,0.63473,0.004808,0.998575,0.524069,0.619872,-0.004878,0.997718
2026-08-22 00:44:37,Night_001,No Person Detected,,,,,,,,,,,,,,,,,,,,,,,,,,,,,,,,
2026-08-22 00:44:38,Night_001,Right Side,0.619709,0.453336,0.209964,0.980879,0.602001,0.443133,0.196731,0.977558,0.618115,0.461073,0.315588,0.987759,0.584936,0.443558,0.254863,0.983935,0.611991,0.479535,0.286101,0.996985,0.528244,0.447227,0.21865,0.994972,0.572341,0.628357,0.031001,0.998617,0.518297,0.615685,-0.031363,0.997812
2026-08-22 00:44:38,Night_001,No Person Detected,,,,,,,,,,,,,,,,,,,,,,,,,,,,,,,,
2026-08-22 00:44:41,Night_001,Right Side,0.61982,0.451731,0.15859,0.9823,0.601823,0.439193,0.144374,0.979226,0.617424,0.462002,0.263906,0.988682,0.585089,0.442049,0.197996,0.985158,0.608336,0.500529,0.238725,0.997153,0.525185,0.460595,0.170485,0.995412,0.566793,0.632504,0.032586,0.998539,0.512771,0.618928,-0.032839,0.997836
2026-08-22 00:44:41,Night_001,No Person Detected,,,,,,,,,,,,,,,,,,,,,,,,,,,,,,,,
2026-08-22 00:44:41,Night_001,Right Side,0.613707,0.447344,0.135145,0.96813,0.596766,0.4397,0.117854,0.964497,0.605562,0.450052,0.213676,0.979779,0.582991,0.442671,0.134469,0.973371,0.59451,0.454413,0.183146,0.997116,0.530136,0.443519,0.110593,0.994874,0.555383,0.629571,0.012889,0.998621,0.52416,0.623898,-0.013289,0.997909
2026-08-22 00:44:41,Night_001,No Person Detected,,,,,,,,,,,,,,,,,,,,,,,,,,,,,,,,
2026-08-22 00:44:42,Night_001,Right Side,0.620474,0.448766,0.206582,0.969878,0.599462,0.439384,0.18926,0.966552,0.618584,0.457245,0.32648,0.98059,0.583316,0.441828,0.247841,0.975211,0.613992,0.490051,0.310689,0.997126,0.515472,0.460823,0.208476,0.995277,0.581005,0.632066,0.041716,0.998649,0.51633,0.619856,-0.041894,0.998015
2026-08-22 00:44:42,Night_001,No Person Detected,,,,,,,,,,,,,,,,,,,,,,,,,,,,,,,,
2026-08-22 00:44:43,Night_001,Right Side,0.616233,0.452361,0.236841,0.968508,0.600976,0.445191,0.222656,0.965517,0.611439,0.458457,0.299826,0.979709,0.588655,0.448061,0.235143,0.973105,0.595611,0.466582,0.233953,0.997335,0.54826,0.454314,0.190604,0.995615,0.564108,0.619693,0.023167,0.998774,0.533503,0.612324,-0.023788,0.9982
2026-08-22 00:44:43,Night_001,No Person Detected,,,,,,,,,,,,,,,,,,,,,,,,,,,,,,,,
2026-08-22 00:44:44,Night_001,Right Side,0.616983,0.448375,0.123694,0.970333,0.600221,0.440126,0.111377,0.967126,0.615478,0.459218,0.218031,0.980896,0.587018,0.442889,0.161319,0.97437,0.608496,0.490249,0.195558,0.997262,0.528402,0.460658,0.13863,0.995228,0.563443,0.643121,0.017885,0.998745,0.51245,0.630244,-0.018244,0.9981
2026-08-22 00:44:45,Night_001,No Person Detected,,,,,,,,,,,,,,,,,,,,,,,,,,,,,,,,
2026-08-22 00:44:45,Night_001,Right Side,0.617674,0.450547,0.19037,0.973142,0.600513,0.43822,0.176087,0.97025,0.61665,0.461679,0.304618,0.982707,0.584846,0.4399,0.238347,0.976868,0.610824,0.508399,0.287435,0.997434,0.521497,0.461926,0.206289,0.995679,0.570675,0.634086,0.032095,0.998764,0.509861,0.618963,-0.032342,0.998223
2026-08-22 00:44:45,Night_001,No Person Detected,,,,,,,,,,,,,,,,,,,,,,,,,,,,,,,,
2026-08-22 00:44:46,Night_001,Right Side,0.62035,0.450689,0.103355,0.971985,0.601551,0.441942,0.084104,0.969311,0.615206,0.457691,0.217828,0.982231,0.583488,0.443461,0.129252,0.97665,0.608571,0.478412,0.199831,0.997479,0.516403,0.456025,0.116608,0.99553,0.562709,0.650673,0.016595,0.998784,0.513612,0.638528,-0.016851,0.998145
2026-08-22 00:44:46,Night_001,No Person Detected,,,,,,,,,,,,,,,,,,,,,,,,,,,,,,,,
2026-08-22 00:44:47,Night_001,Right Side,0.620209,0.449215,0.156302,0.97615,0.601109,0.439396,0.141499,0.973885,0.617291,0.45975,0.263839,0.984893,0.586172,0.441463,0.196024,0.980499,0.613611,0.491735,0.250414,0.997718,0.52013,0.459351,0.167159,0.995825,0.568807,0.638142,0.033882,0.998825,0.506684,0.62245,-0.034065,0.998276
2026-08-22 00:44:47,Night_001,No Person Detected,,,,,,,,,,,,,,,,,,,,,,,,,,,,,,,,
2026-08-22 00:44:48,Night_001,Right Side,0.615832,0.448164,0.110556,0.976212,0.598005,0.440329,0.09792,0.974325,0.614921,0.459142,0.218588,0.985063,0.581406,0.442411,0.159576,0.981344,0.610283,0.488602,0.21133,0.997731,0.515756,0.461815,0.144483,0.99581,0.562868,0.640684,0.021973,0.998864,0.51171,0.618926,-0.022034,0.99824
2026-08-22 00:44:48,Night_001,No Person Detected,,,,,,,,,,,,,,,,,,,,,,,,,,,,,,,,
2026-08-22 00:44:49,Night_001,Right Side,0.618633,0.449021,0.152176,0.977244,0.603695,0.437582,0.141737,0.975736,0.61699,0.461276,0.259595,0.984139,0.586688,0.43963,0.209422,0.982138,0.623309,0.511164,0.247539,0.996406,0.530033,0.459129,0.182917,0.995738,0.588418,0.606271,0.033367,0.9983,0.520129,0.58074,-0.033642,0.997715
2026-08-22 00:44:49,Night_001,No Person Detected,,,,,,,,,,,,,,,,,,,,,,,,,,,,,,,,
2026-08-22 00:44:50,Night_001,Right Side,0.618976,0.450214,0.09989,0.977165,0.600856,0.441063,0.08906,0.975663,0.615304,0.459697,0.179431,0.984529,0.586743,0.442974,0.128451,0.982232,0.611469,0.488169,0.16228,0.996436,0.524947,0.461076,0.130808,0.995085,0.562296,0.649381,0.020567,0.998173,0.506805,0.632232,-0.020595,0.997406
2026-08-22 00:44:50,Night_001,No Person Detected,,,,,,,,,,,,,,,,,,,,,,,,,,,,,,,,
2026-08-22 00:44:52,Night_001,Right Side,0.616435,0.448048,0.08001,0.975776,0.598696,0.436148,0.070344,0.973341,0.616292,0.460705,0.177146,0.984343,0.583141,0.441752,0.13201,0.980887,0.614974,0.493153,0.165652,0.996652,0.516048,0.464883,0.126382,0.994904,0.56499,0.642331,0.020513,0.998109,0.504855,0.625277,-0.020633,0.997328
2026-08-22 00:44:52,Night_001,No Person Detected,,,,,,,,,,,,,,,,,,,,,,,,,,,,,,,,
2026-08-22 00:44:54,Night_001,Right Side,0.619912,0.453817,0.367184,0.978161,0.6053,0.438853,0.353322,0.975921,0.616544,0.464038,0.499783,0.985848,0.588326,0.43469,0.433385,0.982656,0.60092,0.522401,0.481973,0.996137,0.530334,0.452324,0.347407,0.9953,0.559408,0.624968,0.055813,0.997803,0.507942,0.59809,-0.056061,0.997014
2026-08-22 00:44:54,Night_001,No Person Detected,,,,,,,,,,,,,,,,,,,,,,,,,,,,,,,,
2026-08-22 00:44:56,Night_001,Right Side,0.619414,0.453793,0.117119,0.980001,0.603111,0.439675,0.103198,0.9779,0.618236,0.463876,0.220232,0.987046,0.58665,0.441556,0.155042,0.984106,0.610803,0.505861,0.206788,0.996367,0.51962,0.459646,0.137422,0.995641,0.573447,0.635226,0.03269,0.997728,0.512744,0.62221,-0.032858,0.997027
2026-08-22 00:44:56,Night_001,No Person Detected,,,,,,,,,,,,,,,,,,,,,,,,,,,,,,,,
2026-08-22 00:44:58,Night_001,Right Side,0.622227,0.447344,0.165517,0.980822,0.601345,0.438408,0.152896,0.978639,0.618382,0.456071,0.272412,0.987387,0.585591,0.441356,0.214399,0.984228,0.61617,0.487201,0.244789,0.996572,0.514621,0.465459,0.191311,0.995667,0.580149,0.630421,0.024394,0.997796,0.519794,0.62253,-0.024505,0.997114
2026-08-22 00:44:58,Night_001,No Person Detected,,,,,,,,,,,,,,,,,,,,,,,,,,,,,,,,
2026-08-22 00:45:00,Night_001,Right Side,0.618658,0.447084,0.160491,0.98246,0.600001,0.434575,0.143601,0.980544,0.61704,0.458743,0.283996,0.988484,0.581949,0.439753,0.206019,0.985724,0.609499,0.49069,0.271954,0.996812,0.516078,0.45711,0.170648,0.996077,0.565793,0.631686,0.045016,0.99792,0.503588,0.615344,-0.045251,0.997342
2026-08-22 00:45:00,Night_001,No Person Detected,,,,,,,,,,,,,,,,,,,,,,,,,,,,,,,,
2026-08-22 00:45:01,Night_001,Right Side,0.618961,0.442501,0.13767,0.982959,0.598614,0.435873,0.123529,0.981568,0.617162,0.454212,0.251359,0.988496,0.580731,0.44024,0.18661,0.986521,0.614566,0.48406,0.237149,0.997383,0.516208,0.460798,0.172049,0.996396,0.57757,0.631416,0.022553,0.998313,0.516429,0.618755,-0.022683,0.997767
2026-08-22 00:45:01,Night_001,No Person Detected,,,,,,,,,,,,,,,,,,,,,,,,,,,,,,,,
2026-08-22 00:45:02,Night_001,Right Side,0.616083,0.460369,0.198872,0.982584,0.600001,0.449973,0.182996,0.981321,0.611879,0.464604,0.273988,0.988132,0.587515,0.448406,0.200731,0.986033,0.605685,0.478718,0.23253,0.997755,0.539724,0.452473,0.165273,0.996919,0.570658,0.621295,0.032025,0.99861,0.527933,0.607348,-0.03254,0.99816
2026-08-22 00:45:02,Night_001,No Person Detected,,,,,,,,,,,,,,,,,,,,,,,,,,,,,,,,
2026-08-22 00:45:02,Night_001,Right Side,0.61851,0.442778,0.156556,0.981563,0.598699,0.43658,0.14502,0.979237,0.617456,0.454426,0.259812,0.987438,0.585611,0.442791,0.20757,0.982769,0.625776,0.478558,0.228692,0.997784,0.521502,0.461898,0.186877,0.996608,0.591021,0.637416,0.022894,0.998648,0.534688,0.634361,-0.023112,0.99819
2026-08-22 00:45:02,Night_001,No Person Detected,,,,,,,,,,,,,,,,,,,,,,,,,,,,,,,,
2026-08-22 00:45:05,Night_001,Right Side,0.618573,0.453214,0.17973,0.982384,0.601938,0.444873,0.157865,0.97985,0.613587,0.458446,0.280928,0.988086,0.584822,0.443207,0.179712,0.983292,0.597984,0.477432,0.26217,0.997929,0.52831,0.455547,0.138985,0.99686,0.562561,0.635083,0.051706,0.998749,0.521837,0.630099,-0.05205,0.998306
2026-08-22 00:45:05,Night_001,No Person Detected,,,,,,,,,,,,,,,,,,,,,,,,,,,,,,,,
2026-08-22 00:45:05,Night_001,Right Side,0.622737,0.447904,0.181413,0.982743,0.604378,0.437957,0.163131,0.980254,0.618523,0.455824,0.301873,0.988115,0.585181,0.439663,0.216706,0.983542,0.611232,0.49301,0.283529,0.997962,0.51344,0.457796,0.18519,0.996975,0.575907,0.631978,0.040997,0.998793,0.510379,0.624047,-0.04118,0.998389
2026-08-22 00:45:05,Night_001,No Person Detected,,,,,,,,,,,,,,,,,,,,,,,,,,,,,,,,
2026-08-22 00:45:08,Night_001,Right Side,0.616621,0.461132,0.362073,0.983693,0.604002,0.447841,0.342079,0.980468,0.6118,0.466479,0.479965,0.988477,0.58843,0.44265,0.387773,0.982642,0.590066,0.522674,0.439223,0.997178,0.534714,0.451608,0.292195,0.997124,0.553586,0.629838,0.062657,0.998827,0.515187,0.602034,-0.063224,0.998438
2026-08-22 00:45:08,Night_001,No Person Detected,,,,,,,,,,,,,,,,,,,,,,,,,,,,,,,,
2026-08-22 00:45:12,Night_001,Right Side,0.621638,0.449036,0.166994,0.983737,0.605938,0.437032,0.157085,0.980844,0.619946,0.463426,0.27222,0.985286,0.587546,0.436754,0.222583,0.981892,0.628422,0.512613,0.25567,0.995954,0.5277,0.458666,0.197372,0.996634,0.593539,0.603356,0.028494,0.998286,0.520914,0.582784,-0.028686,0.9981
2026-08-22 00:45:12,Night_001,No Person Detected,,,,,,,,,,,,,,,,,,,,,,,,,,,,,,,,
2026-08-22 00:45:15,Night_001,Right Side,0.618188,0.441991,0.158647,0.982559,0.599054,0.434658,0.145521,0.979838,0.616961,0.453296,0.275462,0.98449,0.58209,0.439214,0.215444,0.981572,0.616303,0.486008,0.2557,0.995996,0.518031,0.460663,0.190001,0.996391,0.576974,0.634473,0.02057,0.998231,0.515718,0.621467,-0.02073,0.997937
2026-08-22 00:45:15,Night_001,No Person Detected,,,,,,,,,,,,,,,,,,,,,,,,,,,,,,,,
2026-08-22 00:45:15,Night_001,Right Side,0.61626,0.4494,0.132804,0.978491,0.597419,0.440415,0.118253,0.975575,0.613453,0.45718,0.238878,0.982487,0.580003,0.44173,0.172067,0.978879,0.614389,0.470638,0.221606,0.996016,0.51572,0.454733,0.155611,0.995908,0.5708,0.638889,0.022752,0.998321,0.514298,0.624533,-0.022934,0.997976
2026-08-22 00:45:15,Night_001,No Person Detected,,,,,,,,,,,,,,,,,,,,,,,,,,,,,,,,
2026-08-22 00:45:16,Night_001,Right Side,0.616754,0.454109,0.24721,0.978454,0.601606,0.442791,0.229299,0.975331,0.611657,0.461916,0.358698,0.982105,0.586803,0.44245,0.27446,0.978408,0.601489,0.507194,0.317283,0.995842,0.526784,0.452276,0.222911,0.996178,0.571834,0.612477,0.039947,0.998258,0.512631,0.58762,-0.040132,0.997969
2026-08-22 00:45:16,Night_001,No Person Detected,,,,,,,,,,,,,,,,,,,,,,,,,,,,,,,,
2026-08-22 00:45:17,Night_001,Right Side,0.618494,0.444145,0.144351,0.974514,0.597081,0.435445,0.136023,0.97003,0.617569,0.457705,0.242193,0.980129,0.582183,0.441597,0.204494,0.974849,0.622473,0.488482,0.212524,0.996043,0.527265,0.459779,0.178245,0.99617,0.582505,0.632903,0.017672,0.998369,0.524051,0.616265,-0.018031,0.998093
2026-08-22 00:45:17,Night_001,No Person Detected,,,,,,,,,,,,,,,,,,,,,,,,,,,,,,,,
2026-08-22 00:45:17,Night_001,Right Side,0.622483,0.449304,0.107987,0.975796,0.604973,0.440279,0.090074,0.971602,0.617038,0.457454,0.219967,0.981378,0.585179,0.442134,0.134204,0.97644,0.604123,0.486111,0.204863,0.996313,0.510154,0.457746,0.11807,0.995891,0.563524,0.653356,0.029679,0.998402,0.504519,0.632198,-0.02969,0.997982
2026-08-22 00:45:17,Night_001,No Person Detected,,,,,,,,,,,,,,,,,,,,,,,,,,,,,,,,
2026-08-22 00:45:19,Night_001,Right Side,0.615075,0.452459,0.233351,0.977877,0.602524,0.446519,0.220599,0.974423,0.608787,0.457287,0.255787,0.983807,0.589645,0.448791,0.195191,0.976465,0.577345,0.456537,0.175605,0.997391,0.570239,0.452555,0.148573,0.99628,0.556273,0.613486,0.037054,0.998915,0.546142,0.609453,-0.037752,0.99857
2026-08-22 00:45:19,Night_001,No Person Detected,,,,,,,,,,,,,,,,,,,,,,,,,,,,,,,,
2026-08-22 00:45:19,Night_001,Right Side,0.618988,0.445398,0.147051,0.977204,0.59854,0.436193,0.133861,0.973836,0.617906,0.454776,0.262652,0.983477,0.582222,0.438993,0.202459,0.976398,0.621431,0.480844,0.246118,0.997458,0.517727,0.459408,0.184985,0.996294,0.582021,0.630092,0.027937,0.998935,0.518721,0.616661,-0.028099,0.998564
2026-08-22 00:45:19,Night_001,No Person Detected,,,,,,,,,,,,,,,,,,,,,,,,,,,,,,,,
2026-08-22 00:45:20,Night_001,Right Side,0.616069,0.443048,0.158204,0.974922,0.596916,0.438172,0.143604,0.972365,0.61463,0.449895,0.25657,0.981949,0.581694,0.44317,0.190261,0.975481,0.621097,0.470679,0.224573,0.99752,0.528758,0.456039,0.170525,0.995986,0.583568,0.636257,0.017505,0.998992,0.533527,0.626399,-0.017772,0.998583
2026-08-22 00:45:20,Night_001,No Person Detected,,,,,,,,,,,,,,,,,,,,,,,,,,,,,,,,
2026-08-22 00:45:20,Night_001,Right Side,0.618235,0.443253,0.178409,0.973577,0.597755,0.436374,0.166217,0.970267,0.616799,0.4547,0.281836,0.981089,0.5815,0.439845,0.226423,0.973082,0.61564,0.476552,0.246966,0.99749,0.522918,0.457127,0.196279,0.995537,0.579386,0.626712,0.020513,0.998989,0.522305,0.621724,-0.020745,0.998569
2026-08-22 00:45:20,Night_001,No Person Detected,,,,,,,,,,,,,,,,,,,,,,,,,,,,,,,,
2026-08-22 00:45:23,Night_001,Right Side,0.62049,0.453316,0.149269,0.971348,0.602866,0.443086,0.132324,0.967108,0.615946,0.459152,0.257707,0.980057,0.58575,0.442175,0.179617,0.971371,0.606926,0.483297,0.226611,0.997345,0.516572,0.458247,0.164029,0.994689,0.562818,0.642016,0.018775,0.998913,0.509901,0.629199,-0.019063,0.998352
2026-08-22 00:45:23,Night_001,No Person Detected,,,,,,,,,,,,,,,,,,,,,,,,,,,,,,,,
2026-08-22 00:45:27,Night_001,Right Side,0.621374,0.445905,0.115952,0.970583,0.601268,0.435024,0.098816,0.967029,0.617519,0.453592,0.232308,0.979678,0.581338,0.435844,0.153281,0.971961,0.612706,0.478786,0.219746,0.997253,0.51185,0.458753,0.139884,0.994571,0.569244,0.640394,0.022859,0.998846,0.514521,0.624132,-0.022999,0.998173
2026-08-22 00:45:27,Night_001,No Person Detected,,,,,,,,,,,,,,,,,,,,,,,,,,,,,,,,
2026-08-22 00:45:29,Night_001,Right Side,0.619186,0.444809,0.116439,0.974459,0.598928,0.431372,0.105119,0.971717,0.618028,0.459856,0.224318,0.982373,0.583572,0.43867,0.169864,0.976534,0.613127,0.493855,0.209196,0.997553,0.513962,0.463848,0.165633,0.995078,0.559787,0.646491,0.019981,0.998855,0.50009,0.629975,-0.020126,0.998173
2026-08-22 00:45:29,Night_001,No Person Detected,,,,,,,,,,,,,,,,,,,,,,,,,,,,,,,,
2026-08-22 00:45:29,Night_001,Right Side,0.618579,0.442062,0.184776,0.975292,0.600397,0.436409,0.169943,0.972548,0.616938,0.451856,0.29593,0.982889,0.582644,0.440304,0.228304,0.977344,0.612087,0.475193,0.272256,0.997582,0.524743,0.458072,0.196257,0.995287,0.572757,0.629997,0.032125,0.998899,0.519216,0.620434,-0.032338,0.998248
2026-08-22 00:45:29,Night_001,No Person Detected,,,,,,,,,,,,,,,,,,,,,,,,,,,,,,,,
2026-08-22 00:45:30,Night_001,Right Side,0.617953,0.448517,0.218082,0.977175,0.6004,0.43917,0.200104,0.974619,0.615351,0.456771,0.325164,0.984189,0.583449,0.440789,0.241059,0.979097,0.595995,0.48951,0.29231,0.997658,0.516523,0.456694,0.189808,0.995643,0.562481,0.631798,0.042731,0.998942,0.508673,0.625357,-0.042964,0.998339
2026-08-22 00:45:30,Night_001,No Person Detected,,,,,,,,,,,,,,,,,,,,,,,,,,,,,,,,
2026-08-22 00:45:33,Night_001,Right Side,0.619867,0.445983,0.133915,0.976611,0.602692,0.438359,0.11861,0.974021,0.615989,0.457293,0.242272,0.984372,0.582727,0.440606,0.171223,0.979762,0.61123,0.480948,0.226435,0.997616,0.514307,0.458991,0.1439,0.995619,0.568888,0.643377,0.02686,0.998921,0.507479,0.626186,-0.027012,0.998304
2026-08-22 00:45:33,Night_001,No Person Detected,,,,,,,,,,,,,,,,,,,,,,,,,,,,,,,,
2026-08-22 00:45:33,Night_001,Right Side,0.616222,0.44533,0.138346,0.976235,0.597085,0.434947,0.126074,0.973669,0.615342,0.455211,0.23384,0.984048,0.58139,0.438399,0.178015,0.978884,0.614668,0.482708,0.212866,0.997503,0.518213,0.458926,0.164674,0.995393,0.574679,0.631621,0.023347,0.998914,0.514287,0.620324,-0.023465,0.998301
2026-08-22 00:45:33,Night_001,No Person Detected,,,,,,,,,,,,,,,,,,,,,,,,,,,,,,,,
2026-08-22 00:45:33,Night_001,Right Side,0.618519,0.44559,0.126188,0.978089,0.599393,0.435106,0.110452,0.97578,0.615698,0.456178,0.2422,0.985334,0.58322,0.441881,0.169008,0.980694,0.611851,0.488107,0.228563,0.997503,0.525739,0.46259,0.138806,0.995636,0.570505,0.638809,0.04013,0.998866,0.519656,0.625037,-0.040268,0.998184
2026-08-22 00:45:34,Night_001,No Person Detected,,,,,,,,,,,,,,,,,,,,,,,,,,,,,,,,
2026-08-22 00:45:35,Night_001,Right Side,0.611275,0.444447,0.088723,0.96498,0.594144,0.440037,0.071336,0.960834,0.607325,0.447064,0.184105,0.976184,0.580447,0.442298,0.105315,0.969915,0.603834,0.459885,0.171256,0.997582,0.528693,0.458889,0.087401,0.995217,0.567857,0.649578,0.014757,0.998914,0.532385,0.647354,-0.015298,0.998159
2026-08-22 00:45:35,Night_001,No Person Detected,,,,,,,,,,,,,,,,,,,,,,,,,,,,,,,,
2026-08-22 00:45:36,Night_001,Right Side,0.61882,0.448764,0.151596,0.965902,0.600263,0.443316,0.131803,0.963285,0.613812,0.453932,0.257291,0.976899,0.583564,0.442881,0.167284,0.971495,0.613323,0.472016,0.230548,0.997883,0.523982,0.453102,0.141512,0.995172,0.576573,0.634828,0.024978,0.999102,0.529092,0.626286,-0.025265,0.998391
2026-08-22 00:45:36,Night_001,No Person Detected,,,,,,,,,,,,,,,,,,,,,,,,,,,,,,,,
2026-08-22 00:45:37,Night_001,Right Side,0.61411,0.445556,0.173125,0.966567,0.595404,0.437788,0.152912,0.962968,0.61119,0.453955,0.284916,0.977358,0.582077,0.440661,0.190625,0.970302,0.598177,0.491095,0.275691,0.997974,0.519005,0.458858,0.154194,0.995485,0.565076,0.636488,0.054795,0.999131,0.52374,0.630709,-0.055263,0.99846
2026-08-22 00:45:37,Night_001,No Person Detected,,,,,,,,,,,,,,,,,,,,,,,,,,,,,,,,
2026-08-22 00:45:37,Night_001,Right Side,0.616956,0.452135,0.157914,0.970888,0.599671,0.444704,0.143965,0.96786,0.615378,0.460127,0.257214,0.980346,0.583392,0.445455,0.194098,0.974901,0.615383,0.485788,0.237943,0.998005,0.533812,0.455284,0.167252,0.996081,0.57226,0.64123,0.027453,0.999156,0.5218,0.629559,-0.027865,0.998556
2026-08-22 00:45:38,Night_001,No Person Detected,,,,,,,,,,,,,,,,,,,,,,,,,,,,,,,,
2026-08-22 00:45:39,Night_001,Right Side,0.620364,0.453197,0.15833,0.973645,0.602839,0.440301,0.142241,0.970863,0.619416,0.462056,0.269419,0.982185,0.585818,0.439713,0.193379,0.977226,0.605659,0.501968,0.251301,0.998113,0.530574,0.457774,0.172744,0.996426,0.56417,0.631695,0.038505,0.999162,0.515701,0.619265,-0.038873,0.998619
2026-08-22 00:45:39,Night_001,No Person Detected,,,,,,,,,,,,,,,,,,,,,,,,,,,,,,,,
2026-08-22 00:45:40,Night_001,Right Side,0.622276,0.444916,0.109547,0.975167,0.601227,0.437411,0.094133,0.972671,0.617373,0.453953,0.224475,0.983266,0.581836,0.439111,0.153765,0.978829,0.615589,0.479885,0.222258,0.998151,0.517254,0.45753,0.144024,0.996483,0.574239,0.637149,0.033405,0.999156,0.515701,0.625728,-0.033558,0.99857
2026-08-22 00:45:40,Night_001,No Person Detected,,,,,,,,,,,,,,,,,,,,,,,,,,,,,,,,
2026-08-22 00:45:41,Night_001,Right Side,0.613878,0.451713,0.080678,0.967849,0.597466,0.443655,0.064885,0.966862,0.607422,0.458813,0.188131,0.979603,0.580316,0.443056,0.113566,0.975906,0.595204,0.485169,0.170675,0.997715,0.504313,0.452852,0.107666,0.99566,0.544082,0.655886,0.013528,0.999068,0.495219,0.631784,-0.013665,0.998367
2026-08-22 00:45:41,Night_001,No Person Detected,,,,,,,,,,,,,,,,,,,,,,,,,,,,,,,,
2026-08-22 00:45:41,Night_001,Right Side,0.619623,0.444145,0.141672,0.973034,0.596926,0.435097,0.128188,0.971776,0.617115,0.453092,0.242467,0.982821,0.58226,0.439365,0.180976,0.97915,0.620065,0.479659,0.213289,0.998049,0.52654,0.466079,0.171982,0.995413,0.577222,0.625661,0.011575,0.99915,0.523196,0.622815,-0.011869,0.998404
2026-08-22 00:45:41,Night_001,No Person Detected,,,,,,,,,,,,,,,,,,,,,,,,,,,,,,,,
2026-08-22 00:45:43,Night_001,Right Side,0.617157,0.450855,0.173772,0.97385,0.602522,0.443517,0.155825,0.972446,0.613045,0.456253,0.261336,0.983375,0.58661,0.441043,0.17757,0.979586,0.596724,0.477987,0.219594,0.998015,0.526072,0.458929,0.147946,0.995581,0.557694,0.638228,0.026317,0.999179,0.526426,0.629447,-0.026678,0.99845
2026-08-22 00:45:43,Night_001,No Person Detected,,,,,,,,,,,,,,,,,,,,,,,,,,,,,,,,
2026-08-22 00:45:44,Night_001,Right Side,0.621028,0.45316,0.105329,0.973886,0.6046,0.443819,0.081928,0.972407,0.615041,0.458066,0.221015,0.983498,0.583969,0.442635,0.110454,0.979848,0.594168,0.482172,0.205535,0.99799,0.508819,0.457072,0.096037,0.995424,0.549325,0.657777,0.028331,0.999105,0.503208,0.637341,-0.028416,0.998212
2026-08-22 00:45:44,Night_001,No Person Detected,,,,,,,,,,,,,,,,,,,,,,,,,,,,,,,,
2026-08-22 00:45:45,Night_001,Right Side,0.619812,0.454259,0.174616,0.97619,0.601941,0.446108,0.158993,0.97419,0.618532,0.460637,0.274743,0.983918,0.584341,0.443063,0.201633,0.980344,0.608078,0.474293,0.250816,0.998228,0.530021,0.446188,0.171003,0.994067,0.570227,0.631842,0.038103,0.999282,0.519954,0.623984,-0.038458,0.998433
2026-08-22 00:45:45,Night_001,No Person Detected,,,,,,,,,,,,,,,,,,,,,,,,,,,,,,,,
2026-08-22 00:45:47,Night_001,Right Side,0.617265,0.447294,0.142249,0.973869,0.598122,0.437912,0.128105,0.971428,0.61599,0.455685,0.246555,0.982654,0.582204,0.4394,0.181196,0.977699,0.607886,0.482012,0.225594,0.998076,0.517406,0.456804,0.166159,0.993687,0.564527,0.633192,0.021126,0.999244,0.508547,0.619989,-0.021255,0.998385
2026-08-22 00:45:47,Night_001,No Person Detected,,,,,,,,,,,,,,,,,,,,,,,,,,,,,,,,
2026-08-22 00:45:49,Night_001,Right Side,0.618211,0.451415,0.199243,0.975148,0.60126,0.442065,0.183074,0.972972,0.612743,0.460535,0.308109,0.98362,0.583523,0.442568,0.233475,0.97916,0.605721,0.489612,0.281839,0.998108,0.516208,0.454245,0.197286,0.99424,0.570987,0.634965,0.033467,0.999259,0.514999,0.61958,-0.033765,0.998479
2026-08-22 00:45:49,Night_001,No Person Detected,,,,,,,,,,,,,,,,,,,,,,,,,,,,,,,,
2026-08-22 00:45:50,Night_001,Right Side,0.62064,0.44864,0.169455,0.975905,0.602589,0.440063,0.152323,0.973853,0.615438,0.456103,0.280551,0.984053,0.584364,0.442421,0.201952,0.979693,0.613209,0.481806,0.259181,0.998062,0.519336,0.4545,0.167348,0.994506,0.576065,0.635318,0.037722,0.999244,0.521314,0.621304,-0.037923,0.998488
2026-08-22 00:45:51,Night_001,No Person Detected,,,,,,,,,,,,,,,,,,,,,,,,,,,,,,,,
2026-08-22 00:45:52,Night_001,Right Side,0.619717,0.453575,0.177156,0.979997,0.60439,0.44552,0.159864,0.978398,0.61502,0.458546,0.266492,0.985579,0.58736,0.444513,0.18501,0.983195,0.596393,0.48008,0.236457,0.998417,0.535666,0.460937,0.150845,0.995856,0.562831,0.626662,0.040665,0.99941,0.52528,0.624396,-0.040957,0.998842
2026-08-22 00:45:52,Night_001,No Person Detected,,,,,,,,,,,,,,,,,,,,,,,,,,,,,,,,
2026-08-22 00:45:52,Night_001,Right Side,0.617868,0.450796,0.220257,0.981096,0.601873,0.438198,0.203806,0.979594,0.614029,0.460295,0.342469,0.985488,0.584177,0.438077,0.265023,0.983862,0.611963,0.517198,0.313088,0.998129,0.525452,0.457678,0.222111,0.996198,0.579413,0.618889,0.032089,0.999348,0.510069,0.590749,-0.032297,0.998894
2026-08-22 00:45:52,Night_001,No Person Detected,,,,,,,,,,,,,,,,,,,,,,,,,,,,,,,,
2026-08-22 00:45:53,Night_001,Right Side,0.617648,0.446399,0.156789,0.981812,0.599761,0.436176,0.143024,0.980322,0.616161,0.455386,0.261368,0.986153,0.583292,0.438823,0.197309,0.984288,0.609256,0.490228,0.236249,0.998102,0.511661,0.457768,0.181206,0.996259,0.569275,0.636171,0.021528,0.999338,0.51309,0.624322,-0.021673,0.99887
2026-08-22 00:45:53,Night_001,No Person Detected,,,,,,,,,,,,,,,,,,,,,,,,,,,,,,,,
2026-08-22 00:45:53,Night_001,Right Side,0.616722,0.448442,0.155599,0.98291,0.599582,0.439692,0.143184,0.981481,0.613574,0.459349,0.264248,0.987168,0.584305,0.443294,0.207258,0.98545,0.612983,0.486748,0.249605,0.998151,0.515888,0.459127,0.174902,0.996545,0.572772,0.631709,0.035103,0.999295,0.513123,0.619668,-0.035281,0.998884
2026-08-22 00:45:54,Night_001,No Person Detected,,,,,,,,,,,,,,,,,,,,,,,,,,,,,,,,
2026-08-22 00:45:58,Night_001,Right Side,0.620432,0.44754,0.089244,0.983856,0.599648,0.437393,0.074179,0.982637,0.618281,0.45784,0.202768,0.988031,0.581983,0.439715,0.132197,0.986597,0.615201,0.494335,0.196343,0.998181,0.521556,0.466876,0.120726,0.996648,0.566816,0.642924,0.026746,0.999245,0.510346,0.623404,-0.026829,0.998739
2026-08-22 00:45:59,Night_001,No Person Detected,,,,,,,,,,,,,,,,,,,,,,,,,,,,,,,,
2026-08-22 00:46:01,Night_001,Right Side,0.614889,0.459875,0.317115,0.985302,0.60488,0.447906,0.296602,0.984117,0.611188,0.464197,0.434968,0.989122,0.589116,0.440113,0.341562,0.987652,0.588772,0.507559,0.422586,0.998114,0.545175,0.438373,0.240388,0.996957,0.552227,0.61456,0.066946,0.999299,0.512638,0.583729,-0.067274,0.99884
2026-08-22 00:46:01,Night_001,No Person Detected,,,,,,,,,,,,,,,,,,,,,,,,,,,,,,,,
2026-08-22 00:46:02,Night_001,Right Side,0.616018,0.445533,0.149259,0.986097,0.59715,0.438291,0.131263,0.98496,0.613101,0.453222,0.254331,0.989772,0.582335,0.441119,0.171169,0.988351,0.602356,0.473586,0.215633,0.998243,0.530167,0.453724,0.150112,0.997111,0.563482,0.636634,0.013772,0.999356,0.53316,0.632711,-0.014309,0.998922
2026-08-22 00:46:02,Night_001,No Person Detected,,,,,,,,,,,,,,,,,,,,,,,,,,,,,,,,
2026-08-22 00:46:02,Night_001,Right Side,0.620382,0.452953,0.157225,0.986653,0.603465,0.443206,0.143927,0.985433,0.616207,0.459499,0.256104,0.99031,0.586555,0.443563,0.195479,0.988797,0.613126,0.486001,0.224109,0.998232,0.529909,0.459038,0.176386,0.996942,0.573367,0.63919,0.019806,0.999319,0.51982,0.628326,-0.02001,0.998832
2026-08-22 00:46:02,Night_001,No Person Detected,,,,,,,,,,,,,,,,,,,,,,,,,,,,,,,,
2026-08-22 00:46:03,Night_001,Right Side,0.616056,0.444033,0.179079,0.986975,0.599792,0.435908,0.163822,0.985703,0.613896,0.451931,0.286117,0.990652,0.583089,0.43884,0.214845,0.989016,0.603287,0.480083,0.25951,0.998315,0.51609,0.457447,0.186541,0.996984,0.565823,0.634032,0.031711,0.999352,0.519434,0.625734,-0.03192,0.998857
2026-08-22 00:46:03,Night_001,No Person Detected,,,,,,,,,,,,,,,,,,,,,,,,,,,,,,,,
2026-08-22 00:46:04,Night_001,Right Side,0.616747,0.448954,0.151066,0.987498,0.598516,0.439252,0.13178,0.986193,0.613994,0.456088,0.266952,0.991154,0.582208,0.440082,0.177676,0.989558,0.596242,0.476194,0.246666,0.998397,0.517542,0.452701,0.155415,0.997117,0.558056,0.633627,0.029738,0.999369,0.518005,0.625974,-0.030071,0.998849
2026-08-22 00:46:05,Night_001,No Person Detected,,,,,,,,,,,,,,,,,,,,,,,,,,,,,,,,
2026-08-22 00:46:06,Night_001,Right Side,0.617889,0.455188,0.149095,0.989009,0.601271,0.443323,0.13376,0.987727,0.615059,0.46191,0.246406,0.992248,0.588187,0.443888,0.17352,0.990783,0.597212,0.4965,0.211999,0.998552,0.536495,0.459156,0.158401,0.997513,0.55423,0.642329,0.019778,0.99937,0.516609,0.62881,-0.020207,0.998882
2026-08-22 00:46:06,Night_001,No Person Detected,,,,,,,,,,,,,,,,,,,,,,,,,,,,,,,,
2026-08-22 00:46:08,Night_001,Right Side,0.618004,0.443078,0.175189,0.986131,0.598841,0.436109,0.157609,0.985146,0.615822,0.454113,0.280906,0.989932,0.581586,0.440503,0.200736,0.988526,0.611019,0.489601,0.26067,0.998249,0.514854,0.461678,0.167683,0.997242,0.577509,0.635315,0.040215,0.999244,0.517488,0.617342,-0.040412,0.998776
2026-08-22 00:46:08,Night_001,No Person Detected,,,,,,,,,,,,,,,,,,,,,,,,,,,,,,,,
2026-08-22 00:46:10,Night_001,Right Side,0.61565,0.450792,0.144324,0.985433,0.598629,0.43959,0.132327,0.984157,0.61454,0.459194,0.247035,0.990036,0.585427,0.444399,0.191703,0.988417,0.607892,0.490857,0.223397,0.99825,0.519608,0.462695,0.166639,0.997151,0.561149,0.643517,0.018775,0.999207,0.504287,0.626145,-0.018971,0.998752
2026-08-22 00:46:10,Night_001,No Person Detected,,,,,,,,,,,,,,,,,,,,,,,,,,,,,,,,
2026-08-22 00:46:12,Night_001,Right Side,0.618478,0.451239,0.165244,0.986078,0.601994,0.438149,0.154268,0.984621,0.61735,0.463145,0.258126,0.990351,0.587209,0.442563,0.206975,0.988474,0.612369,0.497538,0.231735,0.998164,0.527694,0.45712,0.170212,0.997203,0.569648,0.629699,0.029248,0.999183,0.517239,0.613245,-0.029392,0.998781
2026-08-22 00:46:12,Night_001,No Person Detected,,,,,,,,,,,,,,,,,,,,,,,,,,,,,,,,
2026-08-22 00:46:12,Night_001,Right Side,0.621189,0.448324,0.148054,0.986031,0.602303,0.439933,0.132243,0.984503,0.617459,0.45632,0.254386,0.990262,0.584813,0.442598,0.181608,0.988229,0.617224,0.480768,0.237004,0.998193,0.51754,0.462685,0.162489,0.997149,0.576965,0.63284,0.02976,0.999146,0.518136,0.620988,-0.02987,0.998684
2026-08-22 00:46:12,Night_001,No Person Detected,,,,,,,,,,,,,,,,,,,,,,,,,,,,,,,,
2026-08-22 00:46:14,Night_001,Right Side,0.618226,0.44776,0.13663,0.985401,0.599637,0.437348,0.120943,0.984074,0.616632,0.455381,0.250128,0.990135,0.582043,0.438213,0.176935,0.988297,0.607857,0.479898,0.238276,0.998121,0.515195,0.456263,0.161753,0.996954,0.562815,0.630936,0.034002,0.999104,0.505952,0.61195,-0.034105,0.998502
2026-08-22 00:46:14,Night_001,No Person Detected,,,,,,,,,,,,,,,,,,,,,,,,,,,,,,,,
2026-08-22 00:46:14,Night_001,Right Side,0.616342,0.445431,0.111857,0.984139,0.599249,0.433644,0.102819,0.983003,0.614262,0.456641,0.21614,0.989665,0.581746,0.440054,0.173183,0.988133,0.614677,0.49649,0.199352,0.997985,0.521582,0.464409,0.155802,0.996687,0.564747,0.642857,0.02344,0.998949,0.50831,0.622501,-0.02354,0.998286
2026-08-22 00:46:14,Night_001,No Person Detected,,,,,,,,,,,,,,,,,,,,,,,,,,,,,,,,
2026-08-22 00:46:16,Night_001,Right Side,0.617548,0.448335,0.166413,0.985317,0.603266,0.435592,0.15424,0.984317,0.615592,0.461581,0.271943,0.989769,0.586814,0.438309,0.213122,0.988883,0.6119,0.509342,0.253434,0.99749,0.529383,0.458967,0.185909,0.996864,0.580619,0.609085,0.029635,0.998671,0.513372,0.587914,-0.029928,0.998239
2026-08-22 00:46:16,Night_001,No Person Detected,,,,,,,,,,,,,,,,,,,,,,,,,,,,,,,,
2026-08-22 00:46:17,Night_001,Right Side,0.618783,0.448361,0.156907,0.985879,0.600357,0.437414,0.143658,0.98496,0.615361,0.458609,0.260386,0.990226,0.583843,0.44027,0.198723,0.989499,0.61055,0.489717,0.231184,0.997624,0.524863,0.464814,0.190308,0.996701,0.566298,0.624097,0.011944,0.998669,0.516243,0.618017,-0.012154,0.998138
2026-08-22 00:46:17,Night_001,No Person Detected,,,,,,,,,,,,,,,,,,,,,,,,,,,,,,,,
2026-08-22 00:46:19,Night_001,Right Side,0.616853,0.45331,0.249723,0.985519,0.600145,0.441372,0.232843,0.984451,0.613408,0.461578,0.372999,0.988946,0.583194,0.439439,0.294774,0.98859,0.608477,0.502855,0.345862,0.996998,0.527751,0.452568,0.2283,0.996893,0.574395,0.611089,0.045249,0.998642,0.516344,0.581967,-0.045596,0.998106
2026-08-22 00:46:19,Night_001,No Person Detected,,,,,,,,,,,,,,,,,,,,,,,,,,,,,,,,
2026-08-22 00:46:20,Night_001,Right Side,0.61508,0.448823,0.184143,0.985575,0.598147,0.435969,0.170227,0.984353,0.614177,0.462092,0.294265,0.989291,0.58391,0.441506,0.231735,0.98898,0.603601,0.492074,0.272823,0.997159,0.516526,0.461768,0.202455,0.997132,0.561759,0.632918,0.014519,0.998737,0.504734,0.61875,-0.014828,0.998269
2026-08-22 00:46:20,Night_001,No Person Detected,,,,,,,,,,,,,,,,,,,,,,,,,,,,,,,,
2026-08-22 00:46:20,Night_001,Right Side,0.617567,0.445857,0.106179,0.985955,0.601603,0.435492,0.090591,0.984812,0.614324,0.457801,0.217207,0.989723,0.582314,0.436076,0.144801,0.989505,0.605405,0.489591,0.207931,0.99726,0.512902,0.460454,0.123087,0.997303,0.566044,0.63531,0.033951,0.998709,0.506519,0.622563,-0.034119,0.998291
2026-08-22 00:46:21,Night_001,No Person Detected,,,,,,,,,,,,,,,,,,,,,,,,,,,,,,,,
2026-08-22 00:46:22,Night_001,Right Side,0.617128,0.445273,0.179748,0.986746,0.600231,0.436337,0.16651,0.985691,0.615786,0.455777,0.284411,0.990269,0.585014,0.44063,0.22321,0.989987,0.610987,0.489973,0.25583,0.997346,0.521436,0.461258,0.189756,0.997425,0.573299,0.637908,0.029682,0.998765,0.517013,0.626682,-0.029871,0.998368
2026-08-22 00:46:22,Night_001,No Person Detected,,,,,,,,,,,,,,,,,,,,,,,,,,,,,,,,
2026-08-22 00:46:22,Night_001,Right Side,0.617263,0.451769,0.087222,0.98631,0.596734,0.439731,0.073214,0.985532,0.61577,0.45945,0.195865,0.990466,0.581534,0.439336,0.1295,0.990368,0.605532,0.489158,0.196861,0.997389,0.515408,0.461893,0.123836,0.997465,0.551632,0.64844,0.030984,0.998662,0.49494,0.626094,-0.031063,0.998248
2026-08-22 00:46:23,Night_001,No Person Detected,,,,,,,,,,,,,,,,,,,,,,,,,,,,,,,,
2026-08-22 00:46:25,Night_001,Right Side,0.621397,0.452009,0.151371,0.986968,0.603719,0.442279,0.138479,0.986032,0.618755,0.459642,0.25707,0.991019,0.586184,0.442367,0.196472,0.990648,0.616785,0.486115,0.21671,0.997532,0.527512,0.460862,0.176399,0.997274,0.572558,0.638691,0.011087,0.998733,0.525941,0.626477,-0.01129,0.998272
2026-08-22 00:46:25,Night_001,No Person Detected,,,,,,,,,,,,,,,,,,,,,,,,,,,,,,,,
2026-08-22 00:46:28,Night_001,Right Side,0.616532,0.445337,0.121508,0.984081,0.599093,0.438861,0.106996,0.983383,0.614568,0.45642,0.226241,0.989709,0.582656,0.441416,0.158128,0.98939,0.60588,0.478638,0.205032,0.997423,0.515911,0.459519,0.133895,0.996933,0.561516,0.64478,0.023519,0.998768,0.508325,0.626588,-0.023686,0.99825
2026-08-22 00:46:29,Night_001,No Person Detected,,,,,,,,,,,,,,,,,,,,,,,,,,,,,,,,
2026-08-22 00:46:33,Night_001,Right Side,0.61665,0.443087,0.173083,0.986605,0.597407,0.435385,0.161113,0.985844,0.611004,0.453551,0.278174,0.991129,0.582114,0.440513,0.222311,0.990915,0.605046,0.478913,0.244749,0.997915,0.517801,0.458056,0.190545,0.996459,0.567199,0.627696,0.014562,0.999005,0.513912,0.618767,-0.014673,0.998422
2026-08-22 00:46:33,Night_001,No Person Detected,,,,,,,,,,,,,,,,,,,,,,,,,,,,,,,,
2026-08-22 00:46:35,Night_001,Right Side,0.617419,0.456545,0.360038,0.987634,0.605285,0.444806,0.339759,0.98688,0.613109,0.463477,0.49623,0.99168,0.587673,0.438391,0.403145,0.991741,0.592602,0.512066,0.458519,0.997849,0.538554,0.44791,0.298725,0.99704,0.557981,0.609441,0.052275,0.999061,0.513765,0.576565,-0.052786,0.998616
2026-08-22 00:46:35,Night_001,No Person Detected,,,,,,,,,,,,,,,,,,,,,,,,,,,,,,,,
2026-08-22 00:46:37,Night_001,Right Side,0.615543,0.445969,0.138742,0.983258,0.598694,0.439388,0.123687,0.98243,0.613065,0.452822,0.24697,0.989072,0.584544,0.444173,0.178525,0.988871,0.611722,0.468067,0.220607,0.997875,0.525866,0.453534,0.151226,0.996671,0.564446,0.637888,0.008537,0.999101,0.521604,0.628149,-0.008853,0.998599
2026-08-22 00:46:37,Night_001,No Person Detected,,,,,,,,,,,,,,,,,,,,,,,,,,,,,,,,
2026-08-22 00:46:39,Night_001,Right Side,0.620968,0.446592,0.195806,0.984287,0.601969,0.437659,0.179648,0.98343,0.619001,0.457334,0.313812,0.989687,0.584352,0.440805,0.238996,0.989541,0.616864,0.492,0.286951,0.997883,0.52739,0.459434,0.193624,0.996885,0.580389,0.628296,0.037978,0.999107,0.519461,0.615172,-0.038188,0.998637
2026-08-22 00:46:39,Night_001,No Person Detected,,,,,,,,,,,,,,,,,,,,,,,,,,,,,,,,
2026-08-22 00:46:40,Night_001,Right Side,0.619147,0.449584,0.08895,0.985129,0.600471,0.436555,0.076013,0.984229,0.616231,0.460881,0.191738,0.99033,0.58414,0.441698,0.131252,0.990093,0.614618,0.496133,0.185154,0.997905,0.517182,0.464474,0.115399,0.996965,0.567368,0.643816,0.031374,0.999054,0.505364,0.626818,-0.031568,0.998609
2026-08-22 00:46:40,Night_001,No Person Detected,,,,,,,,,,,,,,,,,,,,,,,,,,,,,,,,
2026-08-22 00:46:42,Night_001,Right Side,0.617239,0.454591,0.31189,0.987216,0.603031,0.441701,0.29082,0.986265,0.613394,0.459019,0.45723,0.991697,0.587368,0.437875,0.361952,0.991491,0.606263,0.512539,0.448406,0.997573,0.535292,0.455092,0.257588,0.997425,0.571621,0.614279,0.062534,0.998839,0.518587,0.586131,-0.062961,0.99846
2026-08-22 00:46:43,Night_001,No Person Detected,,,,,,,,,,,,,,,,,,,,,,,,,,,,,,,,
2026-08-22 00:46:46,Night_001,Right Side,0.617595,0.449105,0.103177,0.987728,0.598672,0.434446,0.091769,0.98688,0.617513,0.463631,0.207648,0.992122,0.583493,0.439587,0.154572,0.991977,0.614199,0.501321,0.195964,0.997698,0.51754,0.460731,0.15277,0.997578,0.561913,0.644736,0.017578,0.998874,0.500441,0.624953,-0.017851,0.998564
2026-08-22 00:46:46,Night_001,No Person Detected,,,,,,,,,,,,,,,,,,,,,,,,,,,,,,,,
2026-08-22 00:46:46,Night_001,Right Side,0.619775,0.451749,0.27334,0.985931,0.605233,0.439635,0.255884,0.983936,0.616511,0.463057,0.388294,0.988702,0.586668,0.439028,0.307647,0.986938,0.609009,0.504004,0.355228,0.996264,0.535289,0.452055,0.238666,0.997371,0.576876,0.608873,0.047737,0.998284,0.523694,0.580992,-0.048159,0.997913
2026-08-22 00:46:46,Night_001,No Person Detected,,,,,,,,,,,,,,,,,,,,,,,,,,,,,,,,
2026-08-22 00:46:47,Night_001,Right Side,0.61618,0.458254,0.258256,0.986761,0.603257,0.446183,0.2387,0.984639,0.613429,0.465075,0.382249,0.989452,0.587574,0.438567,0.293368,0.987292,0.598437,0.509469,0.376083,0.996358,0.536901,0.449286,0.21064,0.9976,0.56269,0.616167,0.06339,0.998442,0.512966,0.584436,-0.063596,0.998109
2026-08-22 00:46:47,Night_001,No Person Detected,,,,,,,,,,,,,,,,,,,,,,,,,,,,,,,,
2026-08-22 00:46:48,Night_001,Right Side,0.61995,0.453136,0.167362,0.98714,0.601149,0.442747,0.152316,0.984894,0.616557,0.460111,0.26974,0.989904,0.585342,0.44391,0.199934,0.987491,0.604591,0.486972,0.239178,0.996567,0.516522,0.461285,0.175907,0.9974,0.565195,0.636096,0.024456,0.99849,0.516068,0.627242,-0.024687,0.99806
2026-08-22 00:46:48,Night_001,No Person Detected,,,,,,,,,,,,,,,,,,,,,,,,,,,,,,,,
2026-08-22 00:46:48,Night_001,Right Side,0.617062,0.439919,0.154304,0.98736,0.597429,0.431923,0.141283,0.985193,0.616226,0.451931,0.279501,0.990057,0.58201,0.441039,0.217058,0.987677,0.617974,0.491959,0.247498,0.996746,0.524175,0.464299,0.194116,0.996986,0.582991,0.643956,0.011515,0.998332,0.526093,0.624914,-0.011581,0.997709
2026-08-22 00:46:48,Night_001,No Person Detected,,,,,,,,,,,,,,,,,,,,,,,,,,,,,,,,
2026-08-22 00:46:49,Night_001,Right Side,0.618866,0.450723,0.202164,0.988004,0.600919,0.441782,0.182632,0.985879,0.614134,0.456465,0.313236,0.990659,0.585682,0.442813,0.223415,0.988301,0.60198,0.4847,0.294928,0.99698,0.528562,0.454651,0.176626,0.997207,0.564516,0.633651,0.055549,0.99846,0.520649,0.625395,-0.05589,0.997872
2026-08-22 00:46:49,Night_001,No Person Detected,,,,,,,,,,,,,,,,,,,,,,,,,,,,,,,,
2026-08-22 00:46:50,Night_001,Right Side,0.620839,0.442636,0.202841,0.988705,0.600042,0.434303,0.188925,0.986617,0.616877,0.4538,0.311296,0.991262,0.584848,0.439799,0.247389,0.988958,0.614495,0.483223,0.276478,0.997183,0.525835,0.458734,0.20811,0.997312,0.5783,0.632016,0.025257,0.998546,0.519455,0.624392,-0.025472,0.997992
2026-08-22 00:46:51,Night_001,No Person Detected,,,,,,,,,,,,,,,,,,,,,,,,,,,,,,,,
2026-08-22 00:46:51,Night_001,Right Side,0.618548,0.452312,0.131048,0.989105,0.598571,0.440346,0.114402,0.987265,0.617482,0.460963,0.252928,0.991785,0.581018,0.44069,0.174672,0.989807,0.605142,0.491419,0.240109,0.997344,0.512957,0.462908,0.151345,0.997427,0.557573,0.642903,0.032747,0.99858,0.501308,0.622991,-0.032858,0.998003
2026-08-22 00:46:51,Night_001,No Person Detected,,,,,,,,,,,,,,,,,,,,,,,,,,,,,,,,
2026-08-22 00:46:53,Night_001,Right Side,0.617546,0.450419,0.15091,0.989797,0.602631,0.437023,0.141857,0.988039,0.616729,0.463073,0.25498,0.99236,0.586838,0.441005,0.213417,0.990502,0.612255,0.503266,0.218828,0.997493,0.520561,0.463869,0.198632,0.9974,0.565143,0.634742,0.001555,0.998635,0.511339,0.622247,-0.001799,0.998102
2026-08-22 00:46:53,Night_001,No Person Detected,,,,,,,,,,,,,,,,,,,,,,,,,,,,,,,,
2026-08-22 00:46:55,Night_001,Right Side,0.614097,0.444221,0.081155,0.981287,0.596643,0.439665,0.065609,0.978985,0.613268,0.450742,0.175241,0.987728,0.582779,0.443171,0.104979,0.985205,0.609222,0.46074,0.165463,0.997603,0.5295,0.455937,0.096247,0.997022,0.565113,0.636588,0.010362,0.998745,0.528433,0.633834,-0.010832,0.99821
2026-08-22 00:46:56,Night_001,No Person Detected,,,,,,,,,,,,,,,,,,,,,,,,,,,,,,,,
2026-08-22 00:46:56,Night_001,Right Side,0.617316,0.456263,0.286336,0.981503,0.604925,0.443269,0.268377,0.978136,0.612803,0.462528,0.411606,0.986969,0.587931,0.439508,0.327726,0.983267,0.603524,0.5113,0.389172,0.997057,0.537416,0.447824,0.251792,0.997199,0.570607,0.615099,0.054312,0.998669,0.520416,0.58493,-0.054747,0.998112
2026-08-22 00:46:56,Night_001,No Person Detected,,,,,,,,,,,,,,,,,,,,,,,,,,,,,,,,
2026-08-22 00:46:57,Night_001,Right Side,0.617351,0.454264,0.325301,0.982666,0.603371,0.440081,0.305245,0.978887,0.613355,0.462803,0.47429,0.987733,0.586335,0.435965,0.384751,0.983415,0.606402,0.513701,0.445502,0.996128,0.533524,0.447171,0.292036,0.997295,0.572841,0.612586,0.051979,0.998626,0.516406,0.579087,-0.052322,0.998154
2026-08-22 00:46:58,Night_001,No Person Detected,,,,,,,,,,,,,,,,,,,,,,,,,,,,,,,,
2026-08-22 00:46:58,Night_001,Right Side,0.615586,0.449299,0.120659,0.983264,0.598256,0.439767,0.108898,0.979606,0.614139,0.460308,0.221618,0.988429,0.582503,0.442094,0.168122,0.984239,0.6079,0.489707,0.208685,0.996413,0.516025,0.463859,0.150986,0.997417,0.563842,0.639163,0.025433,0.998679,0.509002,0.624906,-0.025682,0.998252
2026-08-22 00:46:58,Night_001,No Person Detected,,,,,,,,,,,,,,,,,,,,,,,,,,,,,,,,
2026-08-22 00:46:59,Night_001,Right Side,0.615805,0.44777,0.094632,0.983381,0.598707,0.435481,0.083461,0.980101,0.614765,0.460758,0.197747,0.988753,0.582065,0.440616,0.144722,0.985034,0.614672,0.507761,0.186996,0.996562,0.516014,0.4607,0.131608,0.997308,0.562834,0.645079,0.022928,0.998607,0.506582,0.620939,-0.022964,0.998032
2026-08-22 00:46:59,Night_001,No Person Detected,,,,,,,,,,,,,,,,,,,,,,,,,,,,,,,,
2026-08-22 00:46:59,Night_001,Right Side,0.616721,0.457551,0.324448,0.984986,0.603948,0.443892,0.306402,0.981993,0.614162,0.465253,0.462179,0.989833,0.588767,0.438412,0.381086,0.986427,0.603611,0.520771,0.438875,0.996778,0.534012,0.454529,0.27843,0.997559,0.567489,0.619485,0.055539,0.998725,0.513386,0.586358,-0.055758,0.998213
2026-08-22 00:46:59,Night_001,No Person Detected,,,,,,,,,,,,,,,,,,,,,,,,,,,,,,,,
2026-08-22 00:47:00,Night_001,Right Side,0.616951,0.440867,0.161475,0.977456,0.59604,0.434855,0.148673,0.974143,0.615304,0.450276,0.265807,0.983587,0.580631,0.441895,0.207734,0.979213,0.622464,0.470428,0.233248,0.996613,0.522464,0.45738,0.179899,0.996148,0.583494,0.629716,0.014055,0.998672,0.524105,0.619397,-0.014207,0.998128
2026-08-22 00:47:00,Night_001,No Person Detected,,,,,,,,,,,,,,,,,,,,,,,,,,,,,,,,
2026-08-22 00:47:03,Night_001,Right Side,0.617497,0.449094,0.164273,0.978613,0.601273,0.441132,0.152815,0.975472,0.61572,0.459226,0.267541,0.9846,0.587269,0.443927,0.214039,0.980582,0.615897,0.487146,0.238363,0.996836,0.528049,0.45668,0.173589,0.996423,0.574753,0.630211,0.03023,0.998701,0.519347,0.616288,-0.03044,0.998193
2026-08-22 00:47:03,Night_001,No Person Detected,,,,,,,,,,,,,,,,,,,,,,,,,,,,,,,,
2026-08-22 00:47:04,Night_001,Right Side,0.619032,0.447981,0.212273,0.97787,0.600794,0.437212,0.197772,0.974284,0.617305,0.460023,0.330227,0.982466,0.583943,0.439241,0.26335,0.978605,0.618211,0.508108,0.304382,0.996777,0.525664,0.45961,0.220342,0.996582,0.587484,0.616827,0.030048,0.998752,0.51795,0.591497,-0.030277,0.9983
2026-08-22 00:47:04,Night_001,No Person Detected,,,,,,,,,,,,,,,,,,,,,,,,,,,,,,,,
2026-08-22 00:47:06,Night_001,Right Side,0.61979,0.451452,0.127491,0.979722,0.602433,0.439577,0.111662,0.976505,0.618155,0.460352,0.240691,0.984046,0.584496,0.438869,0.166175,0.980598,0.604424,0.492576,0.229734,0.996979,0.518703,0.4608,0.146137,0.996804,0.551297,0.648295,0.032552,0.998811,0.500124,0.629122,-0.032777,0.998365
2026-08-22 00:47:06,Night_001,No Person Detected,,,,,,,,,,,,,,,,,,,,,,,,,,,,,,,,
2026-08-22 00:47:06,Night_001,Right Side,0.621478,0.452011,0.179865,0.981099,0.603834,0.441713,0.163542,0.978076,0.618953,0.459247,0.287119,0.985269,0.584545,0.440213,0.212112,0.981978,0.609536,0.489788,0.261214,0.997102,0.520558,0.457365,0.189042,0.996941,0.564063,0.635959,0.035843,0.99884,0.508945,0.622797,-0.036003,0.998398
2026-08-22 00:47:06,Night_001,No Person Detected,,,,,,,,,,,,,,,,,,,,,,,,,,,,,,,,
2026-08-22 00:47:07,Night_001,Right Side,0.620654,0.448954,0.187975,0.982626,0.601493,0.438115,0.170756,0.979909,0.619825,0.459553,0.308349,0.986547,0.583308,0.438441,0.229306,0.983641,0.607098,0.498572,0.289421,0.997239,0.516403,0.463579,0.20427,0.997169,0.56335,0.637784,0.029629,0.998809,0.502569,0.622229,-0.029783,0.998407
2026-08-22 00:47:07,Night_001,No Person Detected,,,,,,,,,,,,,,,,,,,,,,,,,,,,,,,,
2026-08-22 00:47:07,Night_001,Right Side,0.616934,0.444701,0.160955,0.981335,0.597688,0.437093,0.144091,0.978772,0.613981,0.452776,0.279539,0.986104,0.580029,0.440293,0.202673,0.983076,0.615404,0.468706,0.249448,0.997351,0.514654,0.452332,0.17478,0.99714,0.57168,0.637902,0.022304,0.998885,0.52025,0.624772,-0.022529,0.99847
2026-08-22 00:47:08,Night_001,No Person Detected,,,,,,,,,,,,,,,,,,,,,,,,,,,,,,,,
2026-08-22 00:47:08,Night_001,Right Side,0.618123,0.445649,0.18971,0.981436,0.599864,0.434732,0.17543,0.978911,0.615334,0.45659,0.303276,0.986365,0.584331,0.442221,0.236135,0.983673,0.607437,0.490736,0.273955,0.997417,0.518794,0.45922,0.19794,0.997268,0.576763,0.627771,0.032093,0.998898,0.516436,0.616243,-0.032208,0.998492
2026-08-22 00:47:08,Night_001,No Person Detected,,,,,,,,,,,,,,,,,,,,,,,,,,,,,,,,
2026-08-22 00:47:08,Night_001,Right Side,0.61786,0.447573,0.119718,0.981709,0.601012,0.436229,0.109422,0.979195,0.617433,0.457112,0.222183,0.986808,0.586303,0.442621,0.173623,0.984239,0.616261,0.492111,0.203618,0.997444,0.526326,0.459897,0.15048,0.997157,0.571563,0.635409,0.030977,0.99877,0.512005,0.620476,-0.031111,0.99826
2026-08-22 00:47:09,Night_001,No Person Detected,,,,,,,,,,,,,,,,,,,,,,,,,,,,,,,,
2026-08-22 00:47:09,Night_001,Right Side,0.618985,0.446285,0.126129,0.982723,0.601588,0.436901,0.111763,0.980419,0.617599,0.455234,0.232753,0.987567,0.585492,0.440629,0.165434,0.985121,0.611777,0.486475,0.218465,0.99759,0.515602,0.459473,0.153468,0.997184,0.570317,0.640329,0.023882,0.998766,0.515629,0.623662,-0.02394,0.998183
2026-08-22 00:47:09,Night_001,No Person Detected,,,,,,,,,,,,,,,,,,,,,,,,,,,,,,,,
2026-08-22 00:47:11,Night_001,Right Side,0.617858,0.455407,0.28247,0.984319,0.604369,0.440009,0.264121,0.982096,0.613212,0.463323,0.41879,0.988656,0.588941,0.437028,0.334627,0.986196,0.603483,0.518787,0.397373,0.997482,0.535406,0.451927,0.246867,0.997372,0.569315,0.619178,0.052361,0.998815,0.516901,0.587415,-0.052805,0.998251
2026-08-22 00:47:11,Night_001,No Person Detected,,,,,,,,,,,,,,,,,,,,,,,,,,,,,,,,
2026-08-22 00:47:14,Night_001,Right Side,0.612384,0.444925,0.159534,0.980654,0.594013,0.4401,0.144914,0.978185,0.613605,0.452306,0.257837,0.986334,0.581753,0.44188,0.191093,0.982847,0.616436,0.469219,0.227045,0.997571,0.529076,0.455752,0.148819,0.997136,0.581258,0.642696,0.030095,0.998896,0.528294,0.633253,-0.030385,0.998353
2026-08-22 00:47:14,Night_001,No Person Detected,,,,,,,,,,,,,,,,,,,,,,,,,,,,,,,,
2026-08-22 00:47:15,Night_001,Right Side,0.617767,0.44952,0.170547,0.981519,0.60082,0.439885,0.152489,0.97924,0.616348,0.457892,0.279663,0.987235,0.585967,0.441471,0.196465,0.984082,0.600778,0.486473,0.259625,0.997672,0.516332,0.458072,0.17019,0.997298,0.560615,0.639809,0.030948,0.998897,0.504356,0.627981,-0.031126,0.998404
2026-08-22 00:47:15,Night_001,No Person Detected,,,,,,,,,,,,,,,,,,,,,,,,,,,,,,,,
2026-08-22 00:47:16,Night_001,Right Side,0.621364,0.449096,0.147447,0.983939,0.603577,0.440775,0.129972,0.981869,0.616311,0.456174,0.257709,0.989002,0.584436,0.441879,0.176233,0.986107,0.612403,0.484879,0.231205,0.998006,0.51711,0.456159,0.153583,0.997338,0.572437,0.639399,0.03228,0.999046,0.521981,0.625621,-0.032504,0.998532
2026-08-22 00:47:16,Night_001,No Person Detected,,,,,,,,,,,,,,,,,,,,,,,,,,,,,,,,
2026-08-22 00:47:17,Night_001,Right Side,0.616477,0.449148,0.091127,0.983802,0.598401,0.439277,0.080348,0.981707,0.616735,0.461179,0.18245,0.989309,0.583683,0.442036,0.131229,0.986319,0.611376,0.489139,0.17188,0.997993,0.519351,0.464178,0.123811,0.996767,0.559752,0.641266,0.024491,0.999017,0.507358,0.618493,-0.024494,0.998347
2026-08-22 00:47:17,Night_001,No Person Detected,,,,,,,,,,,,,,,,,,,,,,,,,,,,,,,,
2026-08-22 00:47:17,Night_001,Right Side,0.618514,0.45097,0.170244,0.985108,0.599998,0.440877,0.155836,0.98313,0.617952,0.460784,0.275071,0.990171,0.585188,0.44198,0.20879,0.98744,0.608428,0.49685,0.247508,0.998064,0.525636,0.465444,0.184538,0.996945,0.567334,0.638066,0.0265,0.999015,0.514592,0.624883,-0.0268,0.998357
2026-08-22 00:47:17,Night_001,No Person Detected,,,,,,,,,,,,,,,,,,,,,,,,,,,,,,,,
2026-08-22 00:47:18,Night_001,Right Side,0.615069,0.452151,0.130193,0.977892,0.596761,0.442616,0.114232,0.976363,0.612783,0.45909,0.230628,0.985847,0.57952,0.443001,0.157842,0.982453,0.608686,0.467373,0.215651,0.997716,0.519342,0.453955,0.144301,0.996535,0.567,0.633568,0.024448,0.999007,0.514496,0.63093,-0.024795,0.998341
2026-08-22 00:47:18,Night_001,No Person Detected,,,,,,,,,,,,,,,,,,,,,,,,,,,,,,,,
2026-08-22 00:47:18,Night_001,Right Side,0.617009,0.457554,0.289701,0.980035,0.604288,0.443897,0.2691,0.978614,0.612695,0.463306,0.435461,0.987221,0.588047,0.439019,0.341713,0.984087,0.606675,0.519854,0.433754,0.99762,0.537804,0.451491,0.258533,0.996854,0.568001,0.625194,0.062379,0.999096,0.512177,0.590963,-0.062479,0.998497
2026-08-22 00:47:19,Night_001,No Person Detected,,,,,,,,,,,,,,,,,,,,,,,,,,,,,,,,
2026-08-22 00:47:21,Night_001,Right Side,0.617488,0.446663,0.143453,0.981283,0.600197,0.437058,0.127825,0.979986,0.616706,0.455193,0.260162,0.988091,0.583667,0.437288,0.188882,0.985324,0.617233,0.489234,0.247595,0.997727,0.52302,0.460622,0.160536,0.997051,0.575959,0.641359,0.030201,0.999122,0.517054,0.626954,-0.030415,0.998558
2026-08-22 00:47:21,Night_001,No Person Detected,,,,,,,,,,,,,,,,,,,,,,,,,,,,,,,,
2026-08-22 00:47:24,Night_001,Right Side,0.618185,0.448661,0.20672,0.982835,0.600631,0.438919,0.192212,0.981584,0.616345,0.457284,0.317533,0.989076,0.585704,0.441315,0.249073,0.986511,0.604691,0.493079,0.282399,0.997805,0.528661,0.459292,0.206884,0.997217,0.568253,0.630538,0.03494,0.999103,0.520186,0.618749,-0.035191,0.99852
2026-08-22 00:47:24,Night_001,No Person Detected,,,,,,,,,,,,,,,,,,,,,,,,,,,,,,,,
2026-08-22 00:47:26,Night_001,Right Side,0.619132,0.45747,0.266474,0.983783,0.603793,0.445891,0.246641,0.982379,0.613427,0.461394,0.382221,0.989351,0.586672,0.441226,0.29165,0.986801,0.60953,0.50203,0.362413,0.996933,0.535672,0.450072,0.212658,0.997386,0.575631,0.614115,0.060221,0.999011,0.525621,0.587731,-0.060662,0.998459
2026-08-22 00:47:27,Night_001,No Person Detected,,,,,,,,,,,,,,,,,,,,,,,,,,,,,,,,
2026-08-22 00:47:27,Night_001,Right Side,0.620455,0.447918,0.183682,0.98432,0.602089,0.437215,0.165681,0.982765,0.616097,0.457826,0.300543,0.989489,0.584129,0.43902,0.216443,0.986839,0.606754,0.49564,0.282195,0.996931,0.518461,0.456748,0.174152,0.997402,0.569518,0.622683,0.044076,0.999024,0.512676,0.612609,-0.044265,0.998474
2026-08-22 00:47:27,Night_001,No Person Detected,,,,,,,,,,,,,,,,,,,,,,,,,,,,,,,,
2026-08-22 00:47:31,Night_001,Right Side,0.621841,0.447143,0.080293,0.985272,0.604635,0.438153,0.062935,0.983867,0.619494,0.457111,0.196901,0.990107,0.585043,0.440374,0.115443,0.987776,0.61012,0.488991,0.188161,0.997032,0.52226,0.45963,0.103848,0.997402,0.565719,0.645593,0.028685,0.998962,0.515127,0.631036,-0.028714,0.998301
2026-08-22 00:47:31,Night_001,No Person Detected,,,,,,,,,,,,,,,,,,,,,,,,,,,,,,,,
2026-08-22 00:47:33,Night_001,Right Side,0.615288,0.441979,0.168423,0.982738,0.592986,0.436191,0.155564,0.981136,0.609378,0.449356,0.273673,0.988286,0.580017,0.443,0.214367,0.985301,0.610566,0.473198,0.238305,0.997185,0.514922,0.45748,0.186508,0.996907,0.570949,0.630549,0.01355,0.998944,0.521089,0.618831,-0.01372,0.998214
2026-08-22 00:47:33,Night_001,No Person Detected,,,,,,,,,,,,,,,,,,,,,,,,,,,,,,,,
2026-08-22 00:47:34,Night_001,Right Side,0.615219,0.450666,0.128939,0.97557,0.597034,0.440987,0.11528,0.973587,0.613455,0.458746,0.233399,0.985543,0.581467,0.442047,0.170867,0.98177,0.610575,0.478022,0.219398,0.997112,0.514777,0.456721,0.150219,0.996267,0.563904,0.641331,0.025316,0.998914,0.507039,0.622308,-0.025539,0.998155
2026-08-22 00:47:35,Night_001,No Person Detected,,,,,,,,,,,,,,,,,,,,,,,,,,,,,,,,
2026-08-22 00:47:35,Night_001,Right Side,0.620119,0.452027,0.123649,0.976462,0.602593,0.441355,0.111648,0.974893,0.616073,0.461336,0.221272,0.98621,0.588196,0.443293,0.165076,0.982917,0.616281,0.491474,0.201512,0.997378,0.525577,0.459563,0.159826,0.996139,0.566432,0.64384,0.018324,0.998989,0.512844,0.624425,-0.018567,0.99828
2026-08-22 00:47:35,Night_001,No Person Detected,,,,,,,,,,,,,,,,,,,,,,,,,,,,,,,,
2026-08-22 00:47:36,Night_001,Right Side,0.618027,0.454838,0.171903,0.978023,0.603099,0.4444,0.15527,0.976565,0.612902,0.460454,0.281505,0.987195,0.586329,0.44354,0.204486,0.984237,0.599056,0.492018,0.247726,0.997494,0.525887,0.457659,0.18214,0.996328,0.554861,0.644289,0.013317,0.999036,0.511669,0.629938,-0.013721,0.998366
2026-08-22 00:47:36,Night_001,No Person Detected,,,,,,,,,,,,,,,,,,,,,,,,,,,,,,,,
2026-08-22 00:47:36,Night_001,Right Side,0.616703,0.449934,0.104521,0.976011,0.599552,0.438651,0.088421,0.974075,0.614059,0.458411,0.217213,0.986444,0.579986,0.441813,0.141923,0.983732,0.61339,0.480972,0.210159,0.997567,0.503177,0.453282,0.138576,0.996098,0.558546,0.652525,0.018795,0.999006,0.493397,0.633394,-0.018977,0.99834
2026-08-22 00:47:36,Night_001,No Person Detected,,,,,,,,,,,,,,,,,,,,,,,,,,,,,,,,
2026-08-22 00:47:38,Night_001,Right Side,0.616481,0.454552,0.137215,0.977694,0.599777,0.444084,0.122632,0.975798,0.612535,0.461444,0.233042,0.987195,0.586979,0.444072,0.165233,0.985133,0.599735,0.485975,0.208857,0.997738,0.526181,0.458212,0.156098,0.995769,0.552995,0.643058,0.01422,0.999093,0.514676,0.629856,-0.014723,0.9984
2026-08-22 00:47:38,Night_001,No Person Detected,,,,,,,,,,,,,,,,,,,,,,,,,,,,,,,,
2026-08-22 00:47:39,Night_001,Right Side,0.618263,0.453345,0.30188,0.979872,0.604808,0.440467,0.282845,0.978133,0.614408,0.461795,0.451306,0.988432,0.587383,0.436355,0.366491,0.986545,0.606668,0.519181,0.443554,0.997701,0.537418,0.447823,0.27894,0.996174,0.569392,0.613333,0.053056,0.99915,0.51419,0.577212,-0.053334,0.998545
2026-08-22 00:47:40,Night_001,No Person Detected,,,,,,,,,,,,,,,,,,,,,,,,,,,,,,,,
2026-08-22 00:47:41,Night_001,Right Side,0.616585,0.453154,0.11466,0.978836,0.597585,0.443908,0.098534,0.977362,0.614719,0.458926,0.225452,0.988012,0.580866,0.442928,0.151427,0.986185,0.608135,0.482221,0.218266,0.997668,0.514807,0.453588,0.137784,0.996097,0.560888,0.638607,0.027966,0.999194,0.504856,0.621119,-0.028113,0.998586
2026-08-22 00:47:41,Night_001,No Person Detected,,,,,,,,,,,,,,,,,,,,,,,,,,,,,,,,
2026-08-22 00:47:43,Night_001,Right Side,0.614891,0.44451,0.171328,0.979858,0.597958,0.435172,0.157307,0.978562,0.61213,0.452978,0.277048,0.988403,0.58256,0.436441,0.212369,0.986819,0.611439,0.471683,0.25677,0.997811,0.521451,0.447408,0.182074,0.996369,0.571417,0.629436,0.031522,0.999135,0.515264,0.618636,-0.031706,0.998555
2026-08-22 00:47:43,Night_001,No Person Detected,,,,,,,,,,,,,,,,,,,,,,,,,,,,,,,,
2026-08-22 00:47:45,Night_001,Right Side,0.618586,0.450201,0.162946,0.982795,0.602421,0.43794,0.150549,0.981859,0.617701,0.463252,0.272133,0.989707,0.585496,0.441728,0.2138,0.988889,0.610041,0.497046,0.244247,0.998112,0.526254,0.463068,0.188142,0.996912,0.570069,0.626157,0.027197,0.999217,0.524392,0.615112,-0.027368,0.998721
2026-08-22 00:47:45,Night_001,No Person Detected,,,,,,,,,,,,,,,,,,,,,,,,,,,,,,,,
2026-08-22 00:47:46,Night_001,Right Side,0.619319,0.458614,0.248081,0.982323,0.604111,0.447474,0.226198,0.97843,0.614177,0.461967,0.369361,0.98924,0.587738,0.442271,0.268346,0.984035,0.594189,0.512646,0.353067,0.997334,0.533399,0.450539,0.183836,0.997054,0.560889,0.62627,0.066202,0.999208,0.518613,0.601332,-0.066575,0.99874
2026-08-22 00:47:46,Night_001,No Person Detected,,,,,,,,,,,,,,,,,,,,,,,,,,,,,,,,
2026-08-22 00:47:47,Night_001,Right Side,0.617385,0.453497,0.144785,0.983718,0.600258,0.439327,0.131459,0.98011,0.617259,0.46377,0.244234,0.990016,0.58429,0.441452,0.181405,0.985244,0.606781,0.4973,0.231921,0.997431,0.519511,0.458331,0.153871,0.997279,0.566103,0.631577,0.037973,0.999117,0.513523,0.618172,-0.038151,0.998724
2026-08-22 00:47:47,Night_001,No Person Detected,,,,,,,,,,,,,,,,,,,,,,,,,,,,,,,,
2026-08-22 00:47:50,Night_001,Right Side,0.619439,0.450047,0.172127,0.984467,0.599781,0.439193,0.159521,0.981121,0.618352,0.460752,0.273922,0.990207,0.583725,0.440657,0.215186,0.985759,0.614594,0.495072,0.247303,0.997292,0.529638,0.45756,0.176032,0.99732,0.576749,0.627054,0.033274,0.999061,0.520087,0.610783,-0.033397,0.99872
2026-08-22 00:47:50,Night_001,No Person Detected,,,,,,,,,,,,,,,,,,,,,,,,,,,,,,,,
2026-08-22 00:47:51,Night_001,Right Side,0.621796,0.451054,0.184544,0.985206,0.604125,0.438759,0.166556,0.982031,0.62019,0.462938,0.298448,0.990505,0.587341,0.43975,0.214931,0.986463,0.61039,0.50163,0.275331,0.997228,0.520203,0.46211,0.165279,0.997325,0.574088,0.629255,0.04086,0.999086,0.516448,0.611731,-0.041144,0.998744
2026-08-22 00:47:51,Night_001,No Person Detected,,,,,,,,,,,,,,,,,,,,,,,,,,,,,,,,
2026-08-22 00:47:52,Night_001,Right Side,0.618869,0.45325,0.175705,0.984948,0.601977,0.443123,0.161886,0.981826,0.614139,0.458595,0.270774,0.990361,0.585717,0.442882,0.206543,0.986436,0.608123,0.477447,0.245766,0.99717,0.525087,0.457842,0.174392,0.99699,0.56547,0.630684,0.029541,0.999033,0.519276,0.617847,-0.029759,0.998544
2026-08-22 00:47:52,Night_001,No Person Detected,,,,,,,,,,,,,,,,,,,,,,,,,,,,,,,,
2026-08-22 00:47:55,Night_001,Right Side,0.616556,0.447704,0.150189,0.984036,0.596818,0.436769,0.136116,0.980617,0.614902,0.458463,0.258919,0.989708,0.58074,0.441888,0.193556,0.985003,0.609705,0.488888,0.227177,0.997259,0.511071,0.46335,0.177922,0.996879,0.570302,0.633498,0.016593,0.999089,0.514162,0.627205,-0.016821,0.998622
2026-08-22 00:47:55,Night_001,No Person Detected,,,,,,,,,,,,,,,,,,,,,,,,,,,,,,,,
2026-08-22 00:47:57,Night_001,Right Side,0.620978,0.447778,0.115285,0.98516,0.602976,0.435519,0.101069,0.98204,0.618391,0.458147,0.229471,0.990417,0.585203,0.440884,0.161083,0.986173,0.613377,0.497522,0.213446,0.997455,0.52223,0.462483,0.148618,0.997022,0.575939,0.634431,0.029378,0.998929,0.5176,0.61652,-0.029442,0.998259
2026-08-22 00:47:57,Night_001,No Person Detected,,,,,,,,,,,,,,,,,,,,,,,,,,,,,,,,
2026-08-22 00:47:57,Night_001,Right Side,0.620457,0.445907,0.124088,0.984536,0.599855,0.437418,0.112095,0.981447,0.618023,0.455268,0.224829,0.989909,0.584983,0.442385,0.16867,0.985336,0.619894,0.491503,0.200324,0.997541,0.524142,0.464917,0.161976,0.996614,0.582821,0.641801,0.015524,0.998806,0.520734,0.622862,-0.015545,0.998001
2026-08-22 00:47:57,Night_001,No Person Detected,,,,,,,,,,,,,,,,,,,,,,,,,,,,,,,,
2026-08-22 00:47:59,Night_001,Right Side,0.616404,0.45367,0.371432,0.979454,0.600846,0.4409,0.350826,0.968573,0.612059,0.457106,0.496359,0.985661,0.585416,0.437626,0.406142,0.96958,0.605038,0.502785,0.446457,0.995903,0.529761,0.452274,0.298062,0.996474,0.573784,0.616369,0.044616,0.998562,0.522115,0.596668,-0.045214,0.997863
2026-08-22 00:47:59,Night_001,No Person Detected,,,,,,,,,,,,,,,,,,,,,,,,,,,,,,,,
2026-08-22 00:48:03,Night_001,Right Side,0.61972,0.445791,0.158897,0.980244,0.598999,0.435774,0.144144,0.969873,0.617532,0.456768,0.269124,0.986136,0.583419,0.438753,0.201218,0.970922,0.613104,0.488853,0.24085,0.996123,0.518941,0.463732,0.173756,0.996462,0.572633,0.630382,0.020437,0.998651,0.514868,0.623909,-0.020659,0.99799
2026-08-22 00:48:04,Night_001,No Person Detected,,,,,,,,,,,,,,,,,,,,,,,,,,,,,,,,
2026-08-22 00:48:04,Night_001,Right Side,0.617483,0.447248,0.11383,0.980437,0.599716,0.435335,0.103171,0.970885,0.616598,0.457049,0.21523,0.986441,0.583828,0.440772,0.166508,0.97249,0.616604,0.491482,0.203641,0.996266,0.527593,0.459316,0.152558,0.996537,0.569032,0.64202,0.022222,0.998661,0.511894,0.624345,-0.022518,0.99806
2026-08-22 00:48:04,Night_001,No Person Detected,,,,,,,,,,,,,,,,,,,,,,,,,,,,,,,,
2026-08-22 00:48:07,Night_001,Right Side,0.617039,0.44914,0.114133,0.981162,0.599923,0.437068,0.102018,0.972387,0.616276,0.460191,0.217549,0.987025,0.583768,0.441822,0.160736,0.974437,0.61335,0.489387,0.205169,0.996489,0.517975,0.457206,0.137861,0.99671,0.566577,0.632249,0.036697,0.998551,0.508738,0.620055,-0.036915,0.997982
2026-08-22 00:48:07,Night_001,No Person Detected,,,,,,,,,,,,,,,,,,,,,,,,,,,,,,,,
2026-08-22 00:48:11,Night_001,Right Side,0.619146,0.453718,0.160293,0.982016,0.602495,0.445865,0.139227,0.97397,0.614581,0.457838,0.250359,0.987758,0.587492,0.442458,0.152282,0.976118,0.59255,0.477094,0.222912,0.996707,0.52905,0.454479,0.127133,0.996898,0.552996,0.639349,0.034723,0.998645,0.523461,0.629249,-0.035104,0.998078
2026-08-22 00:48:11,Night_001,No Person Detected,,,,,,,,,,,,,,,,,,,,,,,,,,,,,,,,
2026-08-22 00:48:11,Night_001,Right Side,0.610892,0.439484,0.104387,0.980403,0.591722,0.434689,0.088027,0.972695,0.609576,0.44718,0.220318,0.986697,0.580457,0.440994,0.145721,0.97546,0.614698,0.475103,0.200078,0.996924,0.516955,0.464956,0.135438,0.996149,0.576593,0.643797,0.011149,0.998703,0.527774,0.635,-0.011477,0.997997
2026-08-22 00:48:12,Night_001,No Person Detected,,,,,,,,,,,,,,,,,,,,,,,,,,,,,,,,
2026-08-22 00:48:12,Night_001,Right Side,0.617645,0.443498,0.075401,0.983545,0.597924,0.435855,0.05986,0.977759,0.616355,0.454358,0.194064,0.988745,0.580255,0.440766,0.120345,0.980399,0.61061,0.489753,0.179788,0.997579,0.512487,0.462052,0.121485,0.996223,0.565804,0.647273,0.008995,0.998933,0.512211,0.629964,-0.00904,0.998202
2026-08-22 00:48:12,Night_001,No Person Detected,,,,,,,,,,,,,,,,,,,,,,,,,,,,,,,,
2026-08-22 00:48:12,Night_001,Right Side,0.620786,0.450131,0.164841,0.984129,0.604304,0.441407,0.147919,0.978857,0.616251,0.45738,0.273179,0.989214,0.585886,0.443181,0.194396,0.981689,0.603896,0.476906,0.243881,0.997624,0.514779,0.459544,0.168261,0.996209,0.562979,0.635414,0.026854,0.998924,0.514671,0.625728,-0.026967,0.998111
2026-08-22 00:48:13,Night_001,No Person Detected,,,,,,,,,,,,,,,,,,,,,,,,,,,,,,,,
2026-08-22 00:48:14,Night_001,Right Side,0.621699,0.446911,0.137134,0.98554,0.603503,0.439336,0.119133,0.981157,0.616491,0.454868,0.247187,0.990152,0.584324,0.441364,0.162623,0.984028,0.607945,0.478941,0.220831,0.997954,0.516587,0.455401,0.148239,0.996464,0.566077,0.637872,0.017512,0.999042,0.519057,0.625493,-0.017638,0.998235
2026-08-22 00:48:15,Night_001,No Person Detected,,,,,,,,,,,,,,,,,,,,,,,,,,,,,,,,
2026-08-22 00:48:15,Night_001,Right Side,0.617711,0.444105,0.057145,0.983839,0.60023,0.43325,0.046228,0.980038,0.616854,0.458105,0.158814,0.988887,0.582892,0.439499,0.107863,0.984561,0.61034,0.492053,0.151755,0.99808,0.51333,0.463205,0.10726,0.996566,0.560291,0.647569,0.024443,0.999069,0.499016,0.629311,-0.024562,0.998369
2026-08-22 00:48:16,Night_001,No Person Detected,,,,,,,,,,,,,,,,,,,,,,,,,,,,,,,,
2026-08-22 00:48:17,Night_001,Right Side,0.619759,0.445851,0.158662,0.982739,0.600027,0.437346,0.143432,0.978375,0.61794,0.455956,0.276153,0.988816,0.581941,0.440095,0.20565,0.98432,0.610616,0.491371,0.252568,0.998182,0.516135,0.465403,0.185363,0.995992,0.568772,0.639868,0.020427,0.999129,0.511046,0.622379,-0.020543,0.998391
2026-08-22 00:48:18,Night_001,No Person Detected,,,,,,,,,,,,,,,,,,,,,,,,,,,,,,,,
2026-08-22 00:48:18,Night_001,Right Side,0.615106,0.446881,0.069022,0.977833,0.595178,0.439436,0.056602,0.973941,0.613453,0.457651,0.172284,0.98638,0.579311,0.442472,0.115826,0.982738,0.618049,0.478596,0.163088,0.998201,0.513729,0.461618,0.102425,0.995352,0.573726,0.644784,0.020966,0.999328,0.51404,0.627619,-0.021222,0.998771
2026-08-22 00:48:19,Night_001,No Person Detected,,,,,,,,,,,,,,,,,,,,,,,,,,,,,,,,
2026-08-22 00:48:20,Night_001,Right Side,0.609934,0.445259,0.082795,0.973292,0.590681,0.438618,0.06276,0.970399,0.607308,0.452256,0.193178,0.983576,0.577979,0.442469,0.101237,0.980565,0.595376,0.469177,0.176329,0.998206,0.507163,0.463173,0.101034,0.995075,0.558932,0.649413,0.007155,0.999319,0.51727,0.644616,-0.007613,0.998667
2026-08-22 00:48:21,Night_001,No Person Detected,,,,,,,,,,,,,,,,,,,,,,,,,,,,,,,,
2026-08-22 00:48:22,Night_001,Right Side,0.619285,0.447986,0.211005,0.976001,0.602513,0.435713,0.198296,0.973364,0.616903,0.459981,0.327596,0.98279,0.583991,0.437849,0.267742,0.98102,0.614409,0.509148,0.2962,0.997231,0.527047,0.458535,0.224344,0.99553,0.580101,0.610257,0.026778,0.999088,0.511555,0.587429,-0.026946,0.998613
2026-08-22 00:48:22,Night_001,No Person Detected,,,,,,,,,,,,,,,,,,,,,,,,,,,,,,,,
2026-08-22 00:48:23,Night_001,Right Side,0.618385,0.449654,0.072496,0.976622,0.601749,0.435663,0.063996,0.974305,0.617571,0.463673,0.161733,0.983431,0.584912,0.440232,0.120253,0.981932,0.616323,0.498213,0.152439,0.997244,0.519829,0.463237,0.131171,0.994685,0.561123,0.643867,0.015426,0.998969,0.50203,0.623635,-0.015466,0.998339
2026-08-22 00:48:24,Night_001,No Person Detected,,,,,,,,,,,,,,,,,,,,,,,,,,,,,,,,
2026-08-22 00:48:24,Night_001,Right Side,0.617349,0.44862,0.183903,0.977996,0.599093,0.439978,0.17029,0.975733,0.615225,0.458656,0.291679,0.984417,0.585441,0.44288,0.228962,0.982909,0.613599,0.483478,0.259888,0.997064,0.52632,0.455576,0.192945,0.994392,0.570378,0.631185,0.0259,0.998937,0.517615,0.618915,-0.026077,0.998175
2026-08-22 00:48:24,Night_001,No Person Detected,,,,,,,,,,,,,,,,,,,,,,,,,,,,,,,,
2026-08-22 00:48:24,Night_001,Right Side,0.617989,0.440994,0.159835,0.97801,0.598201,0.434931,0.143535,0.975776,0.616196,0.452262,0.268912,0.984285,0.581337,0.440058,0.194451,0.982679,0.617781,0.484665,0.245504,0.997082,0.515342,0.464191,0.170496,0.993825,0.582225,0.638021,0.024701,0.998814,0.519648,0.623336,-0.02477,0.99798
2026-08-22 00:48:24,Night_001,No Person Detected,,,,,,,,,,,,,,,,,,,,,,,,,,,,,,,,
2026-08-22 00:48:26,Night_001,Right Side,0.617612,0.458603,0.32818,0.980184,0.606193,0.444782,0.305764,0.978155,0.612701,0.465513,0.467814,0.985821,0.588094,0.437833,0.365085,0.984374,0.591669,0.517975,0.45351,0.997053,0.539268,0.448912,0.270438,0.994414,0.556976,0.609666,0.055401,0.998761,0.514484,0.575048,-0.055723,0.998042
2026-08-22 00:48:26,Night_001,No Person Detected,,,,,,,,,,,,,,,,,,,,,,,,,,,,,,,,
2026-08-22 00:48:27,Night_001,Right Side,0.620193,0.449015,0.14615,0.981642,0.601637,0.439873,0.130111,0.979779,0.617105,0.457868,0.272305,0.986872,0.583601,0.441149,0.198006,0.985594,0.612219,0.491624,0.260705,0.997197,0.51546,0.461048,0.165583,0.994838,0.575343,0.632107,0.039511,0.998783,0.517152,0.620878,-0.039637,0.998084
2026-08-22 00:48:27,Night_001,No Person Detected,,,,,,,,,,,,,,,,,,,,,,,,,,,,,,,,
2026-08-22 00:48:28,Night_001,Right Side,0.618597,0.445606,0.160283,0.982737,0.599929,0.437414,0.146075,0.980848,0.61559,0.455341,0.27139,0.987742,0.583511,0.4416,0.204991,0.986372,0.605913,0.476955,0.234553,0.997395,0.518865,0.459369,0.18271,0.995101,0.566526,0.631589,0.014063,0.998861,0.521806,0.625905,-0.014337,0.998169
2026-08-22 00:48:28,Night_001,No Person Detected,,,,,,,,,,,,,,,,,,,,,,,,,,,,,,,,
2026-08-22 00:48:29,Night_001,Right Side,0.622218,0.452254,0.084676,0.982576,0.602263,0.439754,0.066646,0.980921,0.617628,0.459309,0.208963,0.9879,0.580265,0.438783,0.123145,0.986673,0.608649,0.497647,0.202217,0.997456,0.509021,0.457824,0.116692,0.994929,0.562469,0.656302,0.025321,0.998849,0.502726,0.630561,-0.025318,0.998001
2026-08-22 00:48:30,Night_001,No Person Detected,,,,,,,,,,,,,,,,,,,,,,,,,,,,,,,,
2026-08-22 00:48:31,Night_001,Right Side,0.614986,0.449,0.086044,0.980679,0.595873,0.441092,0.074483,0.980062,0.614501,0.459806,0.192038,0.987136,0.580192,0.443286,0.138243,0.986541,0.614819,0.488967,0.183865,0.997361,0.514795,0.460269,0.122655,0.99517,0.56686,0.644566,0.030171,0.998853,0.509401,0.622328,-0.030253,0.998009
2026-08-22 00:48:31,Night_001,No Person Detected,,,,,,,,,,,,,,,,,,,,,,,,,,,,,,,,
2026-08-22 00:48:35,Night_001,Right Side,0.620994,0.451959,0.150117,0.981259,0.602028,0.441319,0.132917,0.980868,0.616503,0.458283,0.260035,0.9877,0.585185,0.442143,0.181387,0.987316,0.60658,0.483312,0.235568,0.997298,0.520888,0.452008,0.163316,0.995421,0.561378,0.644311,0.028141,0.998872,0.509793,0.628533,-0.028315,0.998065
2026-08-22 00:48:35,Night_001,No Person Detected,,,,,,,,,,,,,,,,,,,,,,,,,,,,,,,,
2026-08-22 00:48:36,Night_001,Right Side,0.618398,0.444599,0.065126,0.981488,0.60042,0.437084,0.049867,0.981031,0.615664,0.455451,0.176276,0.987937,0.583788,0.442246,0.103958,0.987129,0.615375,0.483396,0.164885,0.99775,0.513645,0.45481,0.096946,0.995293,0.573749,0.639763,0.018424,0.998993,0.516048,0.618813,-0.018551,0.998081
2026-08-22 00:48:36,Night_001,No Person Detected,,,,,,,,,,,,,,,,,,,,,,,,,,,,,,,,
2026-08-22 00:48:37,Night_001,Right Side,0.617644,0.445744,0.154183,0.980089,0.598727,0.438609,0.139538,0.979201,0.614775,0.454847,0.260754,0.986811,0.582138,0.442401,0.193569,0.985431,0.613482,0.468121,0.230262,0.997784,0.517182,0.453971,0.163497,0.995312,0.571985,0.631038,0.020525,0.999,0.520516,0.624258,-0.020689,0.998112
2026-08-22 00:48:38,Night_001,No Person Detected,,,,,,,,,,,,,,,,,,,,,,,,,,,,,,,,
2026-08-22 00:48:38,Night_001,Right Side,0.619008,0.445801,0.08315,0.976595,0.599965,0.438482,0.068055,0.975717,0.615879,0.45675,0.193941,0.984853,0.580077,0.440966,0.122403,0.98336,0.607929,0.485685,0.185199,0.998,0.510041,0.461555,0.119177,0.995277,0.564578,0.651437,0.024646,0.999066,0.508535,0.631319,-0.024711,0.998136
2026-08-22 00:48:38,Night_001,No Person Detected,,,,,,,,,,,,,,,,,,,,,,,,,,,,,,,,
2026-08-22 00:48:41,Night_001,Right Side,0.612086,0.45697,0.236272,0.974611,0.603814,0.450959,0.222201,0.973387,0.608477,0.458295,0.247526,0.983705,0.59268,0.450711,0.181638,0.979705,0.567746,0.456023,0.163713,0.998123,0.575059,0.458375,0.125559,0.995611,0.546894,0.621203,0.034334,0.999151,0.545587,0.617442,-0.03479,0.998304
2026-08-22 00:48:42,Night_001,No Person Detected,,,,,,,,,,,,,,,,,,,,,,,,,,,,,,,,
2026-08-22 00:48:42,Night_001,Right Side,0.619967,0.449247,0.139244,0.974014,0.599695,0.438558,0.125627,0.972344,0.617215,0.457141,0.244843,0.983726,0.583263,0.439742,0.18226,0.979398,0.617581,0.485197,0.231061,0.998015,0.515195,0.462734,0.166518,0.995233,0.574026,0.636944,0.029939,0.999158,0.508786,0.622467,-0.030051,0.998325
2026-08-22 00:48:42,Night_001,No Person Detected,,,,,,,,,,,,,,,,,,,,,,,,,,,,,,,,
2026-08-22 00:48:47,Night_001,Right Side,0.615036,0.455532,0.310227,0.976441,0.600915,0.440846,0.295424,0.974822,0.612019,0.463423,0.434616,0.985025,0.585753,0.439737,0.363981,0.981033,0.601282,0.519716,0.411934,0.996552,0.527965,0.456496,0.297879,0.995512,0.562424,0.616841,0.050816,0.998107,0.507608,0.593679,-0.051183,0.9975
2026-08-22 00:48:47,Night_001,No Person Detected,,,,,,,,,,,,,,,,,,,,,,,,,,,,,,,,
2026-08-22 00:48:47,Night_001,Right Side,0.61619,0.442267,0.073944,0.976951,0.595808,0.432379,0.063217,0.975519,0.615468,0.456621,0.183838,0.98543,0.580648,0.440423,0.13438,0.981894,0.617086,0.495617,0.18067,0.996743,0.513448,0.465793,0.120971,0.995683,0.566987,0.642776,0.025989,0.998177,0.507438,0.625813,-0.026202,0.997589
2026-08-22 00:48:47,Night_001,No Person Detected,,,,,,,,,,,,,,,,,,,,,,,,,,,,,,,,
2026-08-22 00:48:48,Night_001,Right Side,0.618844,0.449277,0.154508,0.979093,0.600468,0.436747,0.141089,0.977765,0.615085,0.459321,0.264334,0.986785,0.584987,0.441597,0.202886,0.983583,0.609991,0.499175,0.242939,0.996961,0.525833,0.46525,0.168853,0.996031,0.570123,0.636803,0.031259,0.998273,0.514724,0.624544,-0.031497,0.997743
2026-08-22 00:48:48,Night_001,No Person Detected,,,,,,,,,,,,,,,,,,,,,,,,,,,,,,,,
2026-08-22 00:48:48,Night_001,Right Side,0.620219,0.449112,0.194163,0.980746,0.601598,0.439576,0.180228,0.979476,0.618093,0.459237,0.308752,0.987772,0.583999,0.440783,0.243607,0.984919,0.612968,0.4945,0.285477,0.997048,0.524875,0.458786,0.195394,0.99632,0.57492,0.624016,0.043799,0.998339,0.516541,0.611647,-0.043921,0.997834
2026-08-22 00:48:48,Night_001,No Person Detected,,,,,,,,,,,,,,,,,,,,,,,,,,,,,,,,
2026-08-22 00:48:50,Night_001,Right Side,0.621618,0.448739,0.064096,0.981414,0.603074,0.440172,0.046977,0.980171,0.615862,0.456126,0.178067,0.988193,0.585156,0.442275,0.097822,0.985581,0.610013,0.482852,0.169016,0.997186,0.511639,0.460584,0.094698,0.996285,0.564676,0.650998,0.017115,0.99844,0.512619,0.635751,-0.017264,0.997898
2026-08-22 00:48:51,Night_001,No Person Detected,,,,,,,,,,,,,,,,,,,,,,,,,,,,,,,,
2026-08-22 00:48:51,Night_001,Right Side,0.614458,0.445699,0.128739,0.976657,0.59677,0.439482,0.112723,0.976255,0.612715,0.456153,0.230984,0.985225,0.580574,0.442573,0.157498,0.983321,0.603808,0.470729,0.212981,0.997309,0.513551,0.454627,0.140569,0.995816,0.556644,0.639052,0.01705,0.998594,0.509113,0.626988,-0.017253,0.997928
2026-08-22 00:48:51,Night_001,No Person Detected,,,,,,,,,,,,,,,,,,,,,,,,,,,,,,,,
2026-08-22 00:48:52,Night_001,Right Side,0.619751,0.443251,0.183648,0.980326,0.597577,0.438151,0.170875,0.979497,0.615664,0.453513,0.284785,0.987473,0.583663,0.443606,0.226302,0.985624,0.616728,0.472761,0.239998,0.997761,0.532614,0.464393,0.196561,0.99601,0.580535,0.631102,0.008405,0.998897,0.536811,0.632841,-0.00879,0.9983
2026-08-22 00:48:52,Night_001,No Person Detected,,,,,,,,,,,,,,,,,,,,,,,,,,,,,,,,
2026-08-22 00:48:57,Night_001,Right Side,0.616262,0.444292,0.149094,0.975631,0.598009,0.438518,0.13667,0.974898,0.615437,0.453211,0.254416,0.984974,0.583156,0.443547,0.198665,0.98263,0.616171,0.478454,0.231807,0.9973,0.526677,0.456998,0.157167,0.995634,0.572571,0.638759,0.027897,0.998914,0.515928,0.624867,-0.028069,0.998317
2026-08-22 00:48:57,Night_001,No Person Detected,,,,,,,,,,,,,,,,,,,,,,,,,,,,,,,,
2026-08-22 00:48:58,Night_001,Right Side,0.616298,0.449515,0.107408,0.975967,0.599411,0.437156,0.093631,0.974987,0.614122,0.460038,0.214496,0.985519,0.582341,0.440605,0.151014,0.983136,0.611155,0.492358,0.205734,0.997449,0.515118,0.459909,0.142215,0.99594,0.568444,0.637224,0.027705,0.998893,0.506147,0.619614,-0.027947,0.998367
2026-08-22 00:48:58,Night_001,No Person Detected,,,,,,,,,,,,,,,,,,,,,,,,,,,,,,,,
2026-08-22 00:48:59,Night_001,Right Side,0.619759,0.452724,0.185669,0.978054,0.602065,0.439791,0.170717,0.977083,0.615689,0.462593,0.295087,0.986752,0.583702,0.44127,0.226308,0.98454,0.602107,0.496472,0.26553,0.997637,0.519839,0.459857,0.201599,0.996201,0.565542,0.629219,0.021498,0.998977,0.510562,0.615821,-0.021754,0.998488
2026-08-22 00:48:59,Night_001,No Person Detected,,,,,,,,,,,,,,,,,,,,,,,,,,,,,,,,
2026-08-22 00:49:02,Night_001,Right Side,0.620946,0.449398,0.165136,0.97987,0.605262,0.437825,0.152587,0.978888,0.61919,0.460151,0.273864,0.987796,0.587322,0.441425,0.21627,0.985775,0.622212,0.500723,0.247679,0.997797,0.531628,0.465232,0.178488,0.996474,0.583982,0.624161,0.029938,0.999009,0.528614,0.609048,-0.030134,0.99856
2026-08-22 00:49:02,Night_001,No Person Detected,,,,,,,,,,,,,,,,,,,,,,,,,,,,,,,,
2026-08-22 00:49:06,Night_001,Right Side,0.611652,0.457173,0.251386,0.977582,0.602265,0.449643,0.228799,0.975463,0.605482,0.459372,0.279945,0.986212,0.591072,0.447509,0.174456,0.981789,0.551017,0.472489,0.216568,0.997798,0.570235,0.450109,0.098354,0.996713,0.534345,0.627162,0.054876,0.999076,0.538339,0.617804,-0.055379,0.998658
2026-08-22 00:49:07,Night_001,No Person Detected,,,,,,,,,,,,,,,,,,,,,,,,,,,,,,,,
2026-08-22 00:49:08,Night_001,Right Side,0.615742,0.443847,0.109418,0.970993,0.594369,0.436621,0.096807,0.97006,0.614231,0.452014,0.217744,0.982608,0.581714,0.441333,0.159641,0.978779,0.611888,0.476285,0.20402,0.997535,0.515833,0.460896,0.141865,0.996121,0.565145,0.642576,0.01914,0.999099,0.511415,0.622686,-0.019357,0.998622
2026-08-22 00:49:08,Night_001,No Person Detected,,,,,,,,,,,,,,,,,,,,,,,,,,,,,,,,
2026-08-22 00:49:09,Night_001,Right Side,0.616589,0.442878,0.166959,0.97224,0.597205,0.434298,0.152849,0.97141,0.614542,0.452115,0.284482,0.983049,0.581068,0.438891,0.21894,0.979507,0.612297,0.485803,0.249408,0.997657,0.515126,0.460428,0.198986,0.995963,0.575163,0.634462,0.011986,0.999092,0.522921,0.618228,-0.012131,0.998555
2026-08-22 00:49:09,Night_001,No Person Detected,,,,,,,,,,,,,,,,,,,,,,,,,,,,,,,,
2026-08-22 00:49:12,Night_001,Right Side,0.620435,0.453913,0.091344,0.969405,0.601711,0.443728,0.075347,0.969615,0.616041,0.460266,0.189589,0.981996,0.583442,0.440867,0.114858,0.978434,0.60968,0.486922,0.174657,0.997505,0.520039,0.45156,0.11434,0.995719,0.558769,0.650415,0.025343,0.999005,0.504307,0.628033,-0.025468,0.998403
2026-08-22 00:49:13,Night_001,No Person Detected,,,,,,,,,,,,,,,,,,,,,,,,,,,,,,,,
2026-08-22 00:49:15,Night_001,Right Side,0.620236,0.449916,0.174066,0.975656,0.60105,0.440202,0.157055,0.974613,0.615735,0.457347,0.28988,0.985687,0.583296,0.441465,0.210972,0.982936,0.60984,0.485294,0.264237,0.998153,0.520377,0.454435,0.183956,0.996171,0.57244,0.636735,0.032864,0.999245,0.52026,0.625098,-0.033134,0.998696
2026-08-22 00:49:15,Night_001,No Person Detected,,,,,,,,,,,,,,,,,,,,,,,,,,,,,,,,
2026-08-22 00:49:16,Night_001,Right Side,0.619583,0.449522,0.16154,0.977841,0.601306,0.437628,0.14815,0.976242,0.617871,0.460901,0.260426,0.986513,0.583456,0.441733,0.198868,0.983948,0.612349,0.499198,0.238937,0.997625,0.525554,0.459723,0.153806,0.996309,0.573116,0.627626,0.038131,0.999082,0.51517,0.612141,-0.03836,0.998686
2026-08-22 00:49:16,Night_001,No Person Detected,,,,,,,,,,,,,,,,,,,,,,,,,,,,,,,,
2026-08-22 00:49:18,Night_001,Right Side,0.616442,0.446327,0.109912,0.97772,0.598111,0.435906,0.09673,0.976314,0.614253,0.455369,0.221266,0.986578,0.580879,0.440769,0.161589,0.984444,0.61585,0.488928,0.217954,0.997641,0.513983,0.462409,0.141134,0.99643,0.570204,0.636715,0.031637,0.999024,0.509951,0.622381,-0.031813,0.998659
2026-08-22 00:49:18,Night_001,No Person Detected,,,,,,,,,,,,,,,,,,,,,,,,,,,,,,,,
2026-08-22 00:49:20,Night_001,Right Side,0.620548,0.449898,0.169518,0.979422,0.602161,0.440543,0.156698,0.977996,0.61919,0.461145,0.279151,0.98753,0.583667,0.441973,0.220411,0.985464,0.61514,0.49893,0.25057,0.997689,0.527318,0.46638,0.185437,0.996582,0.576264,0.631426,0.025667,0.999049,0.519127,0.618388,-0.025811,0.998692
2026-08-22 00:49:20,Night_001,No Person Detected,,,,,,,,,,,,,,,,,,,,,,,,,,,,,,,,
2026-08-22 00:49:20,Night_001,Right Side,0.618913,0.449797,0.156381,0.98077,0.604114,0.437153,0.143595,0.979265,0.616343,0.461599,0.264258,0.988126,0.588453,0.441747,0.204459,0.986114,0.611155,0.496814,0.238316,0.997391,0.526649,0.465114,0.185055,0.995572,0.565432,0.634031,0.015531,0.99855,0.516944,0.622807,-0.015834,0.997682
2026-08-22 00:49:20,Night_001,No Person Detected,,,,,,,,,,,,,,,,,,,,,,,,,,,,,,,,
2026-08-22 00:49:21,Night_001,Right Side,0.617858,0.44477,0.172353,0.980773,0.5993,0.437729,0.158509,0.979333,0.615319,0.454325,0.280475,0.987927,0.584299,0.44228,0.215727,0.985723,0.616846,0.477721,0.24391,0.997466,0.516773,0.456447,0.193076,0.995468,0.577789,0.635208,0.018015,0.99861,0.521093,0.622144,-0.018167,0.997754
2026-08-22 00:49:22,Night_001,No Person Detected,,,,,,,,,,,,,,,,,,,,,,,,,,,,,,,,
2026-08-22 00:49:22,Night_001,Right Side,0.618554,0.447708,0.174157,0.981163,0.598585,0.437932,0.157934,0.979823,0.616459,0.455343,0.288366,0.988134,0.583959,0.440331,0.213038,0.985691,0.608739,0.485917,0.257271,0.997431,0.51873,0.457763,0.183022,0.995617,0.570345,0.640548,0.031505,0.998693,0.517556,0.629162,-0.031766,0.997884
2026-08-22 00:49:22,Night_001,No Person Detected,,,,,,,,,,,,,,,,,,,,,,,,,,,,,,,,
2026-08-22 00:49:24,Night_001,Right Side,0.61712,0.450406,0.093645,0.981662,0.599541,0.441205,0.0814,0.980605,0.615466,0.460531,0.202971,0.988569,0.58287,0.44218,0.14646,0.986864,0.617018,0.486664,0.198104,0.99773,0.516981,0.45842,0.130184,0.996061,0.569153,0.637301,0.031602,0.998805,0.510701,0.620437,-0.031797,0.998076
2026-08-22 00:49:24,Night_001,No Person Detected,,,,,,,,,,,,,,,,,,,,,,,,,,,,,,,,
2026-08-22 00:49:24,Night_001,Right Side,0.614626,0.461203,0.304831,0.983446,0.602873,0.44818,0.287527,0.98246,0.611318,0.465425,0.423255,0.989643,0.586992,0.440642,0.342904,0.988094,0.589962,0.514802,0.420013,0.997176,0.538311,0.451175,0.258374,0.996415,0.549999,0.615187,0.062018,0.998576,0.512487,0.584213,-0.062466,0.997917
2026-08-22 00:49:24,Night_001,No Person Detected,,,,,,,,,,,,,,,,,,,,,,,,,,,,,,,,
2026-08-22 00:49:25,Night_001,Right Side,0.61932,0.454881,0.212114,0.98499,0.603948,0.442144,0.194904,0.984049,0.616557,0.462642,0.349398,0.990535,0.58575,0.437381,0.27142,0.989102,0.612677,0.510453,0.334337,0.996008,0.530229,0.454086,0.205346,0.996622,0.575079,0.607719,0.04096,0.998164,0.516233,0.581854,-0.041338,0.997784
2026-08-22 00:49:25,Night_001,No Person Detected,,,,,,,,,,,,,,,,,,,,,,,,,,,,,,,,
2026-08-22 00:49:27,Night_001,Right Side,0.619256,0.453667,0.178606,0.986217,0.599755,0.441779,0.164261,0.985274,0.618907,0.463703,0.286472,0.991304,0.5843,0.441874,0.220181,0.989971,0.606785,0.501339,0.261056,0.99634,0.52769,0.460237,0.190134,0.996881,0.567768,0.629788,0.029267,0.998289,0.515841,0.615882,-0.029547,0.997914
2026-08-22 00:49:27,Night_001,No Person Detected,,,,,,,,,,,,,,,,,,,,,,,,,,,,,,,,
2026-08-22 00:49:28,Night_001,Right Side,0.613784,0.44706,0.167365,0.978981,0.59711,0.440205,0.154391,0.977634,0.611945,0.455673,0.248388,0.987438,0.585568,0.44399,0.189484,0.984865,0.606453,0.4671,0.211914,0.996418,0.536506,0.447649,0.154155,0.996686,0.56666,0.63648,0.014734,0.998413,0.527295,0.628004,-0.015162,0.998028
2026-08-22 00:49:28,Night_001,No Person Detected,,,,,,,,,,,,,,,,,,,,,,,,,,,,,,,,
2026-08-22 00:49:29,Night_001,Right Side,0.619566,0.447083,0.184033,0.979171,0.598982,0.438088,0.167954,0.977904,0.615617,0.456757,0.299023,0.98716,0.582403,0.441643,0.226425,0.985166,0.618343,0.488176,0.286318,0.996572,0.526138,0.460364,0.180593,0.996931,0.584271,0.623089,0.047528,0.998485,0.522511,0.607658,-0.047737,0.998147
2026-08-22 00:49:29,Night_001,No Person Detected,,,,,,,,,,,,,,,,,,,,,,,,,,,,,,,,
2026-08-22 00:49:29,Night_001,Right Side,0.620689,0.442705,0.16522,0.980385,0.59947,0.431625,0.151659,0.979179,0.618393,0.455141,0.280485,0.987907,0.58261,0.439051,0.217436,0.986181,0.615046,0.497974,0.25661,0.996749,0.516716,0.465315,0.188125,0.997124,0.579854,0.631891,0.027781,0.998558,0.514425,0.622292,-0.027896,0.998249
2026-08-22 00:49:29,Night_001,No Person Detected,,,,,,,,,,,,,,,,,,,,,,,,,,,,,,,,
2026-08-22 00:49:29,Night_001,Right Side,0.617423,0.446574,0.175467,0.979857,0.599336,0.437504,0.159574,0.978467,0.614176,0.455432,0.290577,0.987187,0.581587,0.440171,0.217587,0.985395,0.605811,0.486378,0.265378,0.996918,0.515704,0.458469,0.186777,0.996968,0.569879,0.627944,0.032376,0.998574,0.51572,0.614826,-0.032586,0.998167
2026-08-22 00:49:29,Night_001,No Person Detected,,,,,,,,,,,,,,,,,,,,,,,,,,,,,,,,
2026-08-22 00:49:30,Night_001,Right Side,0.616919,0.458097,0.253817,0.981299,0.60246,0.44601,0.234906,0.979664,0.612844,0.462983,0.384765,0.987914,0.586272,0.441353,0.298922,0.986012,0.604709,0.509017,0.363627,0.996344,0.538254,0.449708,0.214076,0.997173,0.570864,0.611124,0.047352,0.998521,0.519657,0.58344,-0.047674,0.99818
2026-08-22 00:49:30,Night_001,No Person Detected,,,,,,,,,,,,,,,,,,,,,,,,,,,,,,,,
2026-08-22 00:49:31,Night_001,Right Side,0.615806,0.463701,0.329123,0.983155,0.603964,0.44879,0.308156,0.981657,0.612686,0.467376,0.458845,0.989108,0.58951,0.439843,0.362213,0.987358,0.582486,0.5142,0.440767,0.996521,0.544673,0.446387,0.251899,0.997425,0.547901,0.612636,0.074304,0.998581,0.518014,0.579538,-0.074647,0.998265
2026-08-22 00:49:31,Night_001,No Person Detected,,,,,,,,,,,,,,,,,,,,,,,,,,,,,,,,
2026-08-22 00:49:32,Night_001,Right Side,0.617502,0.44198,0.142964,0.978097,0.597704,0.435352,0.13048,0.975339,0.617644,0.451563,0.247221,0.985319,0.582743,0.439237,0.190549,0.980222,0.622439,0.473113,0.225986,0.996626,0.518329,0.456629,0.170396,0.996152,0.579671,0.629009,0.02019,0.998607,0.522953,0.62296,-0.020409,0.998179
2026-08-22 00:49:32,Night_001,No Person Detected,,,,,,,,,,,,,,,,,,,,,,,,,,,,,,,,
2026-08-22 00:49:33,Night_001,Right Side,0.613958,0.443047,0.165091,0.974234,0.592977,0.437988,0.150974,0.971504,0.613219,0.450325,0.276462,0.982097,0.580966,0.440525,0.211627,0.977329,0.618711,0.473721,0.248901,0.996736,0.518516,0.45788,0.189129,0.995686,0.584216,0.641196,0.017114,0.9986,0.525358,0.627633,-0.017177,0.998066
2026-08-22 00:49:33,Night_001,No Person Detected,,,,,,,,,,,,,,,,,,,,,,,,,,,,,,,,
2026-08-22 00:49:35,Night_001,Right Side,0.617978,0.446883,0.147553,0.974758,0.598552,0.438979,0.13133,0.971986,0.613982,0.455606,0.254134,0.982517,0.583226,0.4432,0.178381,0.977767,0.608651,0.475352,0.228785,0.996921,0.521393,0.456715,0.152846,0.995553,0.565336,0.639565,0.023584,0.99863,0.518293,0.630498,-0.02367,0.997986
2026-08-22 00:49:36,Night_001,No Person Detected,,,,,,,,,,,,,,,,,,,,,,,,,,,,,,,,
2026-08-22 00:49:36,Night_001,Right Side,0.621019,0.450022,0.125497,0.976596,0.599679,0.437453,0.112706,0.974026,0.617126,0.461263,0.236323,0.983913,0.583617,0.441175,0.17612,0.979615,0.615607,0.498139,0.22207,0.997108,0.526162,0.4682,0.171093,0.995609,0.562601,0.645638,0.017351,0.998513,0.508842,0.630977,-0.017568,0.997836
2026-08-22 00:49:36,Night_001,No Person Detected,,,,,,,,,,,,,,,,,,,,,,,,,,,,,,,,
2026-08-22 00:49:38,Night_001,Right Side,0.614495,0.442823,0.177454,0.976843,0.595075,0.436288,0.162621,0.974532,0.614403,0.453146,0.297515,0.983764,0.580855,0.441337,0.22826,0.979879,0.615992,0.482244,0.266381,0.99709,0.516493,0.458062,0.19533,0.995517,0.583305,0.643094,0.028394,0.998447,0.52558,0.627278,-0.028597,0.997691
2026-08-22 00:49:38,Night_001,No Person Detected,,,,,,,,,,,,,,,,,,,,,,,,,,,,,,,,
2026-08-22 00:49:38,Night_001,Right Side,0.618872,0.446106,0.143504,0.978658,0.597184,0.435667,0.135996,0.976454,0.618989,0.458802,0.246745,0.984996,0.580656,0.441727,0.212773,0.98137,0.622723,0.503494,0.215377,0.997227,0.525424,0.47356,0.188708,0.995733,0.583562,0.630478,0.015468,0.998521,0.521964,0.619182,-0.0156,0.997848
2026-08-22 00:49:38,Night_001,No Person Detected,,,,,,,,,,,,,,,,,,,,,,,,,,,,,,,,
2026-08-22 00:49:40,Night_001,Right Side,0.619972,0.448417,0.066146,0.979046,0.600309,0.439723,0.045741,0.977028,0.615322,0.455243,0.180802,0.985351,0.580256,0.441387,0.085677,0.982097,0.604029,0.476993,0.163137,0.997401,0.514365,0.452202,0.081136,0.995816,0.559891,0.651799,0.010371,0.99862,0.51501,0.63365,-0.01064,0.99795
2026-08-22 00:49:41,Night_001,No Person Detected,,,,,,,,,,,,,,,,,,,,,,,,,,,,,,,,
2026-08-22 00:49:41,Night_001,Right Side,0.613981,0.450208,0.173647,0.982399,0.594999,0.44302,0.157932,0.980129,0.612666,0.457123,0.27435,0.988092,0.582022,0.442534,0.20267,0.985228,0.60409,0.468476,0.247654,0.998062,0.529356,0.448961,0.16912,0.996149,0.561491,0.629105,0.03855,0.999028,0.52524,0.625202,-0.039073,0.998504
2026-08-22 00:49:41,Night_001,No Person Detected,,,,,,,,,,,,,,,,,,,,,,,,,,,,,,,,
2026-08-22 00:49:42,Night_001,Right Side,0.615839,0.44517,0.175513,0.97929,0.599298,0.438637,0.159703,0.977436,0.613319,0.45229,0.284829,0.986461,0.583267,0.441915,0.213023,0.983868,0.605635,0.476259,0.263317,0.997903,0.516847,0.452375,0.163246,0.996341,0.567768,0.633936,0.034219,0.999084,0.512732,0.620301,-0.034532,0.998607
2026-08-22 00:49:42,Night_001,No Person Detected,,,,,,,,,,,,,,,,,,,,,,,,,,,,,,,,
2026-08-22 00:49:45,Night_001,Right Side,0.607466,0.440939,0.184871,0.98096,0.592852,0.440531,0.17172,0.979265,0.605883,0.4478,0.226068,0.987656,0.580193,0.443162,0.165321,0.985265,0.573411,0.449551,0.145792,0.998091,0.559242,0.456909,0.128669,0.996623,0.55597,0.641269,-0.005639,0.999172,0.559891,0.642518,0.004936,0.998737
2026-08-22 00:49:45,Night_001,No Person Detected,,,,,,,,,,,,,,,,,,,,,,,,,,,,,,,,
2026-08-22 00:49:46,Night_001,Right Side,0.622387,0.4501,0.145752,0.979312,0.60252,0.438284,0.12951,0.977067,0.621234,0.459311,0.264958,0.98516,0.584742,0.439121,0.189217,0.984107,0.61523,0.4907,0.25326,0.998104,0.516975,0.462725,0.162865,0.995845,0.573313,0.631631,0.036523,0.999133,0.513283,0.617811,-0.036665,0.998627
2026-08-22 00:49:46,Night_001,No Person Detected,,,,,,,,,,,,,,,,,,,,,,,,,,,,,,,,
2026-08-22 00:49:50,Night_001,Right Side,0.616452,0.452872,0.164387,0.979987,0.59936,0.441849,0.153694,0.977466,0.61523,0.462006,0.255839,0.985709,0.584215,0.445028,0.20671,0.984045,0.614586,0.495219,0.224246,0.998164,0.532443,0.460565,0.177953,0.996033,0.571504,0.635015,0.021298,0.999187,0.523155,0.617794,-0.021656,0.998713
2026-08-22 00:49:50,Night_001,No Person Detected,,,,,,,,,,,,,,,,,,,,,,,,,,,,,,,,
2026-08-22 00:49:52,Night_001,Right Side,0.620449,0.442798,0.161201,0.98048,0.600445,0.43482,0.144845,0.978054,0.617024,0.453494,0.277916,0.985932,0.582142,0.440744,0.202986,0.984365,0.613352,0.4869,0.263169,0.998147,0.516802,0.460935,0.178525,0.996044,0.575057,0.638609,0.032476,0.999009,0.51493,0.622826,-0.032562,0.998466
2026-08-22 00:49:52,Night_001,No Person Detected,,,,,,,,,,,,,,,,,,,,,,,,,,,,,,,,
2026-08-22 00:49:53,Night_001,Right Side,0.617403,0.448878,0.107305,0.975989,0.59907,0.437293,0.094852,0.9732,0.61642,0.459501,0.206243,0.984485,0.582117,0.43927,0.146989,0.98168,0.61089,0.485679,0.193267,0.99814,0.515912,0.46285,0.141034,0.995382,0.562357,0.637882,0.029952,0.998896,0.503024,0.618153,-0.029979,0.998125
2026-08-22 00:49:53,Night_001,No Person Detected,,,,,,,,,,,,,,,,,,,,,,,,,,,,,,,,
2026-08-22 00:49:53,Night_001,Right Side,0.614705,0.452505,0.173486,0.977466,0.600009,0.443193,0.158529,0.974671,0.614081,0.460382,0.263677,0.985562,0.58609,0.443609,0.194286,0.982562,0.597002,0.495036,0.231739,0.998261,0.529799,0.459783,0.164981,0.995794,0.558253,0.636159,0.031675,0.998919,0.514672,0.624503,-0.032051,0.998251
2026-08-22 00:49:53,Night_001,No Person Detected,,,,,,,,,,,,,,,,,,,,,,,,,,,,,,,,
2026-08-22 00:49:54,Night_001,Right Side,0.61485,0.455892,0.280645,0.974877,0.59979,0.442255,0.265603,0.970407,0.611663,0.465345,0.379248,0.980296,0.58339,0.439183,0.308806,0.974741,0.600398,0.51279,0.340301,0.994777,0.523921,0.455007,0.242526,0.995708,0.564597,0.614967,0.050531,0.998386,0.514396,0.59328,-0.050981,0.99771
2026-08-22 00:49:54,Night_001,No Person Detected,,,,,,,,,,,,,,,,,,,,,,,,,,,,,,,,
2026-08-22 00:49:55,Night_001,Right Side,0.619267,0.450701,0.174343,0.976177,0.600183,0.439846,0.160851,0.971994,0.615799,0.460206,0.27859,0.981473,0.58505,0.441694,0.215311,0.976231,0.607393,0.489138,0.243339,0.995014,0.518868,0.457932,0.182393,0.99587,0.566408,0.62989,0.026329,0.998478,0.512977,0.61677,-0.026554,0.997828
2026-08-22 00:49:55,Night_001,No Person Detected,,,,,,,,,,,,,,,,,,,,,,,,,,,,,,,,
2026-08-22 00:49:55,Night_001,Right Side,0.619733,0.444458,0.18044,0.976214,0.602507,0.43656,0.166917,0.971839,0.61706,0.455896,0.286554,0.981768,0.584996,0.440713,0.224394,0.976385,0.61365,0.483633,0.259657,0.995346,0.518585,0.458837,0.190156,0.995875,0.576563,0.632186,0.02896,0.998494,0.51425,0.621648,-0.029112,0.99787
2026-08-22 00:49:55,Night_001,No Person Detected,,,,,,,,,,,,,,,,,,,,,,,,,,,,,,,,
2026-08-22 00:49:56,Night_001,Right Side,0.617676,0.445894,0.185152,0.976415,0.598502,0.438716,0.172538,0.972323,0.616718,0.458306,0.299166,0.982312,0.581601,0.442568,0.241057,0.977444,0.617634,0.484258,0.272363,0.995622,0.523078,0.456905,0.202392,0.996029,0.575769,0.633389,0.03043,0.998555,0.51505,0.617104,-0.030583,0.997945
2026-08-22 00:49:56,Night_001,No Person Detected,,,,,,,,,,,,,,,,,,,,,,,,,,,,,,,,
2026-08-22 00:49:56,Night_001,Right Side,0.62143,0.447954,0.166223,0.975498,0.600177,0.437808,0.15207,0.97126,0.61801,0.455403,0.271244,0.982086,0.585128,0.439803,0.206284,0.976414,0.617074,0.475392,0.238521,0.995863,0.527157,0.451896,0.185051,0.99569,0.571191,0.632651,0.019675,0.998636,0.51934,0.622608,-0.019887,0.998006
2026-08-22 00:49:56,Night_001,No Person Detected,,,,,,,,,,,,,,,,,,,,,,,,,,,,,,,,
2026-08-22 00:50:00,Night_001,Right Side,0.617563,0.452228,0.175959,0.977209,0.596837,0.440242,0.159602,0.97344,0.612185,0.457684,0.294879,0.983547,0.581972,0.442704,0.218848,0.978516,0.606044,0.49224,0.276978,0.996215,0.51604,0.462839,0.181438,0.996089,0.563435,0.634818,0.041074,0.998726,0.503493,0.620153,-0.041262,0.998168
2026-08-22 00:50:01,Night_001,No Person Detected,,,,,,,,,,,,,,,,,,,,,,,,,,,,,,,,
2026-08-22 00:50:06,Night_001,Right Side,0.617704,0.455773,0.346067,0.984345,0.605408,0.443425,0.327269,0.981947,0.613449,0.463433,0.497767,0.988713,0.587726,0.438649,0.413059,0.985952,0.603402,0.521709,0.471999,0.997275,0.533666,0.44873,0.322485,0.996585,0.565752,0.617194,0.050019,0.998958,0.514834,0.584591,-0.050389,0.998545
2026-08-22 00:50:06,Night_001,No Person Detected,,,,,,,,,,,,,,,,,,,,,,,,,,,,,,,,
2026-08-22 00:50:07,Night_001,Right Side,0.61425,0.442886,0.186111,0.976632,0.594108,0.438014,0.17404,0.974511,0.614718,0.452026,0.2772,0.983252,0.583313,0.442194,0.224371,0.979353,0.623113,0.465244,0.241098,0.997231,0.531913,0.462092,0.188006,0.995937,0.587485,0.628194,0.019281,0.998987,0.534966,0.62692,-0.019685,0.99856
2026-08-22 00:50:07,Night_001,No Person Detected,,,,,,,,,,,,,,,,,,,,,,,,,,,,,,,,
2026-08-22 00:50:09,Night_001,Right Side,0.620467,0.443469,0.158033,0.97723,0.599793,0.438772,0.14433,0.975,0.615749,0.452241,0.270646,0.98394,0.582801,0.441926,0.207737,0.981465,0.619542,0.474052,0.2291,0.997805,0.521003,0.458869,0.196178,0.995339,0.576547,0.644656,-0.006982,0.999157,0.524877,0.63671,0.006808,0.998631
2026-08-22 00:50:10,Night_001,No Person Detected,,,,,,,,,,,,,,,,,,,,,,,,,,,,,,,,
2026-08-22 00:50:10,Night_001,Right Side,0.62093,0.449219,0.151192,0.977982,0.601112,0.440192,0.136622,0.975877,0.616823,0.457135,0.259653,0.984525,0.585584,0.442695,0.191161,0.981952,0.611082,0.481113,0.231793,0.997857,0.517481,0.459504,0.17288,0.99536,0.568462,0.637639,0.018943,0.999166,0.517578,0.622528,-0.019024,0.998601
2026-08-22 00:50:10,Night_001,No Person Detected,,,,,,,,,,,,,,,,,,,,,,,,,,,,,,,,
2026-08-22 00:50:10,Night_001,Right Side,0.618258,0.452246,0.194922,0.979665,0.601054,0.439526,0.177908,0.977759,0.614068,0.461048,0.298123,0.985746,0.584861,0.437985,0.219876,0.983429,0.604058,0.49362,0.273881,0.99788,0.516815,0.458811,0.194542,0.995748,0.565971,0.634429,0.033723,0.999127,0.509553,0.622044,-0.03395,0.99864
2026-08-22 00:50:10,Night_001,No Person Detected,,,,,,,,,,,,,,,,,,,,,,,,,,,,,,,,
2026-08-22 00:50:11,Night_001,Right Side,0.615236,0.460234,0.314791,0.981566,0.604018,0.448093,0.292137,0.979553,0.608356,0.463109,0.42769,0.987049,0.588671,0.44263,0.321467,0.984481,0.575753,0.514084,0.406998,0.997747,0.544183,0.452719,0.212552,0.996112,0.543563,0.623566,0.071964,0.999161,0.515053,0.599682,-0.07228,0.998686
2026-08-22 00:50:11,Night_001,No Person Detected,,,,,,,,,,,,,,,,,,,,,,,,,,,,,,,,
2026-08-22 00:50:12,Night_001,Right Side,0.618383,0.449955,0.193087,0.982493,0.601237,0.44201,0.175713,0.980592,0.612911,0.456315,0.292568,0.987836,0.584345,0.443771,0.212131,0.985371,0.601459,0.472032,0.262354,0.997906,0.534654,0.450507,0.177293,0.996435,0.566951,0.637682,0.034995,0.999229,0.528081,0.629237,-0.035457,0.998791
2026-08-22 00:50:12,Night_001,No Person Detected,,,,,,,,,,,,,,,,,,,,,,,,,,,,,,,,
2026-08-22 00:50:14,Night_001,Right Side,0.618878,0.449579,0.176211,0.974038,0.600559,0.444184,0.162069,0.971381,0.614103,0.456459,0.268033,0.979755,0.583642,0.444308,0.204114,0.977244,0.61505,0.466205,0.224393,0.99786,0.533382,0.450186,0.167151,0.996446,0.574171,0.635564,0.01927,0.999178,0.525493,0.632128,-0.019539,0.998753
2026-08-22 00:50:14,Night_001,No Person Detected,,,,,,,,,,,,,,,,,,,,,,,,,,,,,,,,
2026-08-22 00:50:15,Night_001,Right Side,0.615224,0.445069,0.18219,0.973023,0.595145,0.43991,0.168121,0.970344,0.614227,0.452777,0.267272,0.97902,0.582857,0.442538,0.203962,0.976145,0.611755,0.463984,0.225615,0.997871,0.534355,0.467765,0.176675,0.995942,0.574865,0.626766,0.012225,0.999216,0.5366,0.63259,-0.012782,0.998785
2026-08-22 00:50:15,Night_001,No Person Detected,,,,,,,,,,,,,,,,,,,,,,,,,,,,,,,,
2026-08-22 00:50:18,Night_001,Right Side,0.615594,0.450791,0.197706,0.974122,0.596632,0.441611,0.182993,0.971707,0.613621,0.458684,0.307428,0.980234,0.582422,0.443517,0.241163,0.977723,0.610217,0.484146,0.27797,0.997895,0.526079,0.45482,0.19424,0.996275,0.574183,0.636961,0.034655,0.999234,0.51832,0.622913,-0.034943,0.998856
2026-08-22 00:50:18,Night_001,No Person Detected,,,,,,,,,,,,,,,,,,,,,,,,,,,,,,,,
2026-08-22 00:50:21,Night_001,Right Side,0.617844,0.445926,0.142109,0.975549,0.597182,0.438092,0.125531,0.973311,0.615457,0.453253,0.259614,0.981348,0.58286,0.44138,0.182472,0.978963,0.617088,0.478147,0.239394,0.998014,0.521456,0.449582,0.167844,0.996238,0.575529,0.6396,0.021285,0.999217,0.522713,0.623513,-0.02136,0.998759
2026-08-22 00:50:22,Night_001,No Person Detected,,,,,,,,,,,,,,,,,,,,,,,,,,,,,,,,
2026-08-22 00:50:23,Night_001,Right Side,0.617998,0.450256,0.13704,0.974083,0.601032,0.443912,0.123599,0.97174,0.614931,0.456179,0.234124,0.980665,0.585355,0.441067,0.172256,0.977721,0.618971,0.476331,0.212508,0.99793,0.536571,0.450309,0.144604,0.996137,0.575682,0.633563,0.026352,0.999179,0.530516,0.623711,-0.026661,0.998623
2026-08-22 00:50:23,Night_001,No Person Detected,,,,,,,,,,,,,,,,,,,,,,,,,,,,,,,,
2026-08-22 00:50:24,Night_001,Right Side,0.613018,0.452686,0.18184,0.976447,0.59779,0.442698,0.166193,0.973902,0.612681,0.460965,0.273544,0.982751,0.586487,0.444364,0.200789,0.979817,0.601525,0.486187,0.236832,0.998188,0.526899,0.452587,0.178619,0.996713,0.562471,0.640239,0.025362,0.999252,0.520369,0.625347,-0.025868,0.998804
2026-08-22 00:50:24,Night_001,No Person Detected,,,,,,,,,,,,,,,,,,,,,,,,,,,,,,,,
2026-08-22 00:50:25,Night_001,Right Side,0.617255,0.448548,0.186352,0.977394,0.597367,0.439394,0.169959,0.974268,0.613579,0.454771,0.288104,0.983499,0.584101,0.441421,0.211475,0.979974,0.606742,0.481488,0.261409,0.998254,0.523349,0.45793,0.176952,0.996831,0.573955,0.622518,0.038873,0.999242,0.525382,0.619147,-0.03912,0.998779
2026-08-22 00:50:25,Night_001,No Person Detected,,,,,,,,,,,,,,,,,,,,,,,,,,,,,,,,
2026-08-22 00:50:28,Night_001,Right Side,0.617163,0.444223,0.17617,0.97842,0.596408,0.437094,0.166928,0.975329,0.615658,0.455477,0.279204,0.984241,0.58232,0.441957,0.236468,0.980747,0.615069,0.481686,0.240083,0.998195,0.525523,0.460971,0.207361,0.996772,0.577293,0.624919,0.015672,0.999186,0.522155,0.617615,-0.015845,0.998686
2026-08-22 00:50:28,Night_001,No Person Detected,,,,,,,,,,,,,,,,,,,,,,,,,,,,,,,,
2026-08-22 00:50:29,Night_001,Right Side,0.618095,0.452916,0.104698,0.980316,0.601659,0.440593,0.09251,0.977544,0.616414,0.462841,0.210585,0.985686,0.585906,0.44117,0.153003,0.982559,0.607885,0.501146,0.209502,0.998202,0.527134,0.462198,0.140471,0.997035,0.554435,0.646533,0.035026,0.999023,0.501673,0.628345,-0.035178,0.998652
2026-08-22 00:50:29,Night_001,No Person Detected,,,,,,,,,,,,,,,,,,,,,,,,,,,,,,,,
2026-08-22 00:50:29,Night_001,Right Side,0.619561,0.448869,0.16771,0.98209,0.600585,0.437068,0.155159,0.979569,0.619539,0.460424,0.277171,0.986992,0.583558,0.439557,0.218409,0.984207,0.620944,0.50312,0.246521,0.998303,0.523921,0.472027,0.201255,0.997203,0.575431,0.634637,0.013524,0.999065,0.513239,0.622187,-0.013823,0.998705
2026-08-22 00:50:29,Night_001,No Person Detected,,,,,,,,,,,,,,,,,,,,,,,,,,,,,,,,
2026-08-22 00:50:29,Night_001,Right Side,0.616167,0.44456,0.1197,0.981076,0.596982,0.437867,0.105413,0.9783,0.61501,0.45365,0.225304,0.98656,0.580776,0.441766,0.158586,0.98293,0.612949,0.475273,0.20017,0.998367,0.51366,0.46448,0.145656,0.996749,0.57221,0.648543,0.012623,0.999063,0.521823,0.63319,-0.012671,0.998594
2026-08-22 00:50:29,Night_001,No Person Detected,,,,,,,,,,,,,,,,,,,,,,,,,,,,,,,,
2026-08-22 00:50:30,Night_001,Right Side,0.619175,0.454562,0.333577,0.982499,0.606561,0.442036,0.314541,0.979737,0.61498,0.46139,0.47415,0.987121,0.588879,0.437045,0.387248,0.983907,0.609402,0.508775,0.453288,0.997188,0.530143,0.450948,0.291914,0.996813,0.57405,0.603672,0.052292,0.998272,0.519684,0.579292,-0.052692,0.997528
2026-08-22 00:50:30,Night_001,No Person Detected,,,,,,,,,,,,,,,,,,,,,,,,,,,,,,,,
2026-08-22 00:50:33,Night_001,Right Side,0.618896,0.448611,0.125258,0.983744,0.602143,0.436901,0.11236,0.981249,0.616005,0.457713,0.238228,0.988145,0.58346,0.440721,0.1776,0.985258,0.613515,0.495772,0.221341,0.99739,0.513232,0.466193,0.160163,0.997041,0.566224,0.641701,0.028634,0.998392,0.506372,0.622398,-0.028851,0.997711
2026-08-22 00:50:34,Night_001,No Person Detected,,,,,,,,,,,,,,,,,,,,,,,,,,,,,,,,
2026-08-22 00:50:34,Night_001,Right Side,0.617424,0.450141,0.133466,0.984556,0.598557,0.440176,0.121611,0.982188,0.614245,0.459282,0.235565,0.988862,0.584981,0.44325,0.180385,0.986127,0.610572,0.488343,0.207954,0.997562,0.524677,0.46742,0.170311,0.996947,0.564669,0.633588,0.014108,0.998489,0.520565,0.623429,-0.014272,0.997788
2026-08-22 00:50:34,Night_001,No Person Detected,,,,,,,,,,,,,,,,,,,,,,,,,,,,,,,,
2026-08-22 00:50:34,Night_001,Right Side,0.615782,0.445694,0.197133,0.973486,0.595986,0.439294,0.181865,0.9729,0.614135,0.453372,0.293222,0.980601,0.581084,0.442121,0.224754,0.97773,0.610742,0.480802,0.248534,0.997105,0.527158,0.461433,0.191477,0.996467,0.577137,0.638043,0.023387,0.998518,0.529046,0.629423,-0.023846,0.997818
2026-08-22 00:50:34,Night_001,No Person Detected,,,,,,,,,,,,,,,,,,,,,,,,,,,,,,,,
2026-08-22 00:50:34,Night_001,Right Side,0.615078,0.446367,0.197708,0.974589,0.597145,0.440429,0.185333,0.974051,0.613608,0.457049,0.300314,0.981581,0.581878,0.443803,0.243748,0.979139,0.609361,0.479344,0.273711,0.997134,0.52746,0.457629,0.188881,0.996678,0.570277,0.63179,0.037655,0.9986,0.516944,0.620136,-0.037865,0.997956
2026-08-22 00:50:34,Night_001,No Person Detected,,,,,,,,,,,,,,,,,,,,,,,,,,,,,,,,
2026-08-22 00:50:35,Night_001,Right Side,0.621354,0.447666,0.164626,0.976037,0.602108,0.438285,0.151229,0.975241,0.616624,0.455885,0.264025,0.982696,0.585045,0.441024,0.201546,0.980088,0.608469,0.484069,0.229078,0.997285,0.524777,0.460087,0.175794,0.996647,0.566893,0.634447,0.022587,0.998679,0.513414,0.625175,-0.022767,0.998051
2026-08-22 00:50:35,Night_001,No Person Detected,,,,,,,,,,,,,,,,,,,,,,,,,,,,,,,,
2026-08-22 00:50:36,Night_001,Right Side,0.619896,0.449104,0.135299,0.976115,0.602143,0.44148,0.118666,0.975371,0.615318,0.455916,0.234649,0.982954,0.584979,0.443543,0.157674,0.980271,0.607764,0.477398,0.214013,0.997317,0.514526,0.462776,0.134477,0.996559,0.564241,0.643063,0.02816,0.998726,0.510981,0.629436,-0.028199,0.998071
2026-08-22 00:50:36,Night_001,No Person Detected,,,,,,,,,,,,,,,,,,,,,,,,,,,,,,,,
2026-08-22 00:50:37,Night_001,Right Side,0.620926,0.45059,0.176186,0.976868,0.599238,0.443011,0.159777,0.976084,0.61916,0.456499,0.28613,0.984189,0.584441,0.444561,0.210407,0.982008,0.615488,0.480023,0.267864,0.997593,0.523896,0.457808,0.190214,0.996621,0.577504,0.638345,0.029428,0.998909,0.518444,0.62659,-0.029642,0.99832
2026-08-22 00:50:37,Night_001,No Person Detected,,,,,,,,,,,,,,,,,,,,,,,,,,,,,,,,
2026-08-22 00:50:38,Night_001,Right Side,0.617494,0.452538,0.108902,0.978734,0.598295,0.44045,0.094776,0.978033,0.616873,0.460734,0.216546,0.985536,0.58217,0.4397,0.150997,0.983603,0.610754,0.492271,0.212939,0.997715,0.516792,0.465426,0.147118,0.996852,0.56395,0.6451,0.031783,0.998861,0.503752,0.631161,-0.032023,0.998349
2026-08-22 00:50:38,Night_001,No Person Detected,,,,,,,,,,,,,,,,,,,,,,,,,,,,,,,,
2026-08-22 00:50:38,Night_001,Right Side,0.619767,0.444642,0.146658,0.977398,0.600696,0.437181,0.13362,0.975913,0.618763,0.455466,0.250646,0.984468,0.585326,0.441042,0.190014,0.981472,0.611749,0.480422,0.223027,0.997648,0.516647,0.455704,0.164661,0.996137,0.571263,0.63145,0.01781,0.998889,0.514619,0.623396,-0.017954,0.99837
2026-08-22 00:50:38,Night_001,No Person Detected,,,,,,,,,,,,,,,,,,,,,,,,,,,,,,,,
2026-08-22 00:50:39,Night_001,Right Side,0.618421,0.453864,0.294067,0.97944,0.605613,0.442911,0.277178,0.977962,0.61453,0.462194,0.409082,0.985564,0.588706,0.439179,0.327445,0.982699,0.598329,0.514916,0.392701,0.997324,0.534965,0.451561,0.255269,0.996447,0.56438,0.61934,0.056562,0.998839,0.513742,0.5897,-0.056979,0.998317
2026-08-22 00:50:39,Night_001,No Person Detected,,,,,,,,,,,,,,,,,,,,,,,,,,,,,,,,
2026-08-22 00:50:41,Night_001,Right Side,0.620628,0.444212,0.139022,0.980791,0.601687,0.435706,0.125764,0.979338,0.617393,0.455427,0.251707,0.986473,0.585222,0.442116,0.188894,0.983748,0.615113,0.494083,0.226806,0.997504,0.523492,0.463433,0.174613,0.996482,0.575114,0.646353,0.016501,0.998751,0.518696,0.629024,-0.016526,0.99816
2026-08-22 00:50:41,Night_001,No Person Detected,,,,,,,,,,,,,,,,,,,,,,,,,,,,,,,,
2026-08-22 00:50:42,Night_001,Right Side,0.616252,0.442742,0.165412,0.979148,0.597716,0.435576,0.149418,0.977095,0.615057,0.449911,0.281603,0.985328,0.582052,0.438695,0.209847,0.982231,0.613937,0.473885,0.27211,0.997533,0.524908,0.455975,0.175796,0.996578,0.575232,0.629663,0.038281,0.998841,0.524095,0.62426,-0.038447,0.998279
2026-08-22 00:50:42,Night_001,No Person Detected,,,,,,,,,,,,,,,,,,,,,,,,,,,,,,,,
2026-08-22 00:50:44,Night_001,Right Side,0.619054,0.445894,0.045424,0.965588,0.598997,0.438418,0.029443,0.963986,0.616629,0.453058,0.152102,0.97734,0.57928,0.441086,0.077036,0.974021,0.606841,0.476726,0.14687,0.997207,0.50087,0.457902,0.071206,0.995009,0.559847,0.658363,0.016139,0.998806,0.504045,0.637215,-0.016335,0.99813
2026-08-22 00:50:44,Night_001,No Person Detected,,,,,,,,,,,,,,,,,,,,,,,,,,,,,,,,
2026-08-22 00:50:46,Night_001,Right Side,0.616814,0.44793,0.181067,0.968186,0.599038,0.439449,0.165567,0.966595,0.614046,0.456498,0.294017,0.979078,0.584106,0.442703,0.222429,0.975908,0.60413,0.483543,0.265929,0.997345,0.51735,0.460943,0.194209,0.99527,0.563428,0.636368,0.031335,0.998885,0.515428,0.628386,-0.031539,0.998213
2026-08-22 00:50:46,Night_001,No Person Detected,,,,,,,,,,,,,,,,,,,,,,,,,,,,,,,,
2026-08-22 00:50:46,Night_001,Right Side,0.614647,0.45459,0.170313,0.970408,0.600535,0.443683,0.155557,0.968704,0.613696,0.46249,0.258504,0.980765,0.588555,0.444479,0.190267,0.977469,0.601106,0.487899,0.223186,0.997556,0.529389,0.459262,0.164261,0.995665,0.559752,0.638076,0.028093,0.998931,0.514018,0.624456,-0.028409,0.998335
2026-08-22 00:50:46,Night_001,No Person Detected,,,,,,,,,,,,,,,,,,,,,,,,,,,,,,,,
2026-08-22 00:50:46,Night_001,Right Side,0.612095,0.445784,0.113735,0.968316,0.59369,0.43694,0.102381,0.965913,0.609393,0.456048,0.211969,0.980393,0.580776,0.441388,0.159845,0.97688,0.607798,0.482179,0.200432,0.997614,0.515621,0.457114,0.129912,0.995902,0.564445,0.638376,0.030977,0.998944,0.503447,0.625673,-0.031218,0.998418
2026-08-22 00:50:47,Night_001,No Person Detected,,,,,,,,,,,,,,,,,,,,,,,,,,,,,,,,
2026-08-22 00:50:48,Night_001,Right Side,0.615541,0.44509,0.161002,0.97338,0.592936,0.436904,0.147575,0.971628,0.61414,0.453422,0.270469,0.983281,0.579951,0.441256,0.208705,0.980807,0.610743,0.46362,0.236724,0.998037,0.514448,0.454099,0.186659,0.99643,0.566791,0.632082,0.009088,0.999151,0.523767,0.6251,-0.009273,0.998686
2026-08-22 00:50:49,Night_001,No Person Detected,,,,,,,,,,,,,,,,,,,,,,,,,,,,,,,,
2026-08-22 00:50:49,Night_001,Right Side,0.621378,0.445172,0.133885,0.973867,0.600559,0.43798,0.117539,0.972094,0.614934,0.451411,0.24944,0.983301,0.582414,0.43739,0.173505,0.980773,0.616644,0.477129,0.217872,0.998075,0.511204,0.456436,0.153426,0.996059,0.576201,0.645431,0.011755,0.999092,0.523488,0.630253,-0.011798,0.998513
2026-08-22 00:50:49,Night_001,No Person Detected,,,,,,,,,,,,,,,,,,,,,,,,,,,,,,,,
2026-08-22 00:50:51,Night_001,Right Side,0.615188,0.444742,0.204635,0.975465,0.597819,0.435736,0.190737,0.973734,0.60934,0.451751,0.313654,0.984356,0.580996,0.438541,0.248837,0.981797,0.599346,0.477646,0.278419,0.998175,0.514472,0.454744,0.218691,0.996244,0.56492,0.62693,0.025513,0.999144,0.517303,0.620766,-0.025766,0.998581
2026-08-22 00:50:51,Night_001,No Person Detected,,,,,,,,,,,,,,,,,,,,,,,,,,,,,,,,
2026-08-22 00:50:52,Night_001,Right Side,0.620724,0.449587,0.169436,0.975985,0.602452,0.441648,0.151913,0.974933,0.615774,0.457258,0.280883,0.983465,0.583399,0.44326,0.200212,0.982577,0.611429,0.48228,0.258863,0.998231,0.519055,0.455107,0.164674,0.996682,0.576108,0.629554,0.039534,0.999212,0.520358,0.619908,-0.039748,0.998722
2026-08-22 00:50:52,Night_001,No Person Detected,,,,,,,,,,,,,,,,,,,,,,,,,,,,,,,,
2026-08-22 00:50:53,Night_001,Right Side,0.617916,0.456427,0.140025,0.976222,0.599592,0.44652,0.125599,0.974763,0.614383,0.463241,0.233988,0.983934,0.585454,0.445242,0.168275,0.982326,0.609048,0.482588,0.215604,0.998285,0.528287,0.459615,0.162958,0.996558,0.563928,0.632326,0.025921,0.999262,0.514115,0.621265,-0.026255,0.99879
2026-08-22 00:50:53,Night_001,No Person Detected,,,,,,,,,,,,,,,,,,,,,,,,,,,,,,,,
2026-08-22 00:50:55,Night_001,Right Side,0.617084,0.451663,0.148424,0.976773,0.599051,0.440964,0.130253,0.975791,0.616262,0.459218,0.258403,0.98458,0.580664,0.440156,0.174664,0.983278,0.59485,0.480543,0.242183,0.998266,0.519751,0.457251,0.150292,0.996786,0.550522,0.65007,0.032162,0.999288,0.507851,0.634119,-0.032436,0.998844
2026-08-22 00:50:55,Night_001,No Person Detected,,,,,,,,,,,,,,,,,,,,,,,,,,,,,,,,
2026-08-22 00:50:57,Night_001,Right Side,0.618954,0.447603,0.189959,0.979561,0.598188,0.438084,0.174104,0.978942,0.615695,0.455373,0.306613,0.986468,0.58458,0.440087,0.233011,0.985686,0.607976,0.475494,0.275448,0.998397,0.524063,0.458102,0.198686,0.996855,0.568563,0.630932,0.026426,0.999332,0.527316,0.622878,-0.026798,0.998824
2026-08-22 00:50:57,Night_001,No Person Detected,,,,,,,,,,,,,,,,,,,,,,,,,,,,,,,,
2026-08-22 00:50:58,Night_001,Right Side,0.617169,0.4467,0.083558,0.975685,0.599556,0.439257,0.066427,0.975667,0.615212,0.452832,0.192322,0.984495,0.582339,0.441821,0.113511,0.984256,0.605365,0.470858,0.180596,0.998295,0.520659,0.45512,0.102655,0.996519,0.556395,0.649027,0.009529,0.999343,0.516888,0.637216,-0.009969,0.9988
2026-08-22 00:50:59,Night_001,No Person Detected,,,,,,,,,,,,,,,,,,,,,,,,,,,,,,,,
2026-08-22 00:50:59,Night_001,Right Side,0.615657,0.446385,0.136465,0.978478,0.597106,0.437315,0.123303,0.977201,0.6133,0.45889,0.24725,0.98703,0.580453,0.441966,0.187109,0.986296,0.60805,0.485536,0.233523,0.998485,0.51465,0.461309,0.156621,0.995213,0.567563,0.63997,0.028097,0.999414,0.506857,0.6248,-0.028354,0.998873
2026-08-22 00:51:00,Night_001,No Person Detected,,,,,,,,,,,,,,,,,,,,,,,,,,,,,,,,
2026-08-22 00:51:00,Night_001,Right Side,0.617885,0.443775,0.087072,0.974743,0.601334,0.433623,0.077884,0.973954,0.615149,0.457121,0.181532,0.985639,0.583647,0.439623,0.137662,0.98498,0.610885,0.491932,0.165825,0.998466,0.513109,0.463471,0.144414,0.994969,0.554734,0.652033,0.014534,0.999291,0.496232,0.626869,-0.014541,0.998678
2026-08-22 00:51:00,Night_001,No Person Detected,,,,,,,,,,,,,,,,,,,,,,,,,,,,,,,,
2026-08-22 00:51:01,Night_001,Right Side,0.619087,0.452219,0.174486,0.975796,0.602629,0.442294,0.159506,0.974585,0.613952,0.458917,0.269866,0.986194,0.586295,0.443414,0.200076,0.985042,0.604179,0.473515,0.237062,0.998482,0.531875,0.448378,0.169408,0.995187,0.564112,0.625026,0.027338,0.999275,0.521187,0.616908,-0.027614,0.998615
2026-08-22 00:51:01,Night_001,No Person Detected,,,,,,,,,,,,,,,,,,,,,,,,,,,,,,,,
2026-08-22 00:51:03,Night_001,Right Side,0.618319,0.457733,0.207372,0.977977,0.604652,0.442031,0.19383,0.976848,0.614888,0.467568,0.321859,0.987191,0.586957,0.439688,0.258475,0.986275,0.611107,0.517508,0.307789,0.997932,0.533933,0.452045,0.211293,0.995562,0.573134,0.612924,0.040846,0.998869,0.514246,0.583236,-0.041103,0.99838
2026-08-22 00:51:03,Night_001,No Person Detected,,,,,,,,,,,,,,,,,,,,,,,,,,,,,,,,
2026-08-22 00:51:04,Night_001,Right Side,0.620148,0.450252,0.221447,0.979406,0.602729,0.441601,0.202597,0.978219,0.61624,0.457053,0.333939,0.987986,0.586079,0.442232,0.246473,0.986936,0.601839,0.492151,0.302831,0.997964,0.519748,0.458122,0.189761,0.995869,0.566986,0.632587,0.049804,0.998907,0.517326,0.624169,-0.050129,0.998434
2026-08-22 00:51:04,Night_001,No Person Detected,,,,,,,,,,,,,,,,,,,,,,,,,,,,,,,,
2026-08-22 00:51:05,Night_001,Right Side,0.617732,0.452398,0.171131,0.980902,0.598988,0.441566,0.155804,0.979782,0.617764,0.462662,0.28314,0.988859,0.584509,0.442898,0.213161,0.98787,0.614407,0.48782,0.267151,0.997926,0.527712,0.461159,0.185536,0.99598,0.573206,0.633482,0.037221,0.998931,0.518846,0.617702,-0.037458,0.998421
2026-08-22 00:51:06,Night_001,No Person Detected,,,,,,,,,,,,,,,,,,,,,,,,,,,,,,,,
2026-08-22 00:51:06,Night_001,Right Side,0.616649,0.446613,0.20786,0.981676,0.599695,0.438309,0.190338,0.980506,0.614781,0.456649,0.322494,0.989215,0.583925,0.440226,0.241354,0.988284,0.601395,0.492446,0.29858,0.997746,0.519602,0.456109,0.186671,0.996179,0.568325,0.617278,0.047387,0.998923,0.512321,0.607134,-0.047478,0.99843
2026-08-22 00:51:07,Night_001,No Person Detected,,,,,,,,,,,,,,,,,,,,,,,,,,,,,,,,
2026-08-22 00:51:11,Night_001,Right Side,0.616871,0.450204,0.184576,0.983314,0.59992,0.436754,0.172802,0.98221,0.618132,0.462747,0.297873,0.990151,0.583917,0.441023,0.244461,0.989321,0.614637,0.503794,0.269093,0.997847,0.520832,0.462682,0.198917,0.996498,0.576735,0.628289,0.02313,0.998995,0.515829,0.613348,-0.023403,0.998553
2026-08-22 00:51:11,Night_001,No Person Detected,,,,,,,,,,,,,,,,,,,,,,,,,,,,,,,,
2026-08-22 00:51:13,Night_001,Right Side,0.619847,0.443868,0.139234,0.981996,0.599926,0.435966,0.122976,0.980831,0.619162,0.454092,0.261568,0.988668,0.584158,0.441219,0.185479,0.987537,0.616225,0.486119,0.243601,0.997666,0.519712,0.461832,0.168919,0.996065,0.576941,0.644525,0.026958,0.99888,0.517231,0.6294,-0.027007,0.998285
2026-08-22 00:51:13,Night_001,No Person Detected,,,,,,,,,,,,,,,,,,,,,,,,,,,,,,,,
2026-08-22 00:51:15,Night_001,Right Side,0.619272,0.454685,0.326999,0.98371,0.607133,0.44235,0.309054,0.982604,0.615429,0.464458,0.462109,0.98972,0.589828,0.438937,0.38121,0.988622,0.604439,0.519691,0.434934,0.997599,0.534253,0.450335,0.291854,0.99643,0.568962,0.616118,0.049052,0.998904,0.513379,0.585547,-0.049412,0.998425
2026-08-22 00:51:15,Night_001,No Person Detected,,,,,,,,,,,,,,,,,,,,,,,,,,,,,,,,
2026-08-22 00:51:17,Night_001,Right Side,0.615584,0.455404,0.341926,0.985175,0.606124,0.445993,0.322251,0.98391,0.610261,0.461289,0.44737,0.990566,0.589317,0.440792,0.355516,0.989088,0.58,0.513702,0.420362,0.997125,0.545465,0.4483,0.241384,0.996704,0.546799,0.61695,0.077075,0.998859,0.519906,0.589298,-0.077543,0.998359
2026-08-22 00:51:17,Night_001,No Person Detected,,,,,,,,,,,,,,,,,,,,,,,,,,,,,,,,
2026-08-22 00:51:19,Night_001,Right Side,0.619218,0.444625,0.142048,0.985444,0.598898,0.43632,0.124031,0.984215,0.615719,0.452814,0.269228,0.990532,0.582544,0.44112,0.185424,0.989086,0.616676,0.481596,0.24305,0.997199,0.519916,0.4568,0.155114,0.99667,0.580376,0.646818,0.024365,0.998828,0.524703,0.634865,-0.02464,0.998156
2026-08-22 00:51:19,Night_001,No Person Detected,,,,,,,,,,,,,,,,,,,,,,,,,,,,,,,,
2026-08-22 00:51:19,Night_001,Right Side,0.61797,0.448629,0.140391,0.986001,0.602485,0.436985,0.129008,0.984792,0.616996,0.460954,0.251163,0.991053,0.587985,0.44246,0.197756,0.989667,0.613918,0.498125,0.221283,0.997357,0.52706,0.465253,0.17466,0.996797,0.565564,0.643587,0.021022,0.998892,0.510515,0.622362,-0.021204,0.998265
2026-08-22 00:51:19,Night_001,No Person Detected,,,,,,,,,,,,,,,,,,,,,,,,,,,,,,,,
2026-08-22 00:51:19,Night_001,Right Side,0.618382,0.444804,0.165916,0.985893,0.59948,0.437894,0.152558,0.984555,0.615782,0.453599,0.269716,0.990978,0.58357,0.442102,0.208165,0.989265,0.613953,0.472309,0.246552,0.997479,0.527569,0.451407,0.178144,0.996863,0.577878,0.632932,0.029681,0.998945,0.527663,0.625323,-0.029899,0.998336
2026-08-22 00:51:19,Night_001,No Person Detected,,,,,,,,,,,,,,,,,,,,,,,,,,,,,,,,
2026-08-22 00:51:21,Night_001,Right Side,0.615823,0.44019,0.163007,0.985939,0.595802,0.435531,0.149383,0.984566,0.614886,0.45196,0.269007,0.990985,0.580982,0.441098,0.206799,0.989105,0.620008,0.477463,0.23955,0.997604,0.519182,0.461311,0.181991,0.996418,0.58218,0.638264,0.017956,0.998945,0.522829,0.626316,-0.018045,0.998291
2026-08-22 00:51:21,Night_001,No Person Detected,,,,,,,,,,,,,,,,,,,,,,,,,,,,,,,,
2026-08-22 00:51:21,Night_001,Right Side,0.617836,0.45605,0.271446,0.986582,0.602214,0.442021,0.252214,0.984648,0.612908,0.461728,0.394477,0.990891,0.586815,0.440669,0.304119,0.988478,0.598311,0.512948,0.363526,0.996938,0.534983,0.452009,0.218401,0.996549,0.565391,0.613433,0.05458,0.998819,0.515137,0.588793,-0.054874,0.998098
2026-08-22 00:51:21,Night_001,No Person Detected,,,,,,,,,,,,,,,,,,,,,,,,,,,,,,,,
2026-08-22 00:51:24,Night_001,Right Side,0.618713,0.441149,0.151971,0.98493,0.596952,0.434215,0.138743,0.983182,0.618071,0.45257,0.263746,0.989064,0.580558,0.441129,0.203648,0.987093,0.625893,0.486613,0.246641,0.997026,0.522103,0.463599,0.190057,0.996248,0.588502,0.632642,0.022198,0.998418,0.521783,0.614682,-0.022269,0.99755
2026-08-22 00:51:24,Night_001,No Person Detected,,,,,,,,,,,,,,,,,,,,,,,,,,,,,,,,
2026-08-22 00:51:25,Night_001,Right Side,0.617533,0.449168,0.062644,0.981058,0.597561,0.43673,0.048808,0.979541,0.616781,0.456903,0.175185,0.987451,0.579732,0.441477,0.110672,0.985457,0.615608,0.486274,0.17363,0.996935,0.513391,0.457882,0.109725,0.995508,0.561056,0.653975,0.024499,0.998389,0.49873,0.628053,-0.024593,0.997433
2026-08-22 00:51:25,Night_001,No Person Detected,,,,,,,,,,,,,,,,,,,,,,,,,,,,,,,,
2026-08-22 00:51:25,Night_001,Right Side,0.617224,0.457125,0.266569,0.982808,0.604286,0.443938,0.249728,0.981424,0.613571,0.466371,0.377595,0.98852,0.587143,0.440104,0.298891,0.98678,0.599201,0.514987,0.363332,0.996313,0.535561,0.451378,0.233184,0.995881,0.563912,0.617754,0.054133,0.998152,0.518197,0.586689,-0.054466,0.99725
2026-08-22 00:51:25,Night_001,No Person Detected,,,,,,,,,,,,,,,,,,,,,,,,,,,,,,,,
2026-08-22 00:51:27,Night_001,Right Side,0.615245,0.448738,0.152653,0.983174,0.595565,0.440477,0.138648,0.981439,0.613336,0.4599,0.261,0.988848,0.582858,0.441485,0.19764,0.986808,0.611648,0.479606,0.232164,0.99659,0.526132,0.454706,0.183075,0.995966,0.570836,0.630466,0.011485,0.998306,0.523332,0.622915,-0.011863,0.997455
2026-08-22 00:51:27,Night_001,No Person Detected,,,,,,,,,,,,,,,,,,,,,,,,,,,,,,,,
2026-08-22 00:51:29,Night_001,Right Side,0.617751,0.452804,0.127218,0.982859,0.600467,0.443566,0.111187,0.981159,0.615857,0.458688,0.23253,0.989039,0.583465,0.43988,0.158731,0.98705,0.608267,0.485184,0.228365,0.996705,0.516531,0.456685,0.13695,0.996134,0.564996,0.643479,0.039027,0.998409,0.505948,0.629685,-0.039164,0.99761
2026-08-22 00:51:30,Night_001,No Person Detected,,,,,,,,,,,,,,,,,,,,,,,,,,,,,,,,
2026-08-22 00:51:30,Night_001,Right Side,0.613463,0.448487,0.175263,0.986006,0.594487,0.443708,0.15671,0.98524,0.607478,0.452831,0.265612,0.991276,0.579464,0.444312,0.180872,0.990334,0.602045,0.468895,0.215254,0.997801,0.531481,0.450529,0.155346,0.996613,0.565545,0.644887,0.008232,0.998941,0.538509,0.636761,-0.008715,0.998209
2026-08-22 00:51:30,Night_001,No Person Detected,,,,,,,,,,,,,,,,,,,,,,,,,,,,,,,,
2026-08-22 00:51:30,Night_001,Right Side,0.615905,0.451956,0.137911,0.983106,0.595917,0.441182,0.123535,0.982237,0.615597,0.461234,0.24718,0.989516,0.580415,0.442512,0.180769,0.988248,0.607135,0.49193,0.224893,0.997572,0.519433,0.455707,0.174075,0.996266,0.561026,0.639172,0.018461,0.998877,0.506413,0.622401,-0.018604,0.998044
2026-08-22 00:51:30,Night_001,No Person Detected,,,,,,,,,,,,,,,,,,,,,,,,,,,,,,,,
2026-08-22 00:51:31,Night_001,Right Side,0.618143,0.450786,0.182267,0.984077,0.598835,0.439378,0.169203,0.983165,0.614719,0.457987,0.281756,0.990104,0.584881,0.441031,0.219912,0.988743,0.607624,0.482545,0.251807,0.997633,0.518041,0.457775,0.185525,0.996396,0.567594,0.627233,0.032457,0.998937,0.517102,0.615614,-0.032647,0.998141
2026-08-22 00:51:31,Night_001,No Person Detected,,,,,,,,,,,,,,,,,,,,,,,,,,,,,,,,
2026-08-22 00:51:34,Night_001,Right Side,0.617455,0.450969,0.153292,0.9824,0.601166,0.441997,0.137397,0.980882,0.614608,0.457865,0.258276,0.989345,0.585967,0.443045,0.185154,0.987365,0.603722,0.475087,0.231754,0.997617,0.525214,0.448212,0.161945,0.996343,0.562169,0.635702,0.024705,0.998971,0.515349,0.625667,-0.024971,0.998181
2026-08-22 00:51:35,Night_001,No Person Detected,,,,,,,,,,,,,,,,,,,,,,,,,,,,,,,,
2026-08-22 00:51:36,Night_001,Right Side,0.620205,0.445664,0.115511,0.984899,0.600839,0.434325,0.100855,0.983719,0.61946,0.458144,0.228101,0.990728,0.581926,0.440094,0.159092,0.989361,0.614334,0.496915,0.211782,0.997933,0.521981,0.462601,0.144371,0.996752,0.572746,0.636176,0.024127,0.999001,0.514219,0.617016,-0.024198,0.998203
2026-08-22 00:51:36,Night_001,No Person Detected,,,,,,,,,,,,,,,,,,,,,,,,,,,,,,,,
2026-08-22 00:51:36,Night_001,Right Side,0.614423,0.44886,0.141568,0.982726,0.594613,0.441247,0.128526,0.980598,0.613692,0.457132,0.239355,0.989065,0.582347,0.445276,0.179331,0.985959,0.613717,0.471172,0.209362,0.99796,0.515814,0.457238,0.15763,0.996516,0.570568,0.625488,0.017351,0.999046,0.522603,0.620511,-0.017618,0.998263
2026-08-22 00:51:36,Night_001,No Person Detected,,,,,,,,,,,,,,,,,,,,,,,,,,,,,,,,
2026-08-22 00:51:37,Night_001,Right Side,0.61528,0.44457,0.158692,0.981842,0.595466,0.438784,0.142412,0.979712,0.613185,0.450759,0.258105,0.988599,0.582872,0.443497,0.183967,0.985208,0.614376,0.470835,0.230024,0.998054,0.528714,0.448299,0.150972,0.996569,0.576614,0.633232,0.024557,0.99908,0.529162,0.622651,-0.024824,0.998312
2026-08-22 00:51:37,Night_001,No Person Detected,,,,,,,,,,,,,,,,,,,,,,,,,,,,,,,,
2026-08-22 00:51:39,Night_001,Right Side,0.615646,0.444039,0.174795,0.980481,0.59586,0.436318,0.158474,0.978175,0.615149,0.453146,0.290357,0.987337,0.580776,0.440147,0.215866,0.983839,0.613029,0.484396,0.275892,0.997919,0.513543,0.462135,0.182849,0.9965,0.57683,0.63831,0.040287,0.999022,0.516423,0.629061,-0.040491,0.998241
2026-08-22 00:51:39,Night_001,No Person Detected,,,,,,,,,,,,,,,,,,,,,,,,,,,,,,,,
2026-08-22 00:51:41,Night_001,Right Side,0.620964,0.454444,0.131749,0.980977,0.600306,0.443998,0.117093,0.978791,0.620576,0.465095,0.231123,0.987769,0.58288,0.444208,0.162908,0.984459,0.613544,0.491997,0.210779,0.998021,0.525214,0.464806,0.166207,0.996468,0.564003,0.640564,0.02081,0.998923,0.507501,0.628906,-0.02098,0.998114
2026-08-22 00:51:41,Night_001,No Person Detected,,,,,,,,,,,,,,,,,,,,,,,,,,,,,,,,
2026-08-22 00:51:42,Night_001,Right Side,0.618465,0.451959,0.208581,0.982425,0.598655,0.438786,0.192257,0.980347,0.615611,0.46222,0.324457,0.988692,0.582729,0.441554,0.248533,0.985655,0.603718,0.498732,0.296793,0.998031,0.520467,0.458906,0.197122,0.996719,0.56648,0.623642,0.038608,0.998983,0.511563,0.610799,-0.038812,0.998238
2026-08-22 00:51:43,Night_001,No Person Detected,,,,,,,,,,,,,,,,,,,,,,,,,,,,,,,,
2026-08-22 00:51:44,Night_001,Right Side,0.618182,0.451455,0.195529,0.983617,0.59942,0.441403,0.179886,0.981731,0.613931,0.458872,0.305614,0.989427,0.583882,0.444279,0.233554,0.986766,0.609095,0.483863,0.283312,0.997955,0.523197,0.453135,0.186318,0.99692,0.571812,0.634335,0.046278,0.998998,0.517178,0.619812,-0.046516,0.99827
2026-08-22 00:51:44,Night_001,No Person Detected,,,,,,,,,,,,,,,,,,,,,,,,,,,,,,,,
2026-08-22 00:51:44,Night_001,Right Side,0.618697,0.452665,0.182221,0.984661,0.600125,0.44248,0.166196,0.982872,0.614309,0.458081,0.290677,0.990054,0.583725,0.441965,0.215833,0.987563,0.60424,0.479312,0.261745,0.998058,0.524914,0.458903,0.184839,0.99704,0.563903,0.630765,0.03256,0.99904,0.521734,0.622219,-0.032831,0.998303
2026-08-22 00:51:44,Night_001,No Person Detected,,,,,,,,,,,,,,,,,,,,,,,,,,,,,,,,
2026-08-22 00:51:44,Night_001,Right Side,0.61813,0.448923,0.141713,0.981006,0.597964,0.437888,0.127799,0.9788,0.61586,0.459243,0.252496,0.988143,0.581957,0.439482,0.18822,0.985552,0.614662,0.487367,0.230838,0.997725,0.514937,0.456707,0.167173,0.995876,0.570056,0.638024,0.020942,0.998829,0.506928,0.618606,-0.021072,0.997893
2026-08-22 00:51:44,Night_001,No Person Detected,,,,,,,,,,,,,,,,,,,,,,,,,,,,,,,,
2026-08-22 00:51:46,Night_001,Right Side,0.617555,0.454557,0.192197,0.982524,0.604723,0.442041,0.177561,0.980541,0.614876,0.461803,0.309778,0.988628,0.587279,0.440256,0.240653,0.986567,0.616373,0.512534,0.306147,0.997189,0.531673,0.455051,0.192158,0.996081,0.580597,0.605274,0.049022,0.99819,0.52228,0.577534,-0.049328,0.997055
2026-08-22 00:51:47,Night_001,No Person Detected,,,,,,,,,,,,,,,,,,,,,,,,,,,,,,,,
2026-08-22 00:51:47,Night_001,Right Side,0.616457,0.454473,0.151803,0.984632,0.597722,0.442929,0.136948,0.982725,0.613071,0.460493,0.251092,0.990263,0.584047,0.443359,0.182599,0.988348,0.605824,0.485716,0.234993,0.997572,0.514878,0.456811,0.156072,0.99669,0.563587,0.640931,0.035495,0.998453,0.509171,0.626266,-0.035733,0.997517
2026-08-22 00:51:48,Night_001,No Person Detected,,,,,,,,,,,,,,,,,,,,,,,,,,,,,,,,
2026-08-22 00:51:49,Night_001,Right Side,0.618592,0.444114,0.072269,0.98957,0.598585,0.433693,0.059516,0.988848,0.618374,0.458784,0.182731,0.993261,0.582082,0.435598,0.122617,0.993379,0.615369,0.497765,0.179925,0.998571,0.517494,0.463004,0.114259,0.997102,0.574829,0.637543,0.034243,0.99912,0.513223,0.620847,-0.034415,0.99852
2026-08-22 00:51:49,Night_001,No Person Detected,,,,,,,,,,,,,,,,,,,,,,,,,,,,,,,,
2026-08-22 00:51:50,Night_001,Right Side,0.61437,0.457257,0.386264,0.990543,0.603157,0.445473,0.364793,0.989757,0.607212,0.459915,0.505367,0.993846,0.58832,0.441085,0.404516,0.993754,0.581236,0.514815,0.470825,0.998069,0.537542,0.447065,0.292475,0.997319,0.547617,0.618143,0.074909,0.998994,0.514339,0.587571,-0.075329,0.998363
2026-08-22 00:51:50,Night_001,No Person Detected,,,,,,,,,,,,,,,,,,,,,,,,,,,,,,,,
2026-08-22 00:51:54,Night_001,Right Side,0.608886,0.452129,0.243589,0.982954,0.603626,0.450417,0.228016,0.982514,0.600073,0.452753,0.228187,0.988795,0.592824,0.450836,0.155824,0.982144,0.54652,0.446043,0.133184,0.998194,0.58518,0.460604,0.095835,0.997432,0.530787,0.6159,0.029053,0.999092,0.545686,0.614045,-0.029797,0.998522
2026-08-22 00:51:54,Night_001,No Person Detected,,,,,,,,,,,,,,,,,,,,,,,,,,,,,,,,
2026-08-22 00:51:55,Night_001,Right Side,0.618255,0.447368,0.145367,0.98343,0.598685,0.434674,0.13483,0.982817,0.61825,0.461328,0.255424,0.9893,0.58394,0.44092,0.207303,0.983244,0.616879,0.497185,0.234323,0.998207,0.52509,0.46361,0.175255,0.997534,0.572569,0.640254,0.023707,0.999141,0.515149,0.623947,-0.023951,0.998624
2026-08-22 00:51:55,Night_001,No Person Detected,,,,,,,,,,,,,,,,,,,,,,,,,,,,,,,,
2026-08-22 00:52:00,Night_001,Right Side,0.620173,0.451214,0.175862,0.983449,0.601559,0.442255,0.15837,0.98257,0.617159,0.459218,0.286371,0.989409,0.585779,0.441495,0.205347,0.983486,0.608462,0.482063,0.254187,0.998231,0.518999,0.458315,0.185265,0.997442,0.566607,0.632131,0.029062,0.999152,0.513521,0.622563,-0.029302,0.9986
2026-08-22 00:52:00,Night_001,No Person Detected,,,,,,,,,,,,,,,,,,,,,,,,,,,,,,,,
2026-08-22 00:52:00,Night_001,Right Side,0.618889,0.447099,0.159226,0.983436,0.598103,0.436999,0.146148,0.982125,0.616681,0.455509,0.265912,0.989318,0.584723,0.440201,0.205688,0.983501,0.61586,0.485738,0.244246,0.998162,0.521455,0.45753,0.173459,0.997342,0.576794,0.630655,0.025218,0.999186,0.515709,0.622102,-0.025393,0.998652
2026-08-22 00:52:00,Night_001,No Person Detected,,,,,,,,,,,,,,,,,,,,,,,,,,,,,,,,
2026-08-22 00:52:01,Night_001,Right Side,0.615011,0.451186,0.155205,0.98471,0.599188,0.442158,0.14241,0.983423,0.613748,0.460682,0.255765,0.990174,0.586671,0.444118,0.196038,0.984825,0.608737,0.494117,0.22916,0.998264,0.528278,0.459856,0.174326,0.997517,0.567204,0.640591,0.025006,0.999232,0.517121,0.626766,-0.02538,0.998743
2026-08-22 00:52:01,Night_001,No Person Detected,,,,,,,,,,,,,,,,,,,,,,,,,,,,,,,,
2026-08-22 00:52:02,Night_001,Right Side,0.621859,0.453205,0.192669,0.984817,0.603338,0.442204,0.175257,0.983539,0.616653,0.459301,0.305121,0.990418,0.584826,0.441531,0.224235,0.985579,0.609338,0.488694,0.273975,0.998302,0.520518,0.45826,0.191004,0.997586,0.570168,0.641222,0.023737,0.999259,0.511737,0.629294,-0.024,0.998799
2026-08-22 00:52:02,Night_001,No Person Detected,,,,,,,,,,,,,,,,,,,,,,,,,,,,,,,,
2026-08-22 00:52:02,Night_001,Right Side,0.615679,0.44735,0.177121,0.985049,0.598536,0.437393,0.161609,0.983512,0.614001,0.455664,0.280769,0.990513,0.585393,0.440223,0.208383,0.985619,0.605048,0.484213,0.261892,0.998267,0.51854,0.458938,0.164487,0.997616,0.569856,0.625261,0.046683,0.999262,0.52028,0.615633,-0.046904,0.998785
2026-08-22 00:52:02,Night_001,No Person Detected,,,,,,,,,,,,,,,,,,,,,,,,,,,,,,,,
2026-08-22 00:52:04,Night_001,Right Side,0.619141,0.452724,0.19114,0.985769,0.598181,0.439602,0.175966,0.984336,0.617934,0.463881,0.310068,0.990894,0.579823,0.439344,0.239094,0.986568,0.609737,0.50332,0.28356,0.997993,0.514371,0.460902,0.195815,0.99767,0.57004,0.631453,0.034889,0.999226,0.506522,0.610846,-0.035057,0.998796
2026-08-22 00:52:04,Night_001,No Person Detected,,,,,,,,,,,,,,,,,,,,,,,,,,,,,,,,
2026-08-22 00:52:05,Night_001,Right Side,0.618537,0.446723,0.182102,0.986988,0.59913,0.438173,0.16949,0.985664,0.61784,0.458153,0.291694,0.991674,0.581042,0.441348,0.233523,0.987766,0.612244,0.494569,0.265625,0.998147,0.523749,0.466475,0.201447,0.997837,0.575122,0.624045,0.029894,0.99924,0.521098,0.612198,-0.030122,0.998819
2026-08-22 00:52:05,Night_001,No Person Detected,,,,,,,,,,,,,,,,,,,,,,,,,,,,,,,,
2026-08-22 00:52:07,Night_001,Right Side,0.617828,0.446259,0.165345,0.986213,0.600095,0.436707,0.152581,0.9848,0.617013,0.456069,0.272559,0.990944,0.584573,0.439859,0.213019,0.986815,0.612963,0.485958,0.242652,0.997961,0.51871,0.457677,0.187054,0.997541,0.574935,0.62528,0.021819,0.999228,0.520597,0.614108,-0.022055,0.998767
2026-08-22 00:52:07,Night_001,No Person Detected,,,,,,,,,,,,,,,,,,,,,,,,,,,,,,,,
2026-08-22 00:52:07,Night_001,Right Side,0.615341,0.445957,0.173123,0.983265,0.594573,0.438234,0.162159,0.98124,0.61365,0.454461,0.271343,0.988909,0.580602,0.442463,0.221189,0.984275,0.613836,0.461475,0.229543,0.997985,0.531646,0.450008,0.187655,0.99714,0.57293,0.631092,0.010531,0.999267,0.529144,0.629208,-0.010945,0.998791
2026-08-22 00:52:07,Night_001,No Person Detected,,,,,,,,,,,,,,,,,,,,,,,,,,,,,,,,
2026-08-22 00:52:08,Night_001,Right Side,0.613474,0.445783,0.180265,0.979169,0.596609,0.439314,0.166363,0.977157,0.610662,0.452297,0.273126,0.986125,0.584228,0.443289,0.209406,0.98186,0.606297,0.467428,0.251467,0.997625,0.527447,0.44508,0.175655,0.996788,0.568807,0.628055,0.02965,0.999189,0.518321,0.618208,-0.029955,0.998646
2026-08-22 00:52:08,Night_001,No Person Detected,,,,,,,,,,,,,,,,,,,,,,,,,,,,,,,,
2026-08-22 00:52:11,Night_001,Right Side,0.617732,0.443644,0.236662,0.980885,0.602023,0.433497,0.222668,0.979053,0.615865,0.457916,0.355669,0.987034,0.583853,0.437852,0.289534,0.983398,0.614172,0.504827,0.332069,0.997427,0.526026,0.455822,0.233977,0.996994,0.5793,0.598014,0.039514,0.99863,0.514835,0.573422,-0.039725,0.99811
2026-08-22 00:52:11,Night_001,No Person Detected,,,,,,,,,,,,,,,,,,,,,,,,,,,,,,,,
2026-08-22 00:52:12,Night_001,Right Side,0.627184,0.42863,0.267463,0.982494,0.616511,0.421954,0.240844,0.980673,0.61669,0.431584,0.346217,0.988115,0.59874,0.421899,0.226615,0.98483,0.58762,0.475994,0.337115,0.997593,0.578224,0.447206,0.120999,0.997261,0.561293,0.635718,0.074684,0.998753,0.548487,0.618339,-0.075339,0.998269
2026-08-22 00:52:12,Night_001,No Person Detected,,,,,,,,,,,,,,,,,,,,,,,,,,,,,,,,
2026-08-22 00:52:12,Night_001,Right Side,0.617197,0.408772,0.134119,0.98366,0.601985,0.413215,0.131354,0.981835,0.618057,0.409535,0.198681,0.98887,0.593086,0.42007,0.186972,0.985791,0.64525,0.458023,0.156045,0.997787,0.589852,0.472222,0.193318,0.995741,0.640507,0.64942,-0.028426,0.998821,0.606371,0.655393,0.028123,0.998191
2026-08-22 00:52:13,Night_001,No Person Detected,,,,,,,,,,,,,,,,,,,,,,,,,,,,,,,,
2026-08-22 00:52:13,Night_001,Right Side,0.605843,0.420687,-0.082103,0.989103,0.604367,0.41929,-0.05687,0.98767,0.614031,0.405054,-0.124711,0.992563,0.608492,0.408674,-0.011097,0.990337,0.653717,0.417384,-0.154457,0.998593,0.653781,0.421306,0.056304,0.996253,0.717425,0.569074,-0.072196,0.999146,0.717188,0.567409,0.072284,0.998489
2026-08-22 00:52:13,Night_001,No Person Detected,,,,,,,,,,,,,,,,,,,,,,,,,,,,,,,,
2026-08-22 00:52:13,Night_001,Right Side,0.625867,0.376548,-0.303423,0.989845,0.629415,0.3843,-0.323595,0.98881,0.619944,0.388666,-0.254335,0.992847,0.626736,0.404305,-0.345107,0.99118,0.615256,0.423974,-0.172754,0.998275,0.650283,0.457349,-0.317267,0.996568,0.686256,0.485137,0.044626,0.998688,0.702399,0.502254,-0.044696,0.998515
2026-08-22 00:52:13,Night_001,No Person Detected,,,,,,,,,,,,,,,,,,,,,,,,,,,,,,,,
2026-08-22 00:52:14,Night_001,Right Side,0.60033,0.398178,-0.000953,0.990541,0.600405,0.398937,-0.016316,0.989525,0.60194,0.399141,0.022759,0.99328,0.601807,0.400233,-0.045081,0.991799,0.645053,0.441119,0.075423,0.998198,0.643234,0.441533,-0.094005,0.996711,0.708878,0.586589,0.05003,0.998446,0.714795,0.586071,-0.050262,0.998186
2026-08-22 00:52:15,Night_001,No Person Detected,,,,,,,,,,,,,,,,,,,,,,,,,,,,,,,,
2026-08-22 00:52:15,Night_001,Right Side,0.594365,0.40006,-0.001366,0.991278,0.595432,0.399961,-0.007938,0.98996,0.596369,0.398446,0.013058,0.993576,0.596553,0.39999,-0.01614,0.992335,0.642146,0.434751,0.035311,0.998082,0.64482,0.438592,-0.036043,0.996835,0.733213,0.563782,0.013947,0.99794,0.735039,0.565639,-0.014254,0.997474
2026-08-22 00:52:15,Night_001,No Person Detected,,,,,,,,,,,,,,,,,,,,,,,,,,,,,,,,
2026-08-22 01:25:35,Night_001,Right Side,0.515309,0.437607,0.169678,0.992231,0.505892,0.433167,0.164817,0.991066,0.51753,0.436742,0.238223,0.993946,0.500679,0.429444,0.216606,0.993368,0.516988,0.457317,0.216106,0.998237,0.467005,0.442601,0.206836,0.997136,0.472085,0.556844,-0.021301,0.998086,0.445483,0.544573,0.021187,0.99753
2026-08-22 01:25:36,Night_001,No Person Detected,,,,,,,,,,,,,,,,,,,,,,,,,,,,,,,,
2026-08-22 01:25:36,Night_001,Right Side,0.515989,0.443078,0.244471,0.975402,0.514902,0.440501,0.227158,0.965616,0.503853,0.435862,0.259437,0.98325,0.507267,0.432531,0.178344,0.96626,0.44678,0.445161,0.224097,0.996842,0.485994,0.428508,0.110649,0.997318,0.428634,0.553415,0.05639,0.99839,0.457934,0.533733,-0.056682,0.997811
2026-08-22 01:25:37,Night_001,No Person Detected,,,,,,,,,,,,,,,,,,,,,,,,,,,,,,,,
2026-08-22 01:26:16,Night_001,Right Side,0.547561,0.412606,0.333279,0.975401,0.526111,0.411718,0.328844,0.964732,0.55666,0.42035,0.4263,0.982515,0.518338,0.420628,0.410799,0.967261,0.585947,0.460486,0.389277,0.997085,0.491614,0.46442,0.343615,0.998187,0.570042,0.554021,0.013279,0.998722,0.501937,0.556041,-0.01347,0.998195
2026-08-22 01:26:16,Night_001,No Person Detected,,,,,,,,,,,,,,,,,,,,,,,,,,,,,,,,
2026-08-22 01:26:16,Night_001,Right Side,0.516698,0.376406,0.010059,0.977649,0.491851,0.375317,0.012227,0.967953,0.539768,0.387545,0.120173,0.984039,0.496295,0.385795,0.12896,0.970252,0.574607,0.475529,0.119386,0.997321,0.440568,0.464632,0.14444,0.997989,0.53988,0.675456,0.000107,0.998834,0.453829,0.662199,-0.000196,0.998317
2026-08-22 01:26:17,Night_001,No Person Detected,,,,,,,,,,,,,,,,,,,,,,,,,,,,,,,,
2026-08-22 01:53:36,Night_001,Right Side,0.552135,0.414712,0.116757,0.97772,0.558361,0.411328,0.116018,0.952138,0.549548,0.413823,0.081337,0.986043,0.561692,0.407595,0.079551,0.95969,0.542352,0.419254,0.042029,0.998327,0.572669,0.402882,0.037182,0.996606,0.55427,0.46519,0.01283,0.999162,0.580134,0.459383,-0.013006,0.99813
2026-08-22 01:53:36,Night_001,No Person Detected,,,,,,,,,,,,,,,,,,,,,,,,,,,,,,,,
2026-08-22 01:58:41,Night_001,Right Side,0.59272,0.40503,0.276729,0.979261,0.578235,0.406611,0.277702,0.956046,0.60205,0.422861,0.324899,0.986457,0.570517,0.426789,0.330641,0.962377,0.632843,0.463098,0.276552,0.998479,0.543996,0.476953,0.30088,0.996872,0.631687,0.58187,0.004944,0.999221,0.563618,0.589713,-0.005233,0.99829
2026-08-22 01:58:44,Night_001,No Person Detected,,,,,,,,,,,,,,,,,,,,,,,,,,,,,,,,
2026-08-22 01:58:51,Night_001,Right Side,0.474603,0.532031,0.315527,0.987805,0.478976,0.532846,0.325869,0.983347,0.471518,0.527106,0.311857,0.986185,0.478943,0.527695,0.359318,0.979115,0.474252,0.501195,0.210862,0.999479,0.495389,0.506695,0.319152,0.997785,0.557363,0.472554,-0.039815,0.998024,0.572954,0.46805,0.039713,0.999025
2026-08-22 01:58:51,Night_001,No Person Detected,,,,,,,,,,,,,,,,,,,,,,,,,,,,,,,,
2026-08-22 01:58:51,Night_001,Right Side,0.480488,0.518038,0.286262,0.988891,0.482925,0.518142,0.303832,0.983799,0.475978,0.506608,0.265978,0.987855,0.482639,0.50865,0.348156,0.981344,0.487545,0.487967,0.1708,0.999572,0.507935,0.481475,0.32722,0.998179,0.567007,0.471354,-0.044911,0.998398,0.584035,0.464467,0.044844,0.999209
2026-08-22 01:58:51,Night_001,No Person Detected,,,,,,,,,,,,,,,,,,,,,,,,,,,,,,,,
2026-08-22 02:45:20,Night_001,Right Side,0.587245,0.409209,0.205645,0.989988,0.572566,0.407602,0.188138,0.985404,0.585847,0.41727,0.321963,0.98906,0.556249,0.420775,0.241317,0.983203,0.601226,0.461925,0.330442,0.999602,0.525361,0.463766,0.200816,0.998339,0.604189,0.582013,0.053058,0.998539,0.547047,0.58264,-0.053408,0.999249
2026-08-22 02:45:20,Night_001,No Person Detected,,,,,,,,,,,,,,,,,,,,,,,,,,,,,,,,
2026-08-22 02:45:20,Night_001,Right Side,0.576427,0.397255,0.187088,0.991462,0.555717,0.403903,0.185302,0.987474,0.591782,0.405592,0.299069,0.990815,0.54837,0.422813,0.287454,0.985451,0.622785,0.44575,0.248724,0.999579,0.521219,0.483817,0.277553,0.996911,0.633394,0.610932,0.00124,0.998704,0.559789,0.629965,-0.001529,0.999133
2026-08-22 02:45:22,Night_001,No Person Detected,,,,,,,,,,,,,,,,,,,,,,,,,,,,,,,,
2026-08-22 02:45:51,Night_001,Right Side,0.623837,0.418443,0.299207,0.996722,0.605266,0.413885,0.302073,0.995322,0.636259,0.428377,0.40495,0.996146,0.601484,0.419425,0.41649,0.994385,0.654693,0.475962,0.377727,0.999309,0.562893,0.468226,0.432868,0.997381,0.627905,0.584166,-0.027667,0.995989,0.568537,0.579658,0.027867,0.996497
2026-08-22 02:45:53,Night_001,No Person Detected,,,,,,,,,,,,,,,,,,,,,,,,,,,,,,,,
2026-08-22 02:45:55,Night_001,Right Side,0.594923,0.407397,0.16939,0.998476,0.577527,0.407068,0.162436,0.997847,0.605268,0.413142,0.28092,0.998511,0.571899,0.417082,0.245747,0.997733,0.62296,0.446402,0.250639,0.999701,0.513281,0.46876,0.247782,0.997337,0.615722,0.599832,0.015572,0.998344,0.545354,0.611329,-0.015661,0.997997
2026-08-22 02:45:55,Night_001,No Person Detected,,,,,,,,,,,,,,,,,,,,,,,,,,,,,,,,
2026-08-22 02:45:55,Night_001,Right Side,0.591796,0.396405,0.117399,0.998598,0.570175,0.396619,0.11445,0.998021,0.604832,0.403296,0.236516,0.998638,0.562297,0.407189,0.217657,0.997916,0.640339,0.457493,0.189185,0.999725,0.514494,0.470235,0.257183,0.997444,0.635577,0.603234,-0.017579,0.998464,0.559448,0.609932,0.017375,0.99807
2026-08-22 02:45:59,Night_001,No Person Detected,,,,,,,,,,,,,,,,,,,,,,,,,,,,,,,,
2026-08-22 02:45:59,Night_001,Right Side,0.634847,0.420322,-0.6165,0.999708,0.607778,0.416056,-0.630624,0.999689,0.639425,0.408315,-0.466142,0.999382,0.580009,0.397411,-0.534684,0.999743,0.655698,0.423858,-0.262813,0.999856,0.521914,0.417344,-0.341447,0.999663,0.620629,0.596811,0.023816,0.998849,0.539131,0.601345,-0.023656,0.998114
2026-08-22 02:45:59,Night_001,No Person Detected,,,,,,,,,,,,,,,,,,,,,,,,,,,,,,,,
2026-08-22 02:45:59,Night_001,Right Side,0.643074,0.422991,-0.794549,0.99966,0.616221,0.419804,-0.813771,0.999654,0.646701,0.406889,-0.660101,0.999325,0.585905,0.394048,-0.747946,0.999735,0.660579,0.434741,-0.448662,0.999847,0.521537,0.430294,-0.536868,0.99938,0.598127,0.596995,0.008904,0.998795,0.521587,0.592816,-0.008591,0.997836
2026-08-22 02:45:59,Night_001,No Person Detected,,,,,,,,,,,,,,,,,,,,,,,,,,,,,,,,
2026-08-22 02:45:59,Night_001,Right Side,0.628657,0.423127,-0.304658,0.999683,0.591526,0.413887,-0.311707,0.999666,0.64193,0.408174,-0.215063,0.999383,0.575709,0.397567,-0.249691,0.999751,0.684295,0.463802,-0.121709,0.999847,0.53647,0.431015,-0.149047,0.999379,0.627782,0.636814,0.012754,0.998876,0.543373,0.619702,-0.01268,0.998017
2026-08-22 02:46:00,Night_001,Left Side,0.602913,0.417126,-0.728713,0.994847,0.575289,0.409018,-0.732124,0.995687,0.622013,0.408013,-0.649036,0.993291,0.564721,0.397637,-0.66587,0.997543,0.674626,0.447341,-0.455422,0.999467,0.526466,0.450605,-0.486084,0.998901,0.637998,0.610091,-0.00367,0.998444,0.551169,0.614528,0.003651,0.997602
2026-08-22 02:46:04,Night_001,No Person Detected,,,,,,,,,,,,,,,,,,,,,,,,,,,,,,,,
2026-08-22 02:46:05,Night_001,Right Side,0.499449,0.336272,0.159831,0.996937,0.490322,0.338376,0.178775,0.996899,0.52163,0.344995,0.174561,0.99636,0.507764,0.347821,0.259619,0.997391,0.551764,0.422133,0.081059,0.999039,0.536527,0.427928,0.276455,0.998074,0.578358,0.639419,-0.068756,0.99868,0.564567,0.645212,0.068188,0.998356
2026-08-22 02:46:05,Night_001,Left Side,0.509421,0.343269,0.190517,0.996726,0.496187,0.344515,0.205897,0.996727,0.536225,0.349638,0.253883,0.995917,0.51108,0.350059,0.322823,0.99731,0.58083,0.410386,0.211013,0.998922,0.496484,0.440871,0.326257,0.997953,0.589069,0.616546,-0.051702,0.998736,0.554652,0.639171,0.05112,0.99832
2026-08-22 02:46:06,Night_001,Right Side,0.538019,0.355303,0.196653,0.996627,0.521529,0.357078,0.202361,0.996586,0.56103,0.354166,0.305681,0.99569,0.526678,0.359779,0.337985,0.997153,0.611569,0.399699,0.260746,0.99894,0.497743,0.440176,0.336077,0.997737,0.604665,0.593914,-0.043471,0.9988,0.548782,0.616897,0.042566,0.998306
2026-08-22 02:46:06,Night_001,No Person Detected,,,,,,,,,,,,,,,,,,,,,,,,,,,,,,,,
2026-08-22 02:46:06,Night_001,Left Side,0.539729,0.384729,0.24734,0.995953,0.512615,0.387341,0.243969,0.995925,0.551887,0.384258,0.318942,0.99506,0.506636,0.38768,0.307572,0.996993,0.596442,0.411832,0.281095,0.999035,0.46382,0.42689,0.271139,0.997929,0.563437,0.574763,0.005668,0.998914,0.503418,0.602222,-0.006069,0.998458
2026-08-22 02:46:06,Night_001,No Person Detected,,,,,,,,,,,,,,,,,,,,,,,,,,,,,,,,
2026-08-22 04:25:06,Night_001,Left Side,0.464848,0.456616,0.143925,0.99631,0.456139,0.444309,0.137102,0.996305,0.466522,0.468285,0.225064,0.995484,0.44113,0.451261,0.190489,0.997277,0.477195,0.516516,0.20947,0.998821,0.403976,0.50837,0.177104,0.997941,0.444578,0.660826,0.009866,0.998958,0.398221,0.644649,-0.009944,0.998476
2026-08-22 04:25:06,Night_001,No Person Detected,,,,,,,,,,,,,,,,,,,,,,,,,,,,,,,,
2026-08-22 04:25:08,Night_001,Left Side,0.477028,0.446682,0.257466,0.997305,0.472991,0.444535,0.23633,0.997382,0.467846,0.450519,0.320784,0.99678,0.455469,0.446316,0.223365,0.998154,0.451431,0.495492,0.307122,0.998552,0.435567,0.476378,0.157837,0.998334,0.438279,0.652802,0.023025,0.999155,0.427187,0.64089,-0.023084,0.99886
2026-08-22 04:25:08,Night_001,No Person Detected,,,,,,,,,,,,,,,,,,,,,,,,,,,,,,,,
2026-08-22 04:25:21,Night_001,Left Side,0.534984,0.397806,-0.17654,0.997571,0.511072,0.402328,-0.180576,0.997637,0.548099,0.401778,-0.068917,0.997098,0.500294,0.415973,-0.090107,0.998335,0.577959,0.442032,-0.024934,0.998679,0.485665,0.475558,-0.001702,0.99847,0.594226,0.57274,-0.005668,0.999111,0.53781,0.598522,0.00568,0.998773
2026-08-22 04:25:22,Night_001,Right Side,0.594882,0.33574,-0.503786,0.998881,0.567826,0.334265,-0.513577,0.998914,0.599155,0.333736,-0.337765,0.998667,0.54606,0.32886,-0.385671,0.999259,0.627271,0.376108,-0.168127,0.999392,0.501347,0.393814,-0.214902,0.99933,0.60722,0.553738,0.016554,0.997742,0.541808,0.571389,-0.016305,0.997123
2026-08-22 04:25:23,Night_001,Left Side,0.654606,0.394074,-0.234913,0.998618,0.641682,0.395736,-0.264923,0.998554,0.643762,0.384661,-0.126829,0.998699,0.612195,0.380502,-0.267156,0.999357,0.652809,0.419457,-0.022982,0.999581,0.526596,0.414002,-0.207983,0.999609,0.621989,0.61842,0.059304,0.997702,0.542938,0.63928,-0.059209,0.997094
2026-08-22 04:25:24,Night_001,No Person Detected,,,,,,,,,,,,,,,,,,,,,,,,,,,,,,,,
2026-08-22 04:25:26,Night_001,Left Side,0.521428,0.372156,-0.148815,0.994785,0.495292,0.379893,-0.135119,0.996062,0.539749,0.365209,-0.080946,0.995526,0.495478,0.375528,-0.013912,0.998459,0.606493,0.418721,-0.068787,0.998911,0.473696,0.448147,0.034676,0.999503,0.588579,0.650557,-0.035089,0.997422,0.51546,0.643417,0.03464,0.996987
2026-08-22 04:25:27,Night_001,Right Side,0.543195,0.343901,0.083061,0.995142,0.517448,0.351237,0.083292,0.995096,0.555623,0.348097,0.182317,0.995296,0.51055,0.360517,0.18725,0.996363,0.601817,0.402775,0.151757,0.998889,0.479564,0.442174,0.210984,0.996747,0.607845,0.585955,-0.022206,0.998939,0.532749,0.602498,0.021919,0.998569
2026-08-22 04:25:29,Night_001,Left Side,0.495545,0.405141,-0.350995,0.98752,0.515643,0.396912,-0.345977,0.985315,0.487099,0.422318,-0.350458,0.990763,0.529398,0.396133,-0.327544,0.991969,0.446047,0.483834,-0.260404,0.999551,0.608387,0.44705,-0.240262,0.998914,0.53202,0.629416,-0.01239,0.999357,0.607534,0.627305,0.012145,0.999016
2026-08-22 04:25:29,Night_001,Right Side,0.517251,0.483836,-0.513891,0.976849,0.50766,0.481182,-0.50579,0.969926,0.519721,0.467592,-0.577929,0.985892,0.50599,0.465278,-0.542759,0.986061,0.519643,0.467335,-0.501167,0.99938,0.506549,0.487357,-0.399258,0.998749,0.55698,0.616923,-0.019294,0.999237,0.545291,0.641727,0.019806,0.998903
2026-08-22 04:25:29,Night_001,No Person Detected,,,,,,,,,,,,,,,,,,,,,,,,,,,,,,,,
2026-08-22 04:52:49,Night_001,Left Side,0.492581,0.662881,0.234421,0.97677,0.501584,0.664174,0.230736,0.971172,0.491276,0.650736,0.291583,0.983845,0.509871,0.655409,0.277809,0.985865,0.482277,0.62452,0.234767,0.999211,0.526617,0.62738,0.273829,0.998806,0.568643,0.49782,-0.028323,0.999312,0.591036,0.501632,0.027796,0.999012
2026-08-22 04:52:50,Night_001,No Person Detected,,,,,,,,,,,,,,,,,,,,,,,,,,,,,,,,
2026-08-22 05:02:38,Night_001,Left Side,0.463789,0.743033,-0.10977,0.871059,0.464806,0.744235,-0.118824,0.88047,0.46571,0.753136,-0.089029,0.85636,0.46828,0.755062,-0.130683,0.886795,0.476546,0.778278,-0.050088,0.989956,0.490364,0.774702,-0.11896,0.991672,0.523291,0.864823,0.01937,0.995898,0.528998,0.862917,-0.019381,0.996727
2026-08-22 05:02:39,Night_001,No Person Detected,,,,,,,,,,,,,,,,,,,,,,,,,,,,,,,,
2026-08-22 05:22:57,Night_001,Left Side,0.472294,0.458784,0.168412,0.883868,0.470874,0.480366,0.179285,0.892254,0.478534,0.443009,0.229858,0.870577,0.475921,0.485124,0.281917,0.898026,0.53132,0.426674,0.154331,0.990837,0.512951,0.515318,0.286545,0.991735,0.609594,0.557404,-0.062705,0.996258,0.607516,0.611095,0.062162,0.996919
2026-08-22 05:22:59,Night_001,Right Side,0.473163,0.460308,0.228298,0.97985,0.466079,0.479152,0.244078,0.980561,0.486053,0.444831,0.284033,0.977403,0.472627,0.484109,0.361059,0.981711,0.539691,0.434698,0.210927,0.997701,0.495169,0.506655,0.345937,0.993131,0.609523,0.575293,-0.053644,0.998871,0.589306,0.627173,0.053099,0.999013
2026-08-22 05:23:03,Night_001,No Person Detected,,,,,,,,,,,,,,,,,,,,,,,,,,,,,,,,
2026-08-22 05:29:23,Night_001,Right Side,0.473861,0.462494,0.170273,0.998295,0.470366,0.477805,0.184233,0.997615,0.483406,0.448469,0.217112,0.997848,0.477779,0.480275,0.281199,0.997924,0.530402,0.437123,0.148706,0.99854,0.508774,0.509153,0.285681,0.99166,0.597205,0.5698,-0.059274,0.998865,0.597376,0.611592,0.058675,0.999013
2026-08-22 05:29:27,Night_001,No Person Detected,,,,,,,,,,,,,,,,,,,,,,,,,,,,,,,,
2026-08-22 05:31:24,Night_001,Right Side,0.475778,0.458873,0.188002,0.999106,0.472436,0.479132,0.198791,0.998565,0.485653,0.443116,0.251152,0.99877,0.477897,0.487311,0.30113,0.998839,0.534951,0.433843,0.168072,0.998942,0.508823,0.516431,0.300016,0.990722,0.610095,0.557127,-0.057688,0.998603,0.605154,0.607021,0.057041,0.998689
2026-08-22 05:31:26,Night_001,No Person Detected,,,,,,,,,,,,,,,,,,,,,,,,,,,,,,,,
2026-08-22 05:35:43,Night_001,Right Side,0.475478,0.458921,0.174974,0.998966,0.473576,0.480169,0.186379,0.998256,0.484533,0.447382,0.237156,0.998593,0.47694,0.482852,0.290877,0.998592,0.531945,0.440593,0.150082,0.999038,0.511903,0.510441,0.30377,0.992579,0.621579,0.564373,-0.068843,0.999061,0.621203,0.608654,0.068154,0.999018
2026-08-22 05:35:45,Night_001,No Person Detected,,,,,,,,,,,,,,,,,,,,,,,,,,,,,,,,
2026-08-22 05:38:35,Night_001,Right Side,0.475072,0.463703,0.146598,0.999046,0.473329,0.484684,0.160279,0.998473,0.48339,0.445462,0.197236,0.998702,0.47951,0.486268,0.262339,0.998662,0.541863,0.425639,0.125979,0.999002,0.52205,0.516959,0.272317,0.991382,0.617466,0.556384,-0.062567,0.999007,0.615421,0.607981,0.062101,0.998883
2026-08-22 05:38:37,Night_001,No Person Detected,,,,,,,,,,,,,,,,,,,,,,,,,,,,,,,,
2026-08-22 05:39:20,Night_001,Right Side,0.473061,0.455926,0.269646,0.998967,0.470244,0.481413,0.277955,0.998265,0.483076,0.442941,0.341288,0.998658,0.47588,0.48941,0.380969,0.998539,0.540937,0.422675,0.256556,0.998784,0.498773,0.526814,0.370955,0.992773,0.613491,0.545011,-0.05183,0.999061,0.592549,0.616288,0.051379,0.998881
2026-08-22 05:39:22,Night_001,No Person Detected,,,,,,,,,,,,,,,,,,,,,,,,,,,,,,,,
2026-08-22 05:44:49,Night_001,Right Side,0.473176,0.464235,0.136097,0.999188,0.472267,0.486311,0.151934,0.998634,0.481806,0.446126,0.178062,0.998979,0.478089,0.48525,0.252589,0.998803,0.533074,0.434974,0.098206,0.999245,0.525242,0.513352,0.27448,0.993956,0.611233,0.562028,-0.073159,0.999354,0.616237,0.604523,0.072645,0.999287
2026-08-22 05:44:51,Night_001,No Person Detected,,,,,,,,,,,,,,,,,,,,,,,,,,,,,,,,
